L_m,bin_left_deg,bin_right_deg,bin_center_deg,area_weight,area_fraction,cumulative_fraction
18.0,0.0,0.5,0.25,0.8091372536100017,0.0009796619415284153,0.0009796619415284153
18.0,0.5,1.0,0.75,2.4011559888300056,0.0029071966807050352,0.0038868586222334505
18.0,1.0,1.5,1.25,3.9381032422800013,0.004768053690592902,0.008654912312826352
18.0,1.5,2.0,1.75,5.487587626859926,0.0066440900166834845,0.015299002329509837
18.0,2.0,2.5,2.25,7.0729767796497836,0.008563597997030173,0.023862600326540008
18.0,2.5,3.0,2.75,8.799950182949546,0.010654528935750788,0.034517129262290794
18.0,3.0,3.5,3.25,10.501652405699254,0.012714862823486632,0.04723199208577743
18.0,3.5,4.0,3.75,12.019958061029005,0.014553149541219253,0.06178514162699668
18.0,4.0,4.5,4.25,13.500521044108734,0.01634573936462404,0.07813088099162072
18.0,4.5,5.0,4.75,14.82899746787848,0.017954190572102728,0.09608507156372345
18.0,5.0,5.5,5.25,16.023766372738265,0.019400755564371486,0.11548582712809494
18.0,5.5,6.0,5.75,17.250042203998085,0.02088546752929654,0.13637129465739148
18.0,6.0,6.5,6.25,18.34457969924794,0.022210677464802677,0.15858197212219416
18.0,6.5,7.0,6.75,19.444827824907808,0.02354280153910277,0.18212477366129692
18.0,7.0,7.5,7.25,20.3146815512676,0.024595975875853923,0.20672074953715086
18.0,7.5,8.0,7.75,21.049514970117414,0.025485674540201113,0.23220642407735198
18.0,8.0,8.5,8.25,21.588545969277273,0.02613830566406168,0.25834472974141365
18.0,8.5,9.0,8.75,22.205753529567094,0.02688558896382553,0.2852303187052392
18.0,9.0,9.5,9.25,22.703169130106975,0.027487834294635992,0.31271815299987515
18.0,9.5,10.0,9.75,23.10580139372693,0.02797532081603898,0.34069347381591414
18.0,10.0,10.5,10.25,23.26438625660688,0.028167327245075393,0.3688608010609895
18.0,10.5,11.0,10.75,23.239574552066923,0.028137286504108645,0.39699808756509813
18.0,11.0,11.5,11.25,23.14853266265702,0.028027057647704127,0.42502514521280227
18.0,11.5,12.0,11.75,23.076263650227048,0.027939558029173882,0.45296470324197613
18.0,12.0,12.5,12.25,22.778457556317132,0.02757898966471269,0.4805436929066888
18.0,12.5,13.0,12.75,22.927721620137167,0.02775971094767173,0.5083034038543606
18.0,13.0,13.5,13.25,22.509270253887202,0.027253071467080905,0.5355564753214415
18.0,13.5,14.0,13.75,21.849331424667383,0.026454051335652012,0.5620105266570935
18.0,14.0,14.5,14.25,21.17613343058756,0.025638977686563605,0.5876495043436571
18.0,14.5,15.0,14.75,20.413797090567673,0.02471597989400181,0.6123654842376589
18.0,15.0,15.5,15.25,19.64981976479776,0.02379099527994746,0.6361564795176063
18.0,15.5,16.0,15.75,18.85577958008786,0.02282961209615029,0.6589860916137567
18.0,16.0,16.5,16.25,18.00942476966796,0.0218048890431718,0.6807909806569284
18.0,16.5,17.0,16.75,17.19076979870808,0.020813703536986954,0.7016046841939154
18.0,17.0,17.5,17.25,16.01234511191832,0.01938692728678366,0.7209916114806991
18.0,17.5,18.0,17.75,15.117088926148494,0.018302996953328366,0.7392946084340275
18.0,18.0,18.5,18.25,14.062132007188692,0.017025709152221714,0.7563203175862492
18.0,18.5,19.0,18.75,13.170289071778859,0.015945911407470835,0.77226622899372
18.0,19.0,19.5,19.25,12.465649790728996,0.01509277025858583,0.7873589992523058
18.0,19.5,20.0,19.75,11.711124542879126,0.014179229736328413,0.8015382289886342
18.0,20.0,20.5,20.25,10.944652918769261,0.013251225153605507,0.8147894541422398
18.0,20.5,21.0,20.75,10.248612403049371,0.012408494949341237,0.8271979490915811
18.0,21.0,21.5,21.25,9.509971897259483,0.011514186859131326,0.8387121359507124
18.0,21.5,22.0,21.75,8.92282719590958,0.010803302129110218,0.8495154380798225
18.0,22.0,22.5,22.25,8.447400804419637,0.010227680206299359,0.8597431182861219
18.0,22.5,23.0,22.75,7.997836348349696,0.009683370590210513,0.8694264888763324
18.0,23.0,23.5,23.25,7.56245000915974,0.00915622711181696,0.8785827159881494
18.0,23.5,24.0,23.75,7.04199496868979,0.008526086807251532,0.8871088027954009
18.0,24.0,24.5,24.25,6.635818175849824,0.008034308751424704,0.8951431115468257
18.0,24.5,25.0,24.75,6.293836745549851,0.007620255152384983,0.9027633666992106
18.0,25.0,25.5,25.25,6.027012462599872,0.007297197977702361,0.910060564676913
18.0,25.5,26.0,25.75,5.630550305399891,0.006817181905111192,0.9168777465820241
18.0,26.0,26.5,26.25,5.271962099309914,0.006383021672567234,0.9232607682545914
18.0,26.5,27.0,26.75,4.932081130769928,0.005971511205037915,0.9292322794596293
18.0,27.0,27.5,27.25,4.613204779829953,0.005585432052612778,0.934817711512242
18.0,27.5,28.0,27.75,4.287698846459966,0.005191326141357874,0.9400090376535999
18.0,28.0,28.5,28.25,3.936396617099965,0.004765987396240645,0.9447750250498406
18.0,28.5,29.0,28.75,3.664255540319969,0.004436492919922258,0.9492115179697628
18.0,29.0,29.5,29.25,3.4601169130199656,0.004189332326253611,0.9534008502960164
18.0,29.5,30.0,29.75,3.3012694924199697,0.003997008005778338,0.9573978583017947
18.0,30.0,30.5,30.25,3.1259465748899697,0.0037847359975182264,0.961182594299313
18.0,30.5,31.0,30.75,2.9678211880199674,0.0035932858784996505,0.9647758801778126
18.0,31.0,31.5,31.25,2.6857685573099843,0.0032517910003665006,0.9680276711781791
18.0,31.5,32.0,31.75,2.4573433409099876,0.002975225448608666,0.9710028966267877
18.0,32.0,32.5,32.25,2.348907002549982,0.0028439362843833862,0.9738468329111711
18.0,32.5,33.0,32.75,2.381398520399974,0.0028832753499351384,0.9767301082611063
18.0,33.0,33.5,33.25,2.295542145959965,0.0027793248494468363,0.9795094331105532
18.0,33.5,34.0,33.75,2.19833015012997,0.00266162554423036,0.9821710586547835
18.0,34.0,34.5,34.25,2.0597653133999683,0.002493858337402542,0.9846649169921861
18.0,34.5,35.0,34.75,1.854445176359974,0.0022452672322592964,0.9869101842244453
18.0,35.0,35.5,35.25,1.631074196069985,0.0019748210906984118,0.9888850053151438
18.0,35.5,36.0,35.75,1.4556199996799932,0.0017623901367189092,0.9906473954518626
18.0,36.0,36.5,36.25,1.1835445623299994,0.0014329751332602264,0.9920803705851229
18.0,36.5,37.0,36.75,0.9867575511899996,0.0011947154998780427,0.9932750860850009
18.0,37.0,37.5,37.25,0.8479301567400002,0.0010266304016114257,0.9943017164866124
18.0,37.5,38.0,37.75,0.7167169361700013,0.000867764155070071,0.9951694806416824
18.0,38.0,38.5,38.25,0.6359147978400012,0.0007699330647787204,0.9959394137064611
18.0,38.5,39.0,38.75,0.5213083530600012,0.0006311734517415979,0.9965705871582027
18.0,39.0,39.5,39.25,0.45737554824000065,0.0005537668863932826,0.997124354044596
18.0,39.5,40.0,39.75,0.4034199367800007,0.0004884401957194483,0.9976127942403155
18.0,40.0,40.5,40.25,0.33206987637000074,0.00040205319722497396,0.9980148474375404
18.0,40.5,41.0,40.75,0.27397898082000044,0.000331719716390006,0.9983465671539304
18.0,41.0,41.5,41.25,0.22619347578000035,0.0002738634745280212,0.9986204306284585
18.0,41.5,42.0,41.75,0.18982923156000028,0.00022983551025392842,0.9988502661387124
18.0,42.0,42.5,42.25,0.1634421807000003,0.00019788742065431604,0.9990481535593667
18.0,42.5,43.0,42.75,0.1359392595300002,0.0001645882924397945,0.9992127418518065
18.0,43.0,43.5,43.25,0.11611615167000022,0.00014058748881023498,0.9993533293406167
18.0,43.5,44.0,43.75,0.08867886993000015,0.00010736783345541402,0.9994606971740722
18.0,44.0,44.5,44.25,0.06623018487000008,8.018811543783324e-05,0.99954088528951
18.0,44.5,45.0,44.75,0.06150414591000005,7.446606953939516e-05,0.9996153513590494
18.0,45.0,45.5,45.25,0.05054236110000005,6.119410196940691e-05,0.9996765454610188
18.0,45.5,46.0,45.75,0.041681038050000035,5.0465265909835565e-05,0.9997270107269286
18.0,46.0,46.5,46.25,0.028290594330000012,3.425280253092774e-05,0.9997612635294595
18.0,46.5,47.0,46.75,0.023039439930000006,2.789497375488547e-05,0.9997891585032144
18.0,47.0,47.5,47.25,0.02002002615000001,2.4239222208661166e-05,0.999813397725423
18.0,47.5,48.0,47.75,0.019757468430000015,2.392133076985906e-05,0.9998373190561929
18.0,48.0,48.5,48.25,0.022973800500000016,2.7815500895184952e-05,0.999865134557088
18.0,48.5,49.0,48.75,0.020676420450000014,2.5033950805666455e-05,0.9998901685078937
18.0,49.0,49.5,49.25,0.018050843250000014,2.185503641764532e-05,0.9999120235443113
18.0,49.5,50.0,49.75,0.014440674600000012,1.748402913411626e-05,0.9999295075734455
18.0,50.0,50.5,50.25,0.01384991973000001,1.67687733968115e-05,0.9999462763468423
18.0,50.5,51.0,50.75,0.010502308800000006,1.2715657552084547e-05,0.9999589920043944
18.0,51.0,51.5,51.25,0.010567948230000006,1.2795130411785077e-05,0.9999717871348062
18.0,51.5,52.0,51.75,0.007811092169999997,9.457270304362873e-06,0.9999812444051105
18.0,52.0,52.5,52.25,0.005054236109999999,6.119410196940684e-06,0.9999873638153074
18.0,52.5,53.0,52.75,0.0024942983399999993,3.0199686686200774e-06,0.999990383783976
18.0,53.0,53.5,53.25,0.0021004617599999996,2.5431315104169075e-06,0.9999929269154864
18.0,53.5,54.0,53.75,0.0032163320699999986,3.894170125325889e-06,0.9999968210856117
18.0,54.0,54.5,54.25,0.0018379040399999996,2.225240071614794e-06,0.9999990463256834
18.0,54.5,55.0,54.75,0.00032819715,3.9736429850264193e-07,0.9999994436899818
18.0,55.0,55.5,55.25,0.00019691829,2.3841857910158516e-07,0.9999996821085609
18.0,55.5,56.0,55.75,0.0,0.0,0.9999996821085609
18.0,56.0,56.5,56.25,0.0,0.0,0.9999996821085609
18.0,56.5,57.0,56.75,0.00013127886,1.5894571940105677e-07,0.9999998410542803
18.0,57.0,57.5,57.25,0.00013127886,1.5894571940105677e-07,0.9999999999999997
18.0,57.5,58.0,57.75,0.0,0.0,0.9999999999999997
18.0,58.0,58.5,58.25,0.0,0.0,0.9999999999999997
18.0,58.5,59.0,58.75,0.0,0.0,0.9999999999999997
18.0,59.0,59.5,59.25,0.0,0.0,0.9999999999999997
18.0,59.5,60.0,59.75,0.0,0.0,0.9999999999999997
18.0,60.0,60.5,60.25,0.0,0.0,0.9999999999999997
18.0,60.5,61.0,60.75,0.0,0.0,0.9999999999999997
18.0,61.0,61.5,61.25,0.0,0.0,0.9999999999999997
18.0,61.5,62.0,61.75,0.0,0.0,0.9999999999999997
18.0,62.0,62.5,62.25,0.0,0.0,0.9999999999999997
18.0,62.5,63.0,62.75,0.0,0.0,0.9999999999999997
18.0,63.0,63.5,63.25,0.0,0.0,0.9999999999999997
18.0,63.5,64.0,63.75,0.0,0.0,0.9999999999999997
18.0,64.0,64.5,64.25,0.0,0.0,0.9999999999999997
18.0,64.5,65.0,64.75,0.0,0.0,0.9999999999999997
18.0,65.0,65.5,65.25,0.0,0.0,0.9999999999999997
18.0,65.5,66.0,65.75,0.0,0.0,0.9999999999999997
18.0,66.0,66.5,66.25,0.0,0.0,0.9999999999999997
18.0,66.5,67.0,66.75,0.0,0.0,0.9999999999999997
18.0,67.0,67.5,67.25,0.0,0.0,0.9999999999999997
18.0,67.5,68.0,67.75,0.0,0.0,0.9999999999999997
18.0,68.0,68.5,68.25,0.0,0.0,0.9999999999999997
18.0,68.5,69.0,68.75,0.0,0.0,0.9999999999999997
18.0,69.0,69.5,69.25,0.0,0.0,0.9999999999999997
18.0,69.5,70.0,69.75,0.0,0.0,0.9999999999999997
18.0,70.0,70.5,70.25,0.0,0.0,0.9999999999999997
18.0,70.5,71.0,70.75,0.0,0.0,0.9999999999999997
18.0,71.0,71.5,71.25,0.0,0.0,0.9999999999999997
18.0,71.5,72.0,71.75,0.0,0.0,0.9999999999999997
18.0,72.0,72.5,72.25,0.0,0.0,0.9999999999999997
18.0,72.5,73.0,72.75,0.0,0.0,0.9999999999999997
18.0,73.0,73.5,73.25,0.0,0.0,0.9999999999999997
18.0,73.5,74.0,73.75,0.0,0.0,0.9999999999999997
18.0,74.0,74.5,74.25,0.0,0.0,0.9999999999999997
18.0,74.5,75.0,74.75,0.0,0.0,0.9999999999999997
18.0,75.0,75.5,75.25,0.0,0.0,0.9999999999999997
18.0,75.5,76.0,75.75,0.0,0.0,0.9999999999999997
18.0,76.0,76.5,76.25,0.0,0.0,0.9999999999999997
18.0,76.5,77.0,76.75,0.0,0.0,0.9999999999999997
18.0,77.0,77.5,77.25,0.0,0.0,0.9999999999999997
18.0,77.5,78.0,77.75,0.0,0.0,0.9999999999999997
18.0,78.0,78.5,78.25,0.0,0.0,0.9999999999999997
18.0,78.5,79.0,78.75,0.0,0.0,0.9999999999999997
18.0,79.0,79.5,79.25,0.0,0.0,0.9999999999999997
18.0,79.5,80.0,79.75,0.0,0.0,0.9999999999999997
18.0,80.0,80.5,80.25,0.0,0.0,0.9999999999999997
18.0,80.5,81.0,80.75,0.0,0.0,0.9999999999999997
18.0,81.0,81.5,81.25,0.0,0.0,0.9999999999999997
18.0,81.5,82.0,81.75,0.0,0.0,0.9999999999999997
18.0,82.0,82.5,82.25,0.0,0.0,0.9999999999999997
18.0,82.5,83.0,82.75,0.0,0.0,0.9999999999999997
18.0,83.0,83.5,83.25,0.0,0.0,0.9999999999999997
18.0,83.5,84.0,83.75,0.0,0.0,0.9999999999999997
18.0,84.0,84.5,84.25,0.0,0.0,0.9999999999999997
18.0,84.5,85.0,84.75,0.0,0.0,0.9999999999999997
18.0,85.0,85.5,85.25,0.0,0.0,0.9999999999999997
18.0,85.5,86.0,85.75,0.0,0.0,0.9999999999999997
18.0,86.0,86.5,86.25,0.0,0.0,0.9999999999999997
18.0,86.5,87.0,86.75,0.0,0.0,0.9999999999999997
18.0,87.0,87.5,87.25,0.0,0.0,0.9999999999999997
18.0,87.5,88.0,87.75,0.0,0.0,0.9999999999999997
18.0,88.0,88.5,88.25,0.0,0.0,0.9999999999999997
18.0,88.5,89.0,88.75,0.0,0.0,0.9999999999999997
18.0,89.0,89.5,89.25,0.0,0.0,0.9999999999999997
18.0,89.5,90.0,89.75,0.0,0.0,0.9999999999999997
80.0,0.0,0.5,0.25,0.778562959460001,0.0009432633717855355,0.0009432633717855355
80.0,0.5,1.0,0.75,2.38980585888003,0.0028953552246095728,0.003838618596395108
80.0,1.0,1.5,1.25,3.948440493620063,0.004783709843953793,0.008622328440348902
80.0,1.5,2.0,1.75,5.585331561980101,0.006766875584920746,0.015389204025269648
80.0,2.0,2.5,2.25,7.204839600240125,0.008728981018067043,0.02411818504333669
80.0,2.5,3.0,2.75,8.929236186160106,0.010818163553874428,0.03493634859721112
80.0,3.0,3.5,3.25,10.722049754699922,0.01299023628234926,0.04792658487956038
80.0,3.5,4.0,3.75,12.096096288679748,0.014654954274495952,0.06258153915405633
80.0,4.0,4.5,4.25,13.661356153759545,0.01655133565266964,0.07913287480672597
80.0,4.5,5.0,4.75,14.996569654459277,0.018169005711873507,0.09730188051859948
80.0,5.0,5.5,5.25,16.25831525435904,0.019697666168212825,0.1169995466868123
80.0,5.5,6.0,5.75,17.50044754859882,0.021202564239501703,0.13820211092631401
80.0,6.0,6.5,6.25,18.647202764478624,0.022591908772786048,0.16079401969910007
80.0,6.5,7.0,6.75,19.586476756938392,0.023729880650837587,0.18452390034993765
80.0,7.0,7.5,7.25,20.58249158349816,0.024936596552530083,0.20946049690246774
80.0,7.5,8.0,7.75,21.28135498985797,0.02578330039977925,0.23524379730224698
80.0,8.0,8.5,8.25,21.925642241337712,0.026563882827757495,0.2618076801300045
80.0,8.5,9.0,8.75,22.42876616913756,0.027173439661660338,0.28898111979166485
80.0,9.0,9.5,9.25,23.03100616667737,0.027903079986570628,0.31688419977823545
80.0,9.5,10.0,9.75,23.32264749431729,0.02825641632079907,0.3451406160990345
80.0,10.0,10.5,10.25,23.415007141037293,0.028368314107257413,0.37350893020629194
80.0,10.5,11.0,10.75,23.529735139697337,0.028507312138873683,0.40201624234516564
80.0,11.0,11.5,11.25,23.430028702897427,0.028386513392128995,0.43040275573729464
80.0,11.5,12.0,11.75,23.12487452921759,0.028016805648802347,0.45841956138609696
80.0,12.0,12.5,12.25,22.981349737297666,0.027842919031777692,0.4862624804178747
80.0,12.5,13.0,12.75,23.056916720977714,0.027934471766152755,0.5141969521840274
80.0,13.0,13.5,13.25,22.54861068231781,0.027318636576333502,0.5415155887603609
80.0,13.5,14.0,13.75,21.799566075858216,0.026411135991413696,0.5679267247517745
80.0,14.0,14.5,14.25,21.283126091038326,0.025785446166991594,0.5937121709187662
80.0,14.5,15.0,14.75,20.562419103458513,0.02491227785746215,0.6186244487762284
80.0,15.0,15.5,15.25,19.555252899098686,0.023692051569620495,0.6423165003458489
80.0,15.5,16.0,15.75,18.877642706898843,0.02287109692891426,0.6651875972747632
80.0,16.0,16.5,16.25,18.02377514911898,0.021836598714192686,0.6870241959889558
80.0,16.5,17.0,16.75,17.01372270579913,0.02061287562052418,0.70763707160948
80.0,17.0,17.5,17.25,15.875691803139372,0.019234100977580063,0.72687117258706
80.0,17.5,18.0,17.75,14.877249911999575,0.018024444580078614,0.7448956171671386
80.0,18.0,18.5,18.25,13.935548854959748,0.01688353220621808,0.7617791493733567
80.0,18.5,19.0,18.75,13.024743674059874,0.01578005154927644,0.7775592009226331
80.0,19.0,19.5,19.25,12.337228434519929,0.014947096506755303,0.7925062974293884
80.0,19.5,20.0,19.75,11.55800951166001,0.014003038406372861,0.8065093358357612
80.0,20.0,20.5,20.25,10.801880500480042,0.013086954752604945,0.8195962905883661
80.0,20.5,21.0,20.75,10.04916249898006,0.01217500368754144,0.8317712942759076
80.0,21.0,21.5,21.25,9.263843116500047,0.011223554611206735,0.8429948488871143
80.0,21.5,22.0,21.75,8.763867813020088,0.010617812474569383,0.8536126613616837
80.0,22.0,22.5,22.25,8.289409485800117,0.010042985280355519,0.8636556466420392
80.0,22.5,23.0,22.75,7.741548854120139,0.009379227956136757,0.873034874598176
80.0,23.0,23.5,23.25,7.392707518000124,0.008956591288249346,0.8819914658864253
80.0,23.5,24.0,23.75,6.949079470580132,0.008419116338094704,0.89041058222452
80.0,24.0,24.5,24.25,6.46471609602012,0.00783228874206601,0.898242870966586
80.0,24.5,25.0,24.75,6.201740368960112,0.007513682047526595,0.9057565530141125
80.0,25.0,25.5,25.25,5.865559126460106,0.007106383641561396,0.9128629366556739
80.0,25.5,26.0,25.75,5.517636139100097,0.0066848595937098,0.9195477962493837
80.0,26.0,26.5,26.25,5.142753056000092,0.006230672200521291,0.925778468449905
80.0,26.5,27.0,26.75,4.785712177380083,0.005798101425171322,0.9315765698750763
80.0,27.0,27.5,27.25,4.492824519280077,0.00544325510660847,0.9370198249816848
80.0,27.5,28.0,27.75,4.122926758020068,0.004995107650757196,0.942014932632442
80.0,28.0,28.5,28.25,3.857851948080062,0.004673957824707367,0.9466888904571493
80.0,28.5,29.0,28.75,3.5734262178400567,0.004329363505045882,0.9510182539621952
80.0,29.0,29.5,29.25,3.404646835020053,0.004124879837036427,0.9551431337992317
80.0,29.5,30.0,29.75,3.1732885438400484,0.0038445790608726683,0.9589877128601043
80.0,30.0,30.5,30.25,3.0417678821400456,0.0036852359771731118,0.9626729488372774
80.0,30.5,31.0,30.75,2.819330693200042,0.0034157435099286264,0.9660886923472061
80.0,31.0,31.5,31.25,2.6078480930400385,0.0031595230102541287,0.9692482153574602
80.0,31.5,32.0,31.75,2.403777879300033,0.002912282943725788,0.972160498301186
80.0,32.0,32.5,32.25,2.2663535470000316,0.002745787302653186,0.9749062856038392
80.0,32.5,33.0,32.75,2.2671407030800315,0.002746740976969592,0.9776530265808088
80.0,33.0,33.5,33.25,2.2502168473600315,0.0027262369791668565,0.9803792635599756
80.0,33.5,34.0,33.75,2.1838333512800308,0.002645810445149924,0.9830250740051255
80.0,34.0,34.5,34.25,2.0425388349200295,0.0024746259053549913,0.9854996999104805
80.0,34.5,35.0,34.75,1.8260709129200248,0.002212365468343252,0.9877120653788237
80.0,35.0,35.5,35.25,1.5379717876400194,0.0018633206685385387,0.9895753860473623
80.0,35.5,36.0,35.75,1.3752928644400164,0.0016662279764812324,0.9912416140238435
80.0,36.0,36.5,36.25,1.1156625507200122,0.0013516743977865482,0.99259328842163
80.0,36.5,37.0,36.75,0.9026712347400089,0.0010936260223389387,0.993686914443969
80.0,37.0,37.5,37.25,0.8166088366600083,0.000989357630411849,0.9946762720743808
80.0,37.5,38.0,37.75,0.7119170780200069,0.000862518946329809,0.9955387910207106
80.0,38.0,38.5,38.25,0.5934500879800058,0.000718990961710659,0.9962577819824213
80.0,38.5,39.0,38.75,0.4797716307600042,0.0005812644958496468,0.9968390464782709
80.0,39.0,39.5,39.25,0.4197509796600035,0.0005085468292236653,0.9973475933074946
80.0,39.5,40.0,39.75,0.3605830809800031,0.00043686230977379103,0.9977844556172684
80.0,40.0,40.5,40.25,0.31296013814000284,0.00037916501363120943,0.9981636206308996
80.0,40.5,41.0,40.75,0.2844913265800024,0.000344673792521181,0.9985082944234208
80.0,41.0,41.5,41.25,0.22020691338000148,0.0002667903900146651,0.9987750848134355
80.0,41.5,42.0,41.75,0.18694956900000106,0.00022649765014649825,0.999001582463582
80.0,42.0,42.5,42.25,0.1465422235600005,0.00017754236857097402,0.9991791248321529
80.0,42.5,43.0,42.75,0.11905735710000016,0.00014424324035645353,0.9993233680725093
80.0,43.0,43.5,43.25,0.10180551968000019,0.00012334187825521542,0.9994467099507646
80.0,43.5,44.0,43.75,0.0766165251199999,9.282430013021338e-05,0.9995395342508948
80.0,44.0,44.5,44.25,0.06730184483999996,8.153915405273886e-05,0.9996210734049475
80.0,44.5,45.0,44.75,0.055888081679999965,6.771087646484748e-05,0.9996887842814124
80.0,45.0,45.5,45.25,0.03548761994,4.2994817097984165e-05,0.9997317790985104
80.0,45.5,46.0,45.75,0.02663211403999999,3.226598103841324e-05,0.9997640450795489
80.0,46.0,46.5,46.25,0.023286700699999986,2.8212865193686446e-05,0.9997922579447426
80.0,46.5,47.0,46.75,0.020203672719999993,2.447764078776177e-05,0.9998167355855303
80.0,47.0,47.5,47.25,0.01705504839999999,2.0662943522136556e-05,0.9998373985290524
80.0,47.5,48.0,47.75,0.020400461739999987,2.471605936686334e-05,0.9998621145884192
80.0,48.0,48.5,48.25,0.020334865399999975,2.46365865071628e-05,0.9998867511749264
80.0,48.5,49.0,48.75,0.017973397159999988,2.1775563557943903e-05,0.9999085267384844
80.0,49.0,49.5,49.25,0.016858259379999994,2.0424524943034984e-05,0.9999289512634274
80.0,49.5,50.0,49.75,0.014955965519999987,1.8119812011719743e-05,0.9999470710754391
80.0,50.0,50.5,50.25,0.011610552179999994,1.4066696166992962e-05,0.9999611377716061
80.0,50.5,51.0,50.75,0.010036240019999997,1.215934753418036e-05,0.9999732971191403
80.0,51.0,51.5,51.25,0.008068349820000001,9.775161743164608e-06,0.9999830722808835
80.0,51.5,52.0,51.75,0.004788532819999998,5.8015187581383416e-06,0.9999888737996416
80.0,52.0,52.5,52.25,0.003542202359999999,4.291534423828362e-06,0.9999931653340655
80.0,52.5,53.0,52.75,0.0025582572599999994,3.099441528320484e-06,0.9999962647755938
80.0,53.0,53.5,53.25,0.0019022938599999994,2.3047129313152315e-06,0.9999985694885251
80.0,53.5,54.0,53.75,0.0009839451,1.1920928955078788e-06,0.9999997615814206
80.0,54.0,54.5,54.25,0.00019678901999999998,2.3841857910157573e-07,0.9999999999999997
80.0,54.5,55.0,54.75,0.0,0.0,0.9999999999999997
80.0,55.0,55.5,55.25,0.0,0.0,0.9999999999999997
80.0,55.5,56.0,55.75,0.0,0.0,0.9999999999999997
80.0,56.0,56.5,56.25,0.0,0.0,0.9999999999999997
80.0,56.5,57.0,56.75,0.0,0.0,0.9999999999999997
80.0,57.0,57.5,57.25,0.0,0.0,0.9999999999999997
80.0,57.5,58.0,57.75,0.0,0.0,0.9999999999999997
80.0,58.0,58.5,58.25,0.0,0.0,0.9999999999999997
80.0,58.5,59.0,58.75,0.0,0.0,0.9999999999999997
80.0,59.0,59.5,59.25,0.0,0.0,0.9999999999999997
80.0,59.5,60.0,59.75,0.0,0.0,0.9999999999999997
80.0,60.0,60.5,60.25,0.0,0.0,0.9999999999999997
80.0,60.5,61.0,60.75,0.0,0.0,0.9999999999999997
80.0,61.0,61.5,61.25,0.0,0.0,0.9999999999999997
80.0,61.5,62.0,61.75,0.0,0.0,0.9999999999999997
80.0,62.0,62.5,62.25,0.0,0.0,0.9999999999999997
80.0,62.5,63.0,62.75,0.0,0.0,0.9999999999999997
80.0,63.0,63.5,63.25,0.0,0.0,0.9999999999999997
80.0,63.5,64.0,63.75,0.0,0.0,0.9999999999999997
80.0,64.0,64.5,64.25,0.0,0.0,0.9999999999999997
80.0,64.5,65.0,64.75,0.0,0.0,0.9999999999999997
80.0,65.0,65.5,65.25,0.0,0.0,0.9999999999999997
80.0,65.5,66.0,65.75,0.0,0.0,0.9999999999999997
80.0,66.0,66.5,66.25,0.0,0.0,0.9999999999999997
80.0,66.5,67.0,66.75,0.0,0.0,0.9999999999999997
80.0,67.0,67.5,67.25,0.0,0.0,0.9999999999999997
80.0,67.5,68.0,67.75,0.0,0.0,0.9999999999999997
80.0,68.0,68.5,68.25,0.0,0.0,0.9999999999999997
80.0,68.5,69.0,68.75,0.0,0.0,0.9999999999999997
80.0,69.0,69.5,69.25,0.0,0.0,0.9999999999999997
80.0,69.5,70.0,69.75,0.0,0.0,0.9999999999999997
80.0,70.0,70.5,70.25,0.0,0.0,0.9999999999999997
80.0,70.5,71.0,70.75,0.0,0.0,0.9999999999999997
80.0,71.0,71.5,71.25,0.0,0.0,0.9999999999999997
80.0,71.5,72.0,71.75,0.0,0.0,0.9999999999999997
80.0,72.0,72.5,72.25,0.0,0.0,0.9999999999999997
80.0,72.5,73.0,72.75,0.0,0.0,0.9999999999999997
80.0,73.0,73.5,73.25,0.0,0.0,0.9999999999999997
80.0,73.5,74.0,73.75,0.0,0.0,0.9999999999999997
80.0,74.0,74.5,74.25,0.0,0.0,0.9999999999999997
80.0,74.5,75.0,74.75,0.0,0.0,0.9999999999999997
80.0,75.0,75.5,75.25,0.0,0.0,0.9999999999999997
80.0,75.5,76.0,75.75,0.0,0.0,0.9999999999999997
80.0,76.0,76.5,76.25,0.0,0.0,0.9999999999999997
80.0,76.5,77.0,76.75,0.0,0.0,0.9999999999999997
80.0,77.0,77.5,77.25,0.0,0.0,0.9999999999999997
80.0,77.5,78.0,77.75,0.0,0.0,0.9999999999999997
80.0,78.0,78.5,78.25,0.0,0.0,0.9999999999999997
80.0,78.5,79.0,78.75,0.0,0.0,0.9999999999999997
80.0,79.0,79.5,79.25,0.0,0.0,0.9999999999999997
80.0,79.5,80.0,79.75,0.0,0.0,0.9999999999999997
80.0,80.0,80.5,80.25,0.0,0.0,0.9999999999999997
80.0,80.5,81.0,80.75,0.0,0.0,0.9999999999999997
80.0,81.0,81.5,81.25,0.0,0.0,0.9999999999999997
80.0,81.5,82.0,81.75,0.0,0.0,0.9999999999999997
80.0,82.0,82.5,82.25,0.0,0.0,0.9999999999999997
80.0,82.5,83.0,82.75,0.0,0.0,0.9999999999999997
80.0,83.0,83.5,83.25,0.0,0.0,0.9999999999999997
80.0,83.5,84.0,83.75,0.0,0.0,0.9999999999999997
80.0,84.0,84.5,84.25,0.0,0.0,0.9999999999999997
80.0,84.5,85.0,84.75,0.0,0.0,0.9999999999999997
80.0,85.0,85.5,85.25,0.0,0.0,0.9999999999999997
80.0,85.5,86.0,85.75,0.0,0.0,0.9999999999999997
80.0,86.0,86.5,86.25,0.0,0.0,0.9999999999999997
80.0,86.5,87.0,86.75,0.0,0.0,0.9999999999999997
80.0,87.0,87.5,87.25,0.0,0.0,0.9999999999999997
80.0,87.5,88.0,87.75,0.0,0.0,0.9999999999999997
80.0,88.0,88.5,88.25,0.0,0.0,0.9999999999999997
80.0,88.5,89.0,88.75,0.0,0.0,0.9999999999999997
80.0,89.0,89.5,89.25,0.0,0.0,0.9999999999999997
80.0,89.5,90.0,89.75,0.0,0.0,0.9999999999999997
100.0,0.0,0.5,0.25,0.783232577600001,0.0009492238362630165,0.0009492238362630165
100.0,0.5,1.0,0.75,2.3822887065999776,0.0028871695200601774,0.003836393356323194
100.0,1.0,1.5,1.25,3.9785906687999777,0.004821777343749945,0.00865817070007314
100.0,1.5,2.0,1.75,5.60387695779994,0.006791512171427297,0.015449682871500437
100.0,2.0,2.5,2.25,7.215785865199874,0.008745034535725707,0.024194717407226146
100.0,2.5,3.0,2.75,8.990977518599774,0.010896444320678374,0.035091161727904524
100.0,3.0,3.5,3.25,10.74420141299977,0.013021230697631482,0.048112392425536006
100.0,3.5,4.0,3.75,12.19827033259982,0.014783461888630882,0.06289585431416689
100.0,4.0,4.5,4.25,13.729783799599842,0.01663955052693656,0.07953540484110344
100.0,4.5,5.0,4.75,15.08653882559997,0.018283843994140483,0.09781924883524393
100.0,5.0,5.5,5.25,16.30433957900007,0.01975973447163897,0.11757898330688289
100.0,5.5,6.0,5.75,17.61840501960016,0.021352291107177807,0.1389312744140607
100.0,6.0,6.5,6.25,18.727481759800195,0.02269641558329275,0.16162768999735344
100.0,6.5,7.0,6.75,19.6692100792003,0.02383772532145205,0.1854654153188055
100.0,7.0,7.5,7.25,20.758417473200414,0.02515776952107783,0.21062318483988335
100.0,7.5,8.0,7.75,21.334038334400514,0.02585538228352912,0.23647856712341248
100.0,8.0,8.5,8.25,22.02454729640068,0.0266922314961758,0.26317079861958825
100.0,8.5,9.0,8.75,22.585610418800783,0.027372201283773576,0.29054299990336185
100.0,9.0,9.5,9.25,23.100639610400897,0.027996381123861602,0.31853938102722346
100.0,9.5,10.0,9.75,23.376384167400932,0.02833056449890233,0.34686994552612577
100.0,10.0,10.5,10.25,23.502616812400905,0.0284835497538258,0.37535349527995154
100.0,10.5,11.0,10.75,23.62839042960086,0.028635978698731343,0.4039894739786829
100.0,11.0,11.5,11.25,23.464779806600767,0.028437693913778435,0.43242716789246133
100.0,11.5,12.0,11.75,23.183461340600626,0.02809675534566303,0.46052392323812436
100.0,12.0,12.5,12.25,23.056441790800587,0.027942816416423075,0.48846673965454745
100.0,12.5,13.0,12.75,23.050343278600504,0.027935425440470826,0.5164021650950182
100.0,13.0,13.5,13.25,22.578856152600505,0.027364015579224087,0.5437661806742423
100.0,13.5,14.0,13.75,21.8351655412002,0.026462713877360117,0.5702288945516024
100.0,14.0,14.5,14.25,21.23252761520013,0.02573235829671225,0.5959612528483147
100.0,14.5,15.0,14.75,20.601364390200047,0.02496743202209464,0.6209286848704093
100.0,15.0,15.5,15.25,19.54855134320002,0.023691495259602752,0.6446201801300121
100.0,15.5,16.0,15.75,18.92007670959996,0.022929827372232894,0.667550007502245
100.0,16.0,16.5,16.25,17.981168132399908,0.02179193496704078,0.6893419424692858
100.0,16.5,17.0,16.75,16.93714218899992,0.02052664756774881,0.7098685900370346
100.0,17.0,17.5,17.25,15.86826316899982,0.019231239954630202,0.7290998299916648
100.0,17.5,18.0,17.75,14.829286531399736,0.017972071965535057,0.7470719019571999
100.0,18.0,18.5,18.25,13.855491841399683,0.016791899998982267,0.7638638019561821
100.0,18.5,19.0,18.75,13.02255311059965,0.015782435735066217,0.7796462376912483
100.0,19.0,19.5,19.25,12.275518153799682,0.014877080917357927,0.7945233186086063
100.0,19.5,20.0,19.75,11.476481904799678,0.013908704121907083,0.8084320227305133
100.0,20.0,20.5,20.25,10.714954784599714,0.012985785802204981,0.8214178085327183
100.0,20.5,21.0,20.75,9.970018240599769,0.012082974116007138,0.8335007826487254
100.0,21.0,21.5,21.25,9.207048461599832,0.011158307393391659,0.844659090042117
100.0,21.5,22.0,21.75,8.705593377799834,0.010550578435261783,0.8552096684773788
100.0,22.0,22.5,22.25,8.240729367199828,0.009987195332844786,0.8651968638102235
100.0,22.5,23.0,22.75,7.697699479799834,0.009329080581664784,0.8745259443918884
100.0,23.0,23.5,23.25,7.325231207799855,0.008877674738565855,0.8834036191304542
100.0,23.5,24.0,23.75,6.877547951999875,0.008335113525390426,0.8917387326558446
100.0,24.0,24.5,24.25,6.380814296999907,0.007733106613159023,0.8994718392690036
100.0,24.5,25.0,24.75,6.163628572199915,0.007469892501830909,0.9069417317708346
100.0,25.0,25.5,25.25,5.79961952679993,0.007028738657633338,0.9139704704284679
100.0,25.5,26.0,25.75,5.493447984199932,0.006657679875691611,0.9206281503041596
100.0,26.0,26.5,26.25,5.092913440999938,0.00617225964864084,0.9268004099528004
100.0,26.5,27.0,26.75,4.741494872399953,0.005746364593505768,0.9325467745463062
100.0,27.0,27.5,27.25,4.4328970399999665,0.005372365315755137,0.9379191398620613
100.0,27.5,28.0,27.75,4.064691168999971,0.004926125208536721,0.9428452650705981
100.0,28.0,28.5,28.25,3.8082913549999695,0.004615386327107684,0.9474606513977057
100.0,28.5,29.0,28.75,3.5499898543999686,0.004302342732747333,0.9517629941304531
100.0,29.0,29.5,29.25,3.3571326029999677,0.004068613052368102,0.9558316071828211
100.0,29.5,30.0,29.75,3.1577833869999723,0.003827015558878525,0.9596586227416997
100.0,30.0,30.5,30.25,2.950958575399967,0.0035763581593830775,0.9632349809010827
100.0,30.5,31.0,30.75,2.8030860483999707,0.0033971468607584083,0.9666321277618412
100.0,31.0,31.5,31.25,2.5776378231999826,0.0031239191691080337,0.9697560469309492
100.0,31.5,32.0,31.75,2.3603209475999853,0.0028605461120605126,0.9726165930430097
100.0,32.0,32.5,32.25,2.2506133033999864,0.002727588017781543,0.9753441810607912
100.0,32.5,33.0,32.75,2.2298914769999847,0.0027024745941161767,0.9780466556549074
100.0,33.0,33.5,33.25,2.221760127399975,0.0026926199595133007,0.9807392756144208
100.0,33.5,34.0,33.75,2.1578896877999707,0.0026152133941649883,0.9833544890085858
100.0,34.0,34.5,34.25,2.017296030199968,0.002444823582967069,0.9857993125915528
100.0,34.5,35.0,34.75,1.793093737599979,0.0021731058756510034,0.9879724184672039
100.0,35.0,35.5,35.25,1.510660489799993,0.0018308162689208791,0.9898032347361247
100.0,35.5,36.0,35.75,1.3686897487999952,0.0016587575276692554,0.9914619922637941
100.0,36.0,36.5,36.25,1.0819285245999986,0.001311222712198884,0.9927732149759929
100.0,36.5,37.0,36.75,0.8849400229999966,0.0010724862416585184,0.9938457012176515
100.0,37.0,37.5,37.25,0.8014625387999965,0.0009713172912597558,0.9948170185089112
100.0,37.5,38.0,37.75,0.695033664600001,0.0008423328399658167,0.9956593513488771
100.0,38.0,38.5,38.25,0.5773913969999973,0.0006997585296630787,0.9963591098785402
100.0,38.5,39.0,38.75,0.4738478403999969,0.0005742708841959565,0.9969333807627361
100.0,39.0,39.5,39.25,0.41135448419999776,0.0004985332489013615,0.9974319140116374
100.0,39.5,40.0,39.75,0.3520743225999977,0.0004266897837320911,0.9978586037953695
100.0,40.0,40.5,40.25,0.3084666815999983,0.00037384033203124577,0.9982324441274008
100.0,40.5,41.0,40.75,0.27954793019999924,0.00033879280090331744,0.9985712369283041
100.0,41.0,41.5,41.25,0.2090543751999987,0.0002533594767252574,0.9988245964050293
100.0,41.5,42.0,41.75,0.1876767947999988,0.00022745132446288786,0.9990520477294922
100.0,42.0,42.5,42.25,0.13934772500000006,0.00016887982686360586,0.9992209275563558
100.0,42.5,43.0,42.75,0.11606845800000015,0.00014066696166992125,0.9993615945180258
100.0,43.0,43.5,43.25,0.09829752460000013,0.00011912981669108019,0.9994807243347168
100.0,43.5,44.0,43.75,0.07193621380000008,8.718172709147094e-05,0.9995679060618082
100.0,44.0,44.5,44.25,0.06996895180000007,8.479754130045531e-05,0.9996527036031086
100.0,44.5,45.0,44.75,0.04793561740000005,5.809466044108045e-05,0.9997107982635497
100.0,45.0,45.5,45.25,0.029574505400000017,3.584225972493471e-05,0.9997466405232747
100.0,45.5,46.0,45.75,0.026623612400000014,3.226598103841129e-05,0.9997789065043131
100.0,46.0,46.5,46.25,0.020787401800000008,2.5192896525064966e-05,0.9998040994008381
100.0,46.5,47.0,46.75,0.018820139800000007,2.2808710734049355e-05,0.9998269081115722
100.0,47.0,47.5,47.25,0.01796765960000001,2.1775563557942592e-05,0.9998486836751301
100.0,47.5,48.0,47.75,0.019410318400000008,2.352396647135404e-05,0.9998722076416015
100.0,48.0,48.5,48.25,0.020197223200000017,2.4477640787760296e-05,0.9998966852823892
100.0,48.5,49.0,48.75,0.017049604000000013,2.0662943522135313e-05,0.9999173482259113
100.0,49.0,49.5,49.25,0.016131548400000015,1.955032348632803e-05,0.9999368985493976
100.0,49.5,50.0,49.75,0.013770834000000011,1.6689300537109294e-05,0.9999535878499347
100.0,50.0,50.5,50.25,0.010819941000000008,1.3113021850585871e-05,0.9999667008717853
100.0,50.5,51.0,50.75,0.010360913200000006,1.2556711832682225e-05,0.9999792575836179
100.0,51.0,51.5,51.25,0.005967361399999999,7.232030232747353e-06,0.9999864896138507
100.0,51.5,52.0,51.75,0.0043935518,5.324681599934865e-06,0.9999918142954507
100.0,52.0,52.5,52.25,0.0031476192,3.814697265624978e-06,0.9999956289927163
100.0,52.5,53.0,52.75,0.002295139,2.781550089518213e-06,0.9999984105428058
100.0,53.0,53.5,53.25,0.0010492064000000001,1.271565755208326e-06,0.999999682108561
100.0,53.5,54.0,53.75,0.0002623016,3.1789143880208146e-07,0.9999999999999999
100.0,54.0,54.5,54.25,0.0,0.0,0.9999999999999999
100.0,54.5,55.0,54.75,0.0,0.0,0.9999999999999999
100.0,55.0,55.5,55.25,0.0,0.0,0.9999999999999999
100.0,55.5,56.0,55.75,0.0,0.0,0.9999999999999999
100.0,56.0,56.5,56.25,0.0,0.0,0.9999999999999999
100.0,56.5,57.0,56.75,0.0,0.0,0.9999999999999999
100.0,57.0,57.5,57.25,0.0,0.0,0.9999999999999999
100.0,57.5,58.0,57.75,0.0,0.0,0.9999999999999999
100.0,58.0,58.5,58.25,0.0,0.0,0.9999999999999999
100.0,58.5,59.0,58.75,0.0,0.0,0.9999999999999999
100.0,59.0,59.5,59.25,0.0,0.0,0.9999999999999999
100.0,59.5,60.0,59.75,0.0,0.0,0.9999999999999999
100.0,60.0,60.5,60.25,0.0,0.0,0.9999999999999999
100.0,60.5,61.0,60.75,0.0,0.0,0.9999999999999999
100.0,61.0,61.5,61.25,0.0,0.0,0.9999999999999999
100.0,61.5,62.0,61.75,0.0,0.0,0.9999999999999999
100.0,62.0,62.5,62.25,0.0,0.0,0.9999999999999999
100.0,62.5,63.0,62.75,0.0,0.0,0.9999999999999999
100.0,63.0,63.5,63.25,0.0,0.0,0.9999999999999999
100.0,63.5,64.0,63.75,0.0,0.0,0.9999999999999999
100.0,64.0,64.5,64.25,0.0,0.0,0.9999999999999999
100.0,64.5,65.0,64.75,0.0,0.0,0.9999999999999999
100.0,65.0,65.5,65.25,0.0,0.0,0.9999999999999999
100.0,65.5,66.0,65.75,0.0,0.0,0.9999999999999999
100.0,66.0,66.5,66.25,0.0,0.0,0.9999999999999999
100.0,66.5,67.0,66.75,0.0,0.0,0.9999999999999999
100.0,67.0,67.5,67.25,0.0,0.0,0.9999999999999999
100.0,67.5,68.0,67.75,0.0,0.0,0.9999999999999999
100.0,68.0,68.5,68.25,0.0,0.0,0.9999999999999999
100.0,68.5,69.0,68.75,0.0,0.0,0.9999999999999999
100.0,69.0,69.5,69.25,0.0,0.0,0.9999999999999999
100.0,69.5,70.0,69.75,0.0,0.0,0.9999999999999999
100.0,70.0,70.5,70.25,0.0,0.0,0.9999999999999999
100.0,70.5,71.0,70.75,0.0,0.0,0.9999999999999999
100.0,71.0,71.5,71.25,0.0,0.0,0.9999999999999999
100.0,71.5,72.0,71.75,0.0,0.0,0.9999999999999999
100.0,72.0,72.5,72.25,0.0,0.0,0.9999999999999999
100.0,72.5,73.0,72.75,0.0,0.0,0.9999999999999999
100.0,73.0,73.5,73.25,0.0,0.0,0.9999999999999999
100.0,73.5,74.0,73.75,0.0,0.0,0.9999999999999999
100.0,74.0,74.5,74.25,0.0,0.0,0.9999999999999999
100.0,74.5,75.0,74.75,0.0,0.0,0.9999999999999999
100.0,75.0,75.5,75.25,0.0,0.0,0.9999999999999999
100.0,75.5,76.0,75.75,0.0,0.0,0.9999999999999999
100.0,76.0,76.5,76.25,0.0,0.0,0.9999999999999999
100.0,76.5,77.0,76.75,0.0,0.0,0.9999999999999999
100.0,77.0,77.5,77.25,0.0,0.0,0.9999999999999999
100.0,77.5,78.0,77.75,0.0,0.0,0.9999999999999999
100.0,78.0,78.5,78.25,0.0,0.0,0.9999999999999999
100.0,78.5,79.0,78.75,0.0,0.0,0.9999999999999999
100.0,79.0,79.5,79.25,0.0,0.0,0.9999999999999999
100.0,79.5,80.0,79.75,0.0,0.0,0.9999999999999999
100.0,80.0,80.5,80.25,0.0,0.0,0.9999999999999999
100.0,80.5,81.0,80.75,0.0,0.0,0.9999999999999999
100.0,81.0,81.5,81.25,0.0,0.0,0.9999999999999999
100.0,81.5,82.0,81.75,0.0,0.0,0.9999999999999999
100.0,82.0,82.5,82.25,0.0,0.0,0.9999999999999999
100.0,82.5,83.0,82.75,0.0,0.0,0.9999999999999999
100.0,83.0,83.5,83.25,0.0,0.0,0.9999999999999999
100.0,83.5,84.0,83.75,0.0,0.0,0.9999999999999999
100.0,84.0,84.5,84.25,0.0,0.0,0.9999999999999999
100.0,84.5,85.0,84.75,0.0,0.0,0.9999999999999999
100.0,85.0,85.5,85.25,0.0,0.0,0.9999999999999999
100.0,85.5,86.0,85.75,0.0,0.0,0.9999999999999999
100.0,86.0,86.5,86.25,0.0,0.0,0.9999999999999999
100.0,86.5,87.0,86.75,0.0,0.0,0.9999999999999999
100.0,87.0,87.5,87.25,0.0,0.0,0.9999999999999999
100.0,87.5,88.0,87.75,0.0,0.0,0.9999999999999999
100.0,88.0,88.5,88.25,0.0,0.0,0.9999999999999999
100.0,88.5,89.0,88.75,0.0,0.0,0.9999999999999999
100.0,89.0,89.5,89.25,0.0,0.0,0.9999999999999999
100.0,89.5,90.0,89.75,0.0,0.0,0.9999999999999999
125.0,0.0,0.5,0.25,0.7733471020000008,0.0009376207987467672,0.0009376207987467672
125.0,0.5,1.0,0.75,2.393587283999991,0.0029020309448242747,0.003839651743571042
125.0,1.0,1.5,1.25,4.0061582329999545,0.004857142766316788,0.00869679450988783
125.0,1.5,2.0,1.75,5.649733858999911,0.00684984525044764,0.015546639760335471
125.0,2.0,2.5,2.25,7.278102116999865,0.00882411003112797,0.02437074979146344
125.0,2.5,3.0,2.75,8.992077368999814,0.010902166366577173,0.03527291615804061
125.0,3.0,3.5,3.25,10.821287762999765,0.013119935989379898,0.048392852147420506
125.0,3.5,4.0,3.75,12.313838492999727,0.014929533004760753,0.06332238515218126
125.0,4.0,4.5,4.25,13.835361880999674,0.01677425702412922,0.08009664217631049
125.0,4.5,5.0,4.75,15.140704666999634,0.01835687955220538,0.09845352172851587
125.0,5.0,5.5,5.25,16.4535200389996,0.019948561986287406,0.11840208371480328
125.0,5.5,6.0,5.75,17.718746836999557,0.021482547124226845,0.13988463083903013
125.0,6.0,6.5,6.25,18.83629173799953,0.02283747990926102,0.16272211074829115
125.0,6.5,7.0,6.75,19.844894200999505,0.024060328801472932,0.1867824395497641
125.0,7.0,7.5,7.25,20.95850616199947,0.02541049321492507,0.21219293276468915
125.0,7.5,8.0,7.75,21.43780044999945,0.025991598765055267,0.23818453152974442
125.0,8.0,8.5,8.25,22.187943205999428,0.02690108617146802,0.2650856177012124
125.0,8.5,9.0,8.75,22.712007460999427,0.0275364716847737,0.2926220893859861
125.0,9.0,9.5,9.25,23.233449755999402,0.028168678283691326,0.32079076766967746
125.0,9.5,10.0,9.75,23.506330242999393,0.028499523798624592,0.34929029146830204
125.0,10.0,10.5,10.25,23.5406779189994,0.028541167577107673,0.3778314590454097
125.0,10.5,11.0,10.75,23.734834056999386,0.028776566187540605,0.4066080252329503
125.0,11.0,11.5,11.25,23.5117708099994,0.028506120045979747,0.43511414527893005
125.0,11.5,12.0,11.75,23.337279371999404,0.02829456329345696,0.46340870857238703
125.0,12.0,12.5,12.25,23.115002712999395,0.028025070826212476,0.4914337793985995
125.0,12.5,13.0,12.75,23.002520628999406,0.02788869539896639,0.5193224747975659
125.0,13.0,13.5,13.25,22.62633491799942,0.027432600657145107,0.546755075454711
125.0,13.5,14.0,13.75,21.90693464299944,0.026560386021931896,0.5733154614766429
125.0,14.0,14.5,14.25,21.225814983999456,0.025734583536783786,0.5990500450134267
125.0,14.5,15.0,14.75,20.580157333999473,0.024951775868733657,0.6240018208821604
125.0,15.0,15.5,15.25,19.61573489699949,0.023782491683959888,0.6477843125661202
125.0,15.5,16.0,15.75,18.923406358999525,0.02294309933980301,0.6707274119059232
125.0,16.0,16.5,16.25,17.916049326999552,0.021721760431925412,0.6924491723378486
125.0,16.5,17.0,16.75,16.890076378999584,0.020477851231892868,0.7129270235697415
125.0,17.0,17.5,17.25,15.828969166999617,0.019191344579060847,0.7321183681488023
125.0,17.5,18.0,17.75,14.745771941999646,0.017878055572509745,0.749996423721312
125.0,18.0,18.5,18.25,13.788035502999678,0.01671687761942545,0.7667133013407375
125.0,18.5,19.0,18.75,12.982110547999703,0.015739758809407554,0.782453060150145
125.0,19.0,19.5,19.25,12.191720705999725,0.014781475067138677,0.7972345352172837
125.0,19.5,20.0,19.75,11.388286612999748,0.013807376225789399,0.8110419114430731
125.0,20.0,20.5,20.25,10.617627019999771,0.012873013814290383,0.8239149252573635
125.0,20.5,21.0,20.75,9.835168606999794,0.01192434628804527,0.8358392715454088
125.0,21.0,21.5,21.25,9.112163136999811,0.011047760645548528,0.8468870321909574
125.0,21.5,22.0,21.75,8.658301860999828,0.010497490564982129,0.8573845227559396
125.0,22.0,22.5,22.25,8.184710335999839,0.009923299153645865,0.8673078219095854
125.0,22.5,23.0,22.75,7.614827329999854,0.00923236211140954,0.876540184020995
125.0,23.0,23.5,23.25,7.223237603999865,0.008757591247558632,0.8852977752685536
125.0,23.5,24.0,23.75,6.7739647579998765,0.008212884267171263,0.8935106595357248
125.0,24.0,24.5,24.25,6.328887047999895,0.007673263549804736,0.9011839230855295
125.0,24.5,25.0,24.75,6.1010387239999,0.007397015889485725,0.9085809389750152
125.0,25.0,25.5,25.25,5.68742453399991,0.00689554214477544,0.9154764811197906
125.0,25.5,26.0,25.75,5.463902443999916,0.006624539693196665,0.9221010208129873
125.0,26.0,26.5,26.25,5.023872006999926,0.006091038386027068,0.9281920591990144
125.0,26.5,27.0,26.75,4.664466839999934,0.005655288696289112,0.9338473478953034
125.0,27.0,27.5,27.25,4.370479574999942,0.005298852920532279,0.9391462008158357
125.0,27.5,28.0,27.75,4.006813722999949,0.004857937494913787,0.9440041383107495
125.0,28.0,28.5,28.25,3.7492061529999545,0.004545609156290739,0.9485497474670402
125.0,28.5,29.0,28.75,3.4942860919999585,0.004236539204915411,0.9527862866719556
125.0,29.0,29.5,29.25,3.3121909699999628,0.004015763600667364,0.956802050272623
125.0,29.5,30.0,29.75,3.0653334359999658,0.0037164688110352,0.9605185190836582
125.0,30.0,30.5,30.25,2.91404634399997,0.003533045450846399,0.9640515645345046
125.0,30.5,31.0,30.75,2.745650962999973,0.0033288796742757597,0.9673804442087803
125.0,31.0,31.5,31.25,2.533075555999976,0.0030711491902669684,0.9704515933990473
125.0,31.5,32.0,31.75,2.325678519999979,0.0028196970621745185,0.9732712904612218
125.0,32.0,32.5,32.25,2.2056583009999797,0.002674182256062862,0.9759454727172847
125.0,32.5,33.0,32.75,2.183437189999977,0.002647240956624382,0.9785927136739091
125.0,33.0,33.5,33.25,2.183764934999974,0.0026476383209228806,0.981240351994832
125.0,33.5,34.0,33.75,2.1150695829999737,0.0025643507639567325,0.9838047027587887
125.0,34.0,34.5,34.25,1.9863968959999756,0.002408345540364609,0.9862130482991533
125.0,34.5,35.0,34.75,1.75323910299998,0.0021256605784098553,0.9883387088775633
125.0,35.0,35.5,35.25,1.485209241999987,0.0018006960550944265,0.9901394049326577
125.0,35.5,36.0,35.75,1.3368718549999867,0.0016208489735921436,0.9917602539062499
125.0,36.0,36.5,36.25,1.0363952389999909,0.0012565453847249526,0.9930167992909749
125.0,36.5,37.0,36.75,0.8605928209999938,0.0010433991750081544,0.994060198465983
125.0,37.0,37.5,37.25,0.7819340209999945,0.0009480317433675281,0.9950082302093506
125.0,37.5,38.0,37.75,0.6678132119999953,0.0008096694946289192,0.9958178997039795
125.0,38.0,38.5,38.25,0.5589363229999968,0.0006776650746663529,0.9964955647786459
125.0,38.5,39.0,38.75,0.4686098009999973,0.0005681514739990332,0.9970637162526449
125.0,39.0,39.5,39.25,0.402601957999998,0.0004881223042806077,0.9975518385569255
125.0,39.5,40.0,39.75,0.3425590739999981,0.0004153251647949291,0.9979671637217205
125.0,40.0,40.5,40.25,0.3017875959999984,0.00036589304606120433,0.9983330567677816
125.0,40.5,41.0,40.75,0.2679643119999989,0.0003248850504557353,0.9986579418182373
125.0,41.0,41.5,41.25,0.19769578399999985,0.00023969014485677615,0.9988976319630941
125.0,41.5,42.0,41.75,0.18550366999999968,0.0002249081929524787,0.9991225401560466
125.0,42.0,42.5,42.25,0.13116354900000027,0.00015902519226074617,0.9992815653483074
125.0,42.5,43.0,42.75,0.11221988800000024,0.00013605753580729507,0.9994176228841146
125.0,43.0,43.5,43.25,0.08842560100000006,0.00010720888773600514,0.9995248317718506
125.0,43.5,44.0,43.75,0.07085846899999991,8.591016133626489e-05,0.9996107419331869
125.0,44.0,44.5,44.25,0.06594229399999994,7.994969685872573e-05,0.9996906916300456
125.0,44.5,45.0,44.75,0.03585530299999997,4.3471654256185854e-05,0.9997341632843019
125.0,45.0,45.5,45.25,0.027399481999999985,3.321965535481845e-05,0.9997673829396567
125.0,45.5,46.0,45.75,0.021893365999999994,2.654393513997456e-05,0.9997939268747967
125.0,46.0,46.5,46.25,0.022221110999999995,2.6941299438477176e-05,0.9998208681742352
125.0,46.5,47.0,46.75,0.01822262199999999,2.2093454996745287e-05,0.9998429616292319
125.0,47.0,47.5,47.25,0.01750158299999999,2.1219253540039537e-05,0.999864180882772
125.0,47.5,48.0,47.75,0.01796042599999999,2.17755635579432e-05,0.9998859564463299
125.0,48.0,48.5,48.25,0.01809152399999998,2.1934509277344228e-05,0.9999078909556073
125.0,48.5,49.0,48.75,0.017239386999999974,2.0901362101237428e-05,0.9999287923177085
125.0,49.0,49.5,49.25,0.014289681999999984,1.732508341471392e-05,0.9999461174011232
125.0,49.5,50.0,49.75,0.014093034999999986,1.7086664835612353e-05,0.9999632040659587
125.0,50.0,50.5,50.25,0.01101223199999999,1.3351440429687795e-05,0.9999765555063884
125.0,50.5,51.0,50.75,0.0070137429999999985,8.503595987955922e-06,0.9999850591023763
125.0,51.0,51.5,51.25,0.004719528000000002,5.722045898437634e-06,0.9999907811482748
125.0,51.5,52.0,51.75,0.003998489000000002,4.847844441731884e-06,0.9999956289927165
125.0,52.0,52.5,52.25,0.002425313000000001,2.9404958089193396e-06,0.9999985694885255
125.0,52.5,53.0,52.75,0.0009176860000000003,1.1126200358073176e-06,0.9999996821085613
125.0,53.0,53.5,53.25,0.000262196,3.178914388020907e-07,1.0
125.0,53.5,54.0,53.75,0.0,0.0,1.0
125.0,54.0,54.5,54.25,0.0,0.0,1.0
125.0,54.5,55.0,54.75,0.0,0.0,1.0
125.0,55.0,55.5,55.25,0.0,0.0,1.0
125.0,55.5,56.0,55.75,0.0,0.0,1.0
125.0,56.0,56.5,56.25,0.0,0.0,1.0
125.0,56.5,57.0,56.75,0.0,0.0,1.0
125.0,57.0,57.5,57.25,0.0,0.0,1.0
125.0,57.5,58.0,57.75,0.0,0.0,1.0
125.0,58.0,58.5,58.25,0.0,0.0,1.0
125.0,58.5,59.0,58.75,0.0,0.0,1.0
125.0,59.0,59.5,59.25,0.0,0.0,1.0
125.0,59.5,60.0,59.75,0.0,0.0,1.0
125.0,60.0,60.5,60.25,0.0,0.0,1.0
125.0,60.5,61.0,60.75,0.0,0.0,1.0
125.0,61.0,61.5,61.25,0.0,0.0,1.0
125.0,61.5,62.0,61.75,0.0,0.0,1.0
125.0,62.0,62.5,62.25,0.0,0.0,1.0
125.0,62.5,63.0,62.75,0.0,0.0,1.0
125.0,63.0,63.5,63.25,0.0,0.0,1.0
125.0,63.5,64.0,63.75,0.0,0.0,1.0
125.0,64.0,64.5,64.25,0.0,0.0,1.0
125.0,64.5,65.0,64.75,0.0,0.0,1.0
125.0,65.0,65.5,65.25,0.0,0.0,1.0
125.0,65.5,66.0,65.75,0.0,0.0,1.0
125.0,66.0,66.5,66.25,0.0,0.0,1.0
125.0,66.5,67.0,66.75,0.0,0.0,1.0
125.0,67.0,67.5,67.25,0.0,0.0,1.0
125.0,67.5,68.0,67.75,0.0,0.0,1.0
125.0,68.0,68.5,68.25,0.0,0.0,1.0
125.0,68.5,69.0,68.75,0.0,0.0,1.0
125.0,69.0,69.5,69.25,0.0,0.0,1.0
125.0,69.5,70.0,69.75,0.0,0.0,1.0
125.0,70.0,70.5,70.25,0.0,0.0,1.0
125.0,70.5,71.0,70.75,0.0,0.0,1.0
125.0,71.0,71.5,71.25,0.0,0.0,1.0
125.0,71.5,72.0,71.75,0.0,0.0,1.0
125.0,72.0,72.5,72.25,0.0,0.0,1.0
125.0,72.5,73.0,72.75,0.0,0.0,1.0
125.0,73.0,73.5,73.25,0.0,0.0,1.0
125.0,73.5,74.0,73.75,0.0,0.0,1.0
125.0,74.0,74.5,74.25,0.0,0.0,1.0
125.0,74.5,75.0,74.75,0.0,0.0,1.0
125.0,75.0,75.5,75.25,0.0,0.0,1.0
125.0,75.5,76.0,75.75,0.0,0.0,1.0
125.0,76.0,76.5,76.25,0.0,0.0,1.0
125.0,76.5,77.0,76.75,0.0,0.0,1.0
125.0,77.0,77.5,77.25,0.0,0.0,1.0
125.0,77.5,78.0,77.75,0.0,0.0,1.0
125.0,78.0,78.5,78.25,0.0,0.0,1.0
125.0,78.5,79.0,78.75,0.0,0.0,1.0
125.0,79.0,79.5,79.25,0.0,0.0,1.0
125.0,79.5,80.0,79.75,0.0,0.0,1.0
125.0,80.0,80.5,80.25,0.0,0.0,1.0
125.0,80.5,81.0,80.75,0.0,0.0,1.0
125.0,81.0,81.5,81.25,0.0,0.0,1.0
125.0,81.5,82.0,81.75,0.0,0.0,1.0
125.0,82.0,82.5,82.25,0.0,0.0,1.0
125.0,82.5,83.0,82.75,0.0,0.0,1.0
125.0,83.0,83.5,83.25,0.0,0.0,1.0
125.0,83.5,84.0,83.75,0.0,0.0,1.0
125.0,84.0,84.5,84.25,0.0,0.0,1.0
125.0,84.5,85.0,84.75,0.0,0.0,1.0
125.0,85.0,85.5,85.25,0.0,0.0,1.0
125.0,85.5,86.0,85.75,0.0,0.0,1.0
125.0,86.0,86.5,86.25,0.0,0.0,1.0
125.0,86.5,87.0,86.75,0.0,0.0,1.0
125.0,87.0,87.5,87.25,0.0,0.0,1.0
125.0,87.5,88.0,87.75,0.0,0.0,1.0
125.0,88.0,88.5,88.25,0.0,0.0,1.0
125.0,88.5,89.0,88.75,0.0,0.0,1.0
125.0,89.0,89.5,89.25,0.0,0.0,1.0
125.0,89.5,90.0,89.75,0.0,0.0,1.0
150.0,0.0,0.5,0.25,0.7882683966000005,0.0009560585021973255,0.0009560585021973255
150.0,0.5,1.0,0.75,2.387149289820023,0.002895275751749882,0.0038513342539472075
150.0,1.0,1.5,1.25,4.014599178960053,0.004869143168131876,0.008720477422079084
150.0,1.5,2.0,1.75,5.69315873970008,0.006904999415080278,0.015625476837159362
150.0,2.0,2.5,2.25,7.351077856140098,0.008915821711223001,0.024541298548382363
150.0,2.5,3.0,2.75,9.038090170260048,0.010961929957072679,0.035503228505455044
150.0,3.0,3.5,3.25,10.859298134939849,0.013170798619588848,0.048674027125043894
150.0,3.5,4.0,3.75,12.424040388539614,0.01506861050923712,0.06374263763428101
150.0,4.0,4.5,4.25,13.939966353239388,0.01690721511840851,0.08064985275268952
150.0,4.5,5.0,4.75,15.251453631539146,0.01849786440531424,0.09914771715800376
150.0,5.0,5.5,5.25,16.591378855318883,0.02012300491332997,0.11927072207133373
150.0,5.5,6.0,5.75,17.80169519393866,0.02159094810485811,0.14086167017619183
150.0,6.0,6.5,6.25,19.007752393258475,0.023053725560505764,0.1639153957366976
150.0,6.5,7.0,6.75,20.05661458979824,0.024325847625731794,0.1882412433624294
150.0,7.0,7.5,7.25,21.061378313277938,0.02554448445637929,0.2137857278188087
150.0,7.5,8.0,7.75,21.66342403463776,0.026274681091307504,0.2400604089101162
150.0,8.0,8.5,8.25,22.316907053697538,0.02706726392110058,0.2671276728312168
150.0,8.5,9.0,8.75,22.85696591693735,0.027722279230752087,0.2948499520619689
150.0,9.0,9.5,9.25,23.333792942877164,0.028300603230792584,0.3231505552927615
150.0,9.5,10.0,9.75,23.625118070997086,0.02865393956502103,0.35180449485778253
150.0,10.0,10.5,10.25,23.657422004457096,0.0286931196848534,0.3804976145426359
150.0,10.5,11.0,10.75,23.816975915157126,0.028886636098224217,0.40938425064086015
150.0,11.0,11.5,11.25,23.554285308177285,0.028568029403685,0.4379522800445452
150.0,11.5,12.0,11.75,23.46058424357742,0.02845438321431341,0.4664066632588586
150.0,12.0,12.5,12.25,23.122539633597565,0.02804438273111858,0.4944510459899772
150.0,12.5,13.0,12.75,23.06887447841762,0.02797929445902391,0.522430340449001
150.0,13.0,13.5,13.25,22.674478179237667,0.027500947316486505,0.5499312877654876
150.0,13.5,14.0,13.75,21.933715567138066,0.026602506637572545,0.5765337944030602
150.0,14.0,14.5,14.25,21.24923911901829,0.025772333145141126,0.6023061275482013
150.0,14.5,15.0,14.75,20.579112694078468,0.024959564208984063,0.6272656917571854
150.0,15.0,15.5,15.25,19.625196541318584,0.02380259831746395,0.6510682900746493
150.0,15.5,16.0,15.75,18.92355248555875,0.022951602935790925,0.6740198930104402
150.0,16.0,16.5,16.25,17.92462050665895,0.02174003918965665,0.6957599322000968
150.0,16.5,17.0,16.75,16.812723048479075,0.02039146423339858,0.7161513964334953
150.0,17.0,17.5,17.25,15.782601064859291,0.019142071406046877,0.7352934678395422
150.0,17.5,18.0,17.75,14.657008835699523,0.017776886622111528,0.7530703544616537
150.0,18.0,18.5,18.25,13.75479208151968,0.016682624816895177,0.7697529792785489
150.0,18.5,19.0,18.75,12.860438353739815,0.015597899754842864,0.7853508790333917
150.0,19.0,19.5,19.25,12.127276667159853,0.014708677927653728,0.8000595569610455
150.0,19.5,20.0,19.75,11.257888048199918,0.013654232025147232,0.8137137889861927
150.0,20.0,20.5,20.25,10.538814283919955,0.012782096862793706,0.8264958858489865
150.0,20.5,21.0,20.75,9.677223166140015,0.011737108230591566,0.8382329940795781
150.0,21.0,21.5,21.25,9.040318027740012,0.010964632034302452,0.8491976261138805
150.0,21.5,22.0,21.75,8.623315527660031,0.01045886675516833,0.8596564928690489
150.0,22.0,22.5,22.25,8.174860921980073,0.009914954503377982,0.8695714473724269
150.0,22.5,23.0,22.75,7.492677856560092,0.009087562561035831,0.8786590099334627
150.0,23.0,23.5,23.25,7.131895995240101,0.008649984995524747,0.8873089949289874
150.0,23.5,24.0,23.75,6.644715984540096,0.008059104283651333,0.8953680992126387
150.0,24.0,24.5,24.25,6.31217549304009,0.007655779520671157,0.9030238787333099
150.0,24.5,25.0,24.75,5.988022229700086,0.00726262728373265,0.9102865060170425
150.0,25.0,25.5,25.25,5.618918665440078,0.0068149566650395794,0.9171014626820821
150.0,25.5,26.0,25.75,5.415921533880074,0.0065687497456873465,0.9236702124277695
150.0,26.0,26.5,26.25,4.949906169240068,0.006003538767497199,0.9296737511952666
150.0,26.5,27.0,26.75,4.609240550460063,0.00559035936991416,0.9352641105651808
150.0,27.0,27.5,27.25,4.3099868707200555,0.005227406819661849,0.9404915173848426
150.0,27.5,28.0,27.75,3.9257469806400493,0.004761377970377959,0.9452528953552206
150.0,28.0,28.5,28.25,3.6779305986000446,0.004460811614990565,0.9497137069702112
150.0,28.5,29.0,28.75,3.433456002780042,0.0041642983754479005,0.953878005345659
150.0,29.0,29.5,29.25,3.2185332811800373,0.00390362739563017,0.9577816327412892
150.0,29.5,30.0,29.75,3.021105793320036,0.003664175669352484,0.9614458084106418
150.0,30.0,30.5,30.25,2.8585377225000332,0.0034670035044354766,0.9649128119150773
150.0,30.5,31.0,30.75,2.6867961208800315,0.0032587051391603965,0.9681715170542377
150.0,31.0,31.5,31.25,2.5013597482800294,0.003033796946207906,0.9712053140004455
150.0,31.5,32.0,31.75,2.2850609970600244,0.0027714570363364644,0.9739767710367819
150.0,32.0,32.5,32.25,2.1433954714200225,0.0025996367136639255,0.9765764077504459
150.0,32.5,33.0,32.75,2.144509400160023,0.002600987752278835,0.9791773955027246
150.0,33.0,33.5,33.25,2.123410279320024,0.0025753974914552668,0.98175279299418
150.0,33.5,34.0,33.75,2.0822604411600234,0.002525488535563336,0.9842782815297433
150.0,34.0,34.5,34.25,1.9587454014600216,0.002375682195027843,0.9866539637247711
150.0,34.5,35.0,34.75,1.7082424854000189,0.0020718574523927295,0.9887258211771638
150.0,35.0,35.5,35.25,1.4486315637600142,0.0017569859822592407,0.990482807159423
150.0,35.5,36.0,35.75,1.3069660381200117,0.001585165659586701,0.9920679728190097
150.0,36.0,36.5,36.25,0.9968351718600088,0.001209020614624109,0.9932769934336338
150.0,36.5,37.0,36.75,0.8374123116000071,0.0010156631469727278,0.9942926565806066
150.0,37.0,37.5,37.25,0.7507224455400061,0.000910520553588931,0.9952031771341956
150.0,37.5,38.0,37.75,0.6426058325400053,0.0007793903350830625,0.9959825674692786
150.0,38.0,38.5,38.25,0.5441869521000041,0.0006600220998128714,0.9966425895690915
150.0,38.5,39.0,38.75,0.4657532637600033,0.0005648930867513412,0.9972074826558428
150.0,39.0,39.5,39.25,0.3883024537200027,0.00047095616658531897,0.9976784388224281
150.0,39.5,40.0,39.75,0.33254049150000253,0.0004033247629801713,0.9980817635854083
150.0,40.0,40.5,40.25,0.2959118935200022,0.000358899434407577,0.9984406630198159
150.0,40.5,41.0,40.75,0.25679333718000175,0.0003114541371663626,0.9987521171569823
150.0,41.0,41.5,41.25,0.1880573814000008,0.0002280871073405099,0.9989802042643228
150.0,41.5,42.0,41.75,0.17206922772000083,0.00020869572957358165,0.9991888999938964
150.0,42.0,42.5,42.25,0.13065728868000026,0.00015846888224284867,0.9993473688761392
150.0,42.5,43.0,42.75,0.10516797810000024,0.00012755393981934412,0.9994749228159585
150.0,43.0,43.5,43.25,0.08184099977999997,9.926160176595663e-05,0.9995741844177245
150.0,43.5,44.0,43.75,0.06821175401999997,8.273124694824728e-05,0.9996569156646727
150.0,44.0,44.5,44.25,0.05530328567999997,6.70750935872437e-05,0.99972399075826
150.0,44.5,45.0,44.75,0.028634521140000004,3.4729639689129764e-05,0.9997587203979491
150.0,45.0,45.5,45.25,0.023064877440000006,2.7974446614585074e-05,0.9997866948445637
150.0,45.5,46.0,45.75,0.022606200900000005,2.7418136596681392e-05,0.9998141129811604
150.0,46.0,46.5,46.25,0.02005071732000001,2.4318695068360893e-05,0.9998384316762288
150.0,46.5,47.0,46.75,0.016446830220000007,1.9947687784831974e-05,0.9998583793640136
150.0,47.0,47.5,47.25,0.017691809400000008,2.1457672119141963e-05,0.9998798370361327
150.0,47.5,48.0,47.75,0.015136325820000015,1.8358230590821468e-05,0.9998981952667235
150.0,48.0,48.5,48.25,0.01834706159999999,2.2252400716147198e-05,0.9999204476674397
150.0,48.5,49.0,48.75,0.01631577978,1.9788742065430914e-05,0.9999402364095051
150.0,49.0,49.5,49.25,0.015660527580000003,1.899401346842566e-05,0.9999592304229735
150.0,49.5,50.0,49.75,0.011729014380000014,1.4225641886394126e-05,0.9999734560648599
150.0,50.0,50.5,50.25,0.0091735308,1.1126200358073606e-05,0.9999845822652179
150.0,50.5,51.0,50.75,0.00478334106,5.80151875813838e-06,0.9999903837839761
150.0,51.0,51.5,51.25,0.00406256364,4.927317301432597e-06,0.9999953111012775
150.0,51.5,52.0,51.75,0.0026865340199999995,3.2583872477215556e-06,0.9999985694885252
150.0,52.0,52.5,52.25,0.0008518278599999998,1.0331471761068347e-06,0.9999996026357013
150.0,52.5,53.0,52.75,0.00032762609999999995,3.9736429850262875e-07,0.9999999999999998
150.0,53.0,53.5,53.25,0.0,0.0,0.9999999999999998
150.0,53.5,54.0,53.75,0.0,0.0,0.9999999999999998
150.0,54.0,54.5,54.25,0.0,0.0,0.9999999999999998
150.0,54.5,55.0,54.75,0.0,0.0,0.9999999999999998
150.0,55.0,55.5,55.25,0.0,0.0,0.9999999999999998
150.0,55.5,56.0,55.75,0.0,0.0,0.9999999999999998
150.0,56.0,56.5,56.25,0.0,0.0,0.9999999999999998
150.0,56.5,57.0,56.75,0.0,0.0,0.9999999999999998
150.0,57.0,57.5,57.25,0.0,0.0,0.9999999999999998
150.0,57.5,58.0,57.75,0.0,0.0,0.9999999999999998
150.0,58.0,58.5,58.25,0.0,0.0,0.9999999999999998
150.0,58.5,59.0,58.75,0.0,0.0,0.9999999999999998
150.0,59.0,59.5,59.25,0.0,0.0,0.9999999999999998
150.0,59.5,60.0,59.75,0.0,0.0,0.9999999999999998
150.0,60.0,60.5,60.25,0.0,0.0,0.9999999999999998
150.0,60.5,61.0,60.75,0.0,0.0,0.9999999999999998
150.0,61.0,61.5,61.25,0.0,0.0,0.9999999999999998
150.0,61.5,62.0,61.75,0.0,0.0,0.9999999999999998
150.0,62.0,62.5,62.25,0.0,0.0,0.9999999999999998
150.0,62.5,63.0,62.75,0.0,0.0,0.9999999999999998
150.0,63.0,63.5,63.25,0.0,0.0,0.9999999999999998
150.0,63.5,64.0,63.75,0.0,0.0,0.9999999999999998
150.0,64.0,64.5,64.25,0.0,0.0,0.9999999999999998
150.0,64.5,65.0,64.75,0.0,0.0,0.9999999999999998
150.0,65.0,65.5,65.25,0.0,0.0,0.9999999999999998
150.0,65.5,66.0,65.75,0.0,0.0,0.9999999999999998
150.0,66.0,66.5,66.25,0.0,0.0,0.9999999999999998
150.0,66.5,67.0,66.75,0.0,0.0,0.9999999999999998
150.0,67.0,67.5,67.25,0.0,0.0,0.9999999999999998
150.0,67.5,68.0,67.75,0.0,0.0,0.9999999999999998
150.0,68.0,68.5,68.25,0.0,0.0,0.9999999999999998
150.0,68.5,69.0,68.75,0.0,0.0,0.9999999999999998
150.0,69.0,69.5,69.25,0.0,0.0,0.9999999999999998
150.0,69.5,70.0,69.75,0.0,0.0,0.9999999999999998
150.0,70.0,70.5,70.25,0.0,0.0,0.9999999999999998
150.0,70.5,71.0,70.75,0.0,0.0,0.9999999999999998
150.0,71.0,71.5,71.25,0.0,0.0,0.9999999999999998
150.0,71.5,72.0,71.75,0.0,0.0,0.9999999999999998
150.0,72.0,72.5,72.25,0.0,0.0,0.9999999999999998
150.0,72.5,73.0,72.75,0.0,0.0,0.9999999999999998
150.0,73.0,73.5,73.25,0.0,0.0,0.9999999999999998
150.0,73.5,74.0,73.75,0.0,0.0,0.9999999999999998
150.0,74.0,74.5,74.25,0.0,0.0,0.9999999999999998
150.0,74.5,75.0,74.75,0.0,0.0,0.9999999999999998
150.0,75.0,75.5,75.25,0.0,0.0,0.9999999999999998
150.0,75.5,76.0,75.75,0.0,0.0,0.9999999999999998
150.0,76.0,76.5,76.25,0.0,0.0,0.9999999999999998
150.0,76.5,77.0,76.75,0.0,0.0,0.9999999999999998
150.0,77.0,77.5,77.25,0.0,0.0,0.9999999999999998
150.0,77.5,78.0,77.75,0.0,0.0,0.9999999999999998
150.0,78.0,78.5,78.25,0.0,0.0,0.9999999999999998
150.0,78.5,79.0,78.75,0.0,0.0,0.9999999999999998
150.0,79.0,79.5,79.25,0.0,0.0,0.9999999999999998
150.0,79.5,80.0,79.75,0.0,0.0,0.9999999999999998
150.0,80.0,80.5,80.25,0.0,0.0,0.9999999999999998
150.0,80.5,81.0,80.75,0.0,0.0,0.9999999999999998
150.0,81.0,81.5,81.25,0.0,0.0,0.9999999999999998
150.0,81.5,82.0,81.75,0.0,0.0,0.9999999999999998
150.0,82.0,82.5,82.25,0.0,0.0,0.9999999999999998
150.0,82.5,83.0,82.75,0.0,0.0,0.9999999999999998
150.0,83.0,83.5,83.25,0.0,0.0,0.9999999999999998
150.0,83.5,84.0,83.75,0.0,0.0,0.9999999999999998
150.0,84.0,84.5,84.25,0.0,0.0,0.9999999999999998
150.0,84.5,85.0,84.75,0.0,0.0,0.9999999999999998
150.0,85.0,85.5,85.25,0.0,0.0,0.9999999999999998
150.0,85.5,86.0,85.75,0.0,0.0,0.9999999999999998
150.0,86.0,86.5,86.25,0.0,0.0,0.9999999999999998
150.0,86.5,87.0,86.75,0.0,0.0,0.9999999999999998
150.0,87.0,87.5,87.25,0.0,0.0,0.9999999999999998
150.0,87.5,88.0,87.75,0.0,0.0,0.9999999999999998
150.0,88.0,88.5,88.25,0.0,0.0,0.9999999999999998
150.0,88.5,89.0,88.75,0.0,0.0,0.9999999999999998
150.0,89.0,89.5,89.25,0.0,0.0,0.9999999999999998
150.0,89.5,90.0,89.75,0.0,0.0,0.9999999999999998
175.0,0.0,0.5,0.25,0.794258916250001,0.0009636084238688249,0.0009636084238688249
175.0,0.5,1.0,0.75,2.410092704879983,0.0029239654541015677,0.0038875738779703926
175.0,1.0,1.5,1.25,3.9970383960199523,0.004849274953206365,0.008736848831176758
175.0,1.5,2.0,1.75,5.745914647240005,0.006971041361490953,0.01570789019266771
175.0,2.0,2.5,2.25,7.407668064760096,0.008987108866373895,0.024694999059041607
175.0,2.5,3.0,2.75,9.09686845019021,0.011036475499471381,0.035731474558512985
175.0,3.0,3.5,3.25,10.918783768760209,0.013246854146321986,0.04897832870483497
175.0,3.5,4.0,3.75,12.546801652930192,0.015221993128459028,0.064200321833294
175.0,4.0,4.5,4.25,14.04465933367013,0.017039219538371078,0.08123954137166507
175.0,4.5,5.0,4.75,15.35503915723008,0.01862899462382025,0.09986853599548531
175.0,5.0,5.5,5.25,16.68395714765995,0.02024126052856457,0.12010979652404988
175.0,5.5,6.0,5.75,17.879374134269835,0.02169156074523925,0.14180135726928914
175.0,6.0,6.5,6.25,19.253622200579645,0.023358821868896262,0.1651601791381854
175.0,6.5,7.0,6.75,20.241582033559514,0.024557431538899367,0.18971761067708476
175.0,7.0,7.5,7.25,21.235568408419436,0.025763352711994987,0.21548096338907974
175.0,7.5,8.0,7.75,21.895474744279365,0.026563962300617958,0.2420449256896977
175.0,8.0,8.5,8.25,22.406486192169318,0.027183930079141667,0.26922885576883937
175.0,8.5,9.0,8.75,22.98156240047925,0.027881622314452462,0.29711047808329183
175.0,9.0,9.5,9.25,23.410167438749202,0.028401613235472918,0.32551209131876474
175.0,9.5,10.0,9.75,23.853642314049146,0.028939644495645383,0.35445173581441014
175.0,10.0,10.5,10.25,23.67205998696922,0.028719345728555626,0.38317108154296575
175.0,10.5,11.0,10.75,23.856000526089204,0.02894250551859467,0.4121135870615604
175.0,11.0,11.5,11.25,23.646316172199253,0.02868811289469336,0.4408016999562538
175.0,11.5,12.0,11.75,23.53299098249929,0.028550624847411502,0.4693523248036653
175.0,12.0,12.5,12.25,23.274963281789358,0.02823758125305123,0.4975899060567165
175.0,12.5,13.0,12.75,23.11460486306937,0.02804303169250437,0.5256329377492208
175.0,13.0,13.5,13.25,22.680955871269433,0.027516921361286993,0.5531498591105078
175.0,13.5,14.0,13.75,21.9339922075996,0.02661069234212215,0.57976055145263
175.0,14.0,14.5,14.25,21.280046907729698,0.02581731478373196,0.6055778662363619
175.0,14.5,15.0,14.75,20.595444851339774,0.0249867439270019,0.6305646101633638
175.0,15.0,15.5,15.25,19.658645118449897,0.02385020256042489,0.6544148127237888
175.0,15.5,16.0,15.75,18.939324940359963,0.022977511088053546,0.6773923238118423
175.0,16.0,16.5,16.25,17.914681808980095,0.02173439661661815,0.6991267204284605
175.0,16.5,17.0,16.75,16.70210227919019,0.02026327451070191,0.7193899949391623
175.0,17.0,17.5,17.25,15.755804192250242,0.01911520957946824,0.7385052045186306
175.0,17.5,18.0,17.75,14.573553889530322,0.01768088340759332,0.7561860879262239
175.0,18.0,18.5,18.25,13.680512091160356,0.016597429911296153,0.7727835178375201
175.0,18.5,19.0,18.75,12.783277915830352,0.015508890151978105,0.7882924079894982
175.0,19.0,19.5,19.25,12.030942769180298,0.01459614435831755,0.8028885523478158
175.0,19.5,20.0,19.75,11.150347089910262,0.013527790705363394,0.8164163430531791
175.0,20.0,20.5,20.25,10.43063387648023,0.012654622395833726,0.8290709654490128
175.0,20.5,21.0,20.75,9.562091280970186,0.011600891749064457,0.8406718571980772
175.0,21.0,21.5,21.25,8.988652719910135,0.01090518633524603,0.8515770435333233
175.0,21.5,22.0,21.75,8.598303121400129,0.010431607564290613,0.8620086510976139
175.0,22.0,22.5,22.25,8.083885367230128,0.009807507197062417,0.8718161582946764
175.0,22.5,23.0,22.75,7.422079360560112,0.009004592895508028,0.8808207511901844
175.0,23.0,23.5,23.25,7.016532395570083,0.008512576421102066,0.8893333276112865
175.0,23.5,24.0,23.75,6.555436435860047,0.00795316696167005,0.8972864945729565
175.0,24.0,24.5,24.25,6.224500679580039,0.007551670074463006,0.9048381646474195
175.0,24.5,25.0,24.75,5.929069115680025,0.007193247477213636,0.9120314121246331
175.0,25.0,25.5,25.25,5.557716225270011,0.006742715835571362,0.9187741279602045
175.0,25.5,26.0,25.75,5.318161185540024,0.006452083587646571,0.9252262115478511
175.0,26.0,26.5,26.25,4.919361327220008,0.005968252817789776,0.9311944643656409
175.0,26.5,27.0,26.75,4.574079781029993,0.005549351374308309,0.9367438157399492
175.0,27.0,27.5,27.25,4.216417621629979,0.005115429560343445,0.9418592453002927
175.0,27.5,28.0,27.75,3.8449992253299823,0.004664818445841492,0.9465240637461343
175.0,28.0,28.5,28.25,3.5867750069499866,0.004351536432902041,0.9508756001790364
175.0,28.5,29.0,28.75,3.4030964913899955,0.004128694534301789,0.9550042947133381
175.0,29.0,29.5,29.25,3.1235173528699884,0.0037895043690999546,0.9587937990824381
175.0,29.5,30.0,29.75,2.972657288199996,0.003606478373209663,0.9624002774556478
175.0,30.0,30.5,30.25,2.7826902071999977,0.0033760070800781523,0.965776284535726
175.0,30.5,31.0,30.75,2.6571154160700066,0.0032236576080322634,0.9689999421437582
175.0,31.0,31.5,31.25,2.461187299079993,0.002985954284667987,0.9719858964284261
175.0,31.5,32.0,31.75,2.233357813659989,0.002709547678629568,0.9746954441070557
175.0,32.0,32.5,32.25,2.1031321043399895,0.002551555633544932,0.9772469997406006
175.0,32.5,33.0,32.75,2.079746501609996,0.0025231838226318533,0.9797701835632324
175.0,33.0,33.5,33.25,2.0709687123500067,0.0025125344594319966,0.9822827180226644
175.0,33.5,34.0,33.75,2.0484346861900145,0.0024851957956950267,0.9847679138183595
175.0,34.0,34.5,34.25,1.9216152831500166,0.0023313363393148196,0.9870992501576743
175.0,34.5,35.0,34.75,1.662015441080002,0.002016385396321635,0.989115635553996
175.0,35.0,35.5,35.25,1.429338519799994,0.0017340977986653728,0.9908497333526614
175.0,35.5,36.0,35.75,1.2576475821099928,0.0015257994333903043,0.9923755327860516
175.0,36.0,36.5,36.25,0.9623470299899892,0.001167535781860349,0.993543068567912
175.0,36.5,37.0,36.75,0.8042158115299933,0.0009756882985432948,0.9945187568664553
175.0,37.0,37.5,37.25,0.7243641316199935,0.0008788108825683593,0.9953975677490237
175.0,37.5,38.0,37.75,0.6259087789499944,0.0007593631744384766,0.9961569309234621
175.0,38.0,38.5,38.25,0.5224749786399959,0.0006338755289713549,0.9967908064524335
175.0,38.5,39.0,38.75,0.4633231599699959,0.0005621115366617839,0.9973529179890952
175.0,39.0,39.5,39.25,0.380654726789997,0.00046181678771972705,0.9978147347768149
175.0,39.5,40.0,39.75,0.32215796701999744,0.0003908475240071618,0.9982055823008221
175.0,40.0,40.5,40.25,0.2880293983299977,0.0003494421641031904,0.9985550244649253
175.0,40.5,41.0,40.75,0.23811391014999897,0.00028888384501139455,0.9988439083099366
175.0,41.0,41.5,41.25,0.18040322105999967,0.00021886825561523592,0.9990627765655519
175.0,41.5,42.0,41.75,0.16599192525999965,0.00020138422648112116,0.999264160792033
175.0,42.0,42.5,42.25,0.1265573794800002,0.00015354156494140788,0.9994177023569744
175.0,42.5,43.0,42.75,0.09753827021000018,0.00011833508809407679,0.9995360374450685
175.0,43.0,43.5,43.25,0.07107389064999993,8.622805277506579e-05,0.9996222654978435
175.0,43.5,44.0,43.75,0.06524386643999999,7.915496826171944e-05,0.9997014204661052
175.0,44.0,44.5,44.25,0.03995859290000001,4.847844441731816e-05,0.9997498989105226
175.0,44.5,45.0,44.75,0.024826732309999995,3.012021382649766e-05,0.9997800191243491
175.0,45.0,45.5,45.25,0.0235821204,2.8610229492187754e-05,0.9998086293538413
175.0,45.5,46.0,45.75,0.021289414250000006,2.582867940266951e-05,0.999834458033244
175.0,46.0,46.5,46.25,0.01611444894,1.95503234863283e-05,0.9998540083567303
175.0,46.5,47.0,46.75,0.01794861386000001,2.1775563557942917e-05,0.9998757839202883
175.0,47.0,47.5,47.25,0.015393884150000009,1.8676122029622574e-05,0.999894460042318
175.0,47.5,48.0,47.75,0.014935342920000013,1.8119812011718926e-05,0.9999125798543297
175.0,48.0,48.5,48.25,0.017228049069999987,2.090136210123715e-05,0.9999334812164309
175.0,48.5,49.0,48.75,0.016769507839999993,2.0345052083333505e-05,0.9999538262685143
175.0,49.0,49.5,49.25,0.015000848809999995,1.8199284871419426e-05,0.9999720255533857
175.0,49.5,50.0,49.75,0.010546448290000007,1.2795130411783976e-05,0.9999848206837975
175.0,50.0,50.5,50.25,0.004454400519999998,5.404154459635462e-06,0.9999902248382571
175.0,50.5,51.0,50.75,0.0037993416199999987,4.609425862630248e-06,0.9999948342641197
175.0,51.0,51.5,51.25,0.003209788609999999,3.8941701253255544e-06,0.9999987284342451
175.0,51.5,52.0,51.75,0.00091708246,1.1126200358073015e-06,0.9999998410542809
175.0,52.0,52.5,52.25,0.00013101178,1.589457194010431e-07,1.0000000000000002
175.0,52.5,53.0,52.75,0.0,0.0,1.0000000000000002
175.0,53.0,53.5,53.25,0.0,0.0,1.0000000000000002
175.0,53.5,54.0,53.75,0.0,0.0,1.0000000000000002
175.0,54.0,54.5,54.25,0.0,0.0,1.0000000000000002
175.0,54.5,55.0,54.75,0.0,0.0,1.0000000000000002
175.0,55.0,55.5,55.25,0.0,0.0,1.0000000000000002
175.0,55.5,56.0,55.75,0.0,0.0,1.0000000000000002
175.0,56.0,56.5,56.25,0.0,0.0,1.0000000000000002
175.0,56.5,57.0,56.75,0.0,0.0,1.0000000000000002
175.0,57.0,57.5,57.25,0.0,0.0,1.0000000000000002
175.0,57.5,58.0,57.75,0.0,0.0,1.0000000000000002
175.0,58.0,58.5,58.25,0.0,0.0,1.0000000000000002
175.0,58.5,59.0,58.75,0.0,0.0,1.0000000000000002
175.0,59.0,59.5,59.25,0.0,0.0,1.0000000000000002
175.0,59.5,60.0,59.75,0.0,0.0,1.0000000000000002
175.0,60.0,60.5,60.25,0.0,0.0,1.0000000000000002
175.0,60.5,61.0,60.75,0.0,0.0,1.0000000000000002
175.0,61.0,61.5,61.25,0.0,0.0,1.0000000000000002
175.0,61.5,62.0,61.75,0.0,0.0,1.0000000000000002
175.0,62.0,62.5,62.25,0.0,0.0,1.0000000000000002
175.0,62.5,63.0,62.75,0.0,0.0,1.0000000000000002
175.0,63.0,63.5,63.25,0.0,0.0,1.0000000000000002
175.0,63.5,64.0,63.75,0.0,0.0,1.0000000000000002
175.0,64.0,64.5,64.25,0.0,0.0,1.0000000000000002
175.0,64.5,65.0,64.75,0.0,0.0,1.0000000000000002
175.0,65.0,65.5,65.25,0.0,0.0,1.0000000000000002
175.0,65.5,66.0,65.75,0.0,0.0,1.0000000000000002
175.0,66.0,66.5,66.25,0.0,0.0,1.0000000000000002
175.0,66.5,67.0,66.75,0.0,0.0,1.0000000000000002
175.0,67.0,67.5,67.25,0.0,0.0,1.0000000000000002
175.0,67.5,68.0,67.75,0.0,0.0,1.0000000000000002
175.0,68.0,68.5,68.25,0.0,0.0,1.0000000000000002
175.0,68.5,69.0,68.75,0.0,0.0,1.0000000000000002
175.0,69.0,69.5,69.25,0.0,0.0,1.0000000000000002
175.0,69.5,70.0,69.75,0.0,0.0,1.0000000000000002
175.0,70.0,70.5,70.25,0.0,0.0,1.0000000000000002
175.0,70.5,71.0,70.75,0.0,0.0,1.0000000000000002
175.0,71.0,71.5,71.25,0.0,0.0,1.0000000000000002
175.0,71.5,72.0,71.75,0.0,0.0,1.0000000000000002
175.0,72.0,72.5,72.25,0.0,0.0,1.0000000000000002
175.0,72.5,73.0,72.75,0.0,0.0,1.0000000000000002
175.0,73.0,73.5,73.25,0.0,0.0,1.0000000000000002
175.0,73.5,74.0,73.75,0.0,0.0,1.0000000000000002
175.0,74.0,74.5,74.25,0.0,0.0,1.0000000000000002
175.0,74.5,75.0,74.75,0.0,0.0,1.0000000000000002
175.0,75.0,75.5,75.25,0.0,0.0,1.0000000000000002
175.0,75.5,76.0,75.75,0.0,0.0,1.0000000000000002
175.0,76.0,76.5,76.25,0.0,0.0,1.0000000000000002
175.0,76.5,77.0,76.75,0.0,0.0,1.0000000000000002
175.0,77.0,77.5,77.25,0.0,0.0,1.0000000000000002
175.0,77.5,78.0,77.75,0.0,0.0,1.0000000000000002
175.0,78.0,78.5,78.25,0.0,0.0,1.0000000000000002
175.0,78.5,79.0,78.75,0.0,0.0,1.0000000000000002
175.0,79.0,79.5,79.25,0.0,0.0,1.0000000000000002
175.0,79.5,80.0,79.75,0.0,0.0,1.0000000000000002
175.0,80.0,80.5,80.25,0.0,0.0,1.0000000000000002
175.0,80.5,81.0,80.75,0.0,0.0,1.0000000000000002
175.0,81.0,81.5,81.25,0.0,0.0,1.0000000000000002
175.0,81.5,82.0,81.75,0.0,0.0,1.0000000000000002
175.0,82.0,82.5,82.25,0.0,0.0,1.0000000000000002
175.0,82.5,83.0,82.75,0.0,0.0,1.0000000000000002
175.0,83.0,83.5,83.25,0.0,0.0,1.0000000000000002
175.0,83.5,84.0,83.75,0.0,0.0,1.0000000000000002
175.0,84.0,84.5,84.25,0.0,0.0,1.0000000000000002
175.0,84.5,85.0,84.75,0.0,0.0,1.0000000000000002
175.0,85.0,85.5,85.25,0.0,0.0,1.0000000000000002
175.0,85.5,86.0,85.75,0.0,0.0,1.0000000000000002
175.0,86.0,86.5,86.25,0.0,0.0,1.0000000000000002
175.0,86.5,87.0,86.75,0.0,0.0,1.0000000000000002
175.0,87.0,87.5,87.25,0.0,0.0,1.0000000000000002
175.0,87.5,88.0,87.75,0.0,0.0,1.0000000000000002
175.0,88.0,88.5,88.25,0.0,0.0,1.0000000000000002
175.0,88.5,89.0,88.75,0.0,0.0,1.0000000000000002
175.0,89.0,89.5,89.25,0.0,0.0,1.0000000000000002
175.0,89.5,90.0,89.75,0.0,0.0,1.0000000000000002
200.0,0.0,0.5,0.25,0.7940172486399972,0.0009635289510090765,0.0009635289510090765
200.0,0.5,1.0,0.75,2.438832755040026,0.0029594898223876203,0.003923018773396697
200.0,1.0,1.5,1.25,4.003224871360083,0.0048578580220539624,0.00878087679545066
200.0,1.5,2.0,1.75,5.748045684480154,0.0069751739501952474,0.015756050745645907
200.0,2.0,2.5,2.25,7.4972544187202255,0.00909781455993647,0.024853865305582375
200.0,2.5,3.0,2.75,9.132115238400296,0.011081695556640585,0.03593556086222296
200.0,3.0,3.5,3.25,11.00025628240038,0.013348658879597963,0.04928421974182092
200.0,3.5,4.0,3.75,12.709318812960458,0.015422582626342773,0.0647068023681637
200.0,4.0,4.5,4.25,14.119216811040525,0.017133474349975607,0.08184027671813932
200.0,4.5,5.0,4.75,15.429044011040585,0.01872293154398604,0.10056320826212535
200.0,5.0,5.5,5.25,16.74483092480064,0.020319620768229213,0.12088282903035456
200.0,5.5,6.0,5.75,18.005801570240703,0.02184979120890306,0.14273262023925762
200.0,6.0,6.5,6.25,19.477785377600767,0.02363602320353198,0.1663686434427896
200.0,6.5,7.0,6.75,20.45085600448081,0.024816830952962325,0.19118547439575193
200.0,7.0,7.5,7.25,21.43813825648085,0.026014884312947687,0.2172003587086996
200.0,7.5,8.0,7.75,22.09030121936088,0.02680627504984548,0.2440066337585451
200.0,8.0,8.5,8.25,22.539571948960905,0.027351458867391064,0.27135809262593613
200.0,8.5,9.0,8.75,23.05747762384093,0.02797993024190279,0.29933802286783895
200.0,9.0,9.5,9.25,23.57754451360094,0.028611024220784615,0.32794904708862355
200.0,9.5,10.0,9.75,23.914694034880963,0.02902015050252291,0.3569691975911465
200.0,10.0,10.5,10.25,23.817897804800946,0.028902689615885522,0.385871887207032
200.0,10.5,11.0,10.75,23.851691346560955,0.028943697611491,0.41481558481852304
200.0,11.0,11.5,11.25,23.720184695680956,0.028784116109212363,0.44359970092773543
200.0,11.5,12.0,11.75,23.656265128320946,0.028706550598144646,0.47230625152588007
200.0,12.0,12.5,12.25,23.361619499680934,0.028349002202351998,0.500655253728232
200.0,12.5,13.0,12.75,23.224939031360936,0.02818314234415702,0.528838396072389
200.0,13.0,13.5,13.25,22.70677139104091,0.02755435307820649,0.5563927491505956
200.0,13.5,14.0,13.75,21.905484601440868,0.0265820026397706,0.5829747517903662
200.0,14.0,14.5,14.25,21.26163904128084,0.025800704956054778,0.608775456746421
200.0,14.5,15.0,14.75,20.722841622560818,0.025146881739298587,0.6339223384857195
200.0,15.0,15.5,15.25,19.62704018704077,0.023817141850789463,0.657739480336509
200.0,15.5,16.0,15.75,18.944096284960736,0.02298839886983242,0.6807278792063414
200.0,16.0,16.5,16.25,17.90265267824069,0.021724621454874728,0.7024525006612161
200.0,16.5,17.0,16.75,16.67750580672064,0.020237922668457076,0.7226904233296731
200.0,17.0,17.5,17.25,15.644314111360588,0.018984158833821645,0.7416745821634948
200.0,17.5,18.0,17.75,14.517404279840543,0.017616669336954775,0.7592912515004496
200.0,18.0,18.5,18.25,13.5776687552005,0.01647631327311199,0.7757675647735616
200.0,18.5,19.0,18.75,12.703817538720463,0.015415906906127935,0.7911834716796895
200.0,19.0,19.5,19.25,11.922636596640427,0.014467954635620114,0.8056514263153096
200.0,19.5,20.0,19.75,11.068105331360389,0.013430992762247709,0.8190824190775573
200.0,20.0,20.5,20.25,10.317901802560351,0.01252063115437823,0.8316030502319355
200.0,20.5,21.0,20.75,9.508428592960316,0.011538346608479785,0.8431413968404152
200.0,21.0,21.5,21.25,8.957056833120292,0.010869264602661096,0.8540106614430764
200.0,21.5,22.0,21.75,8.52298009904027,0.010342518488566035,0.8643531799316424
200.0,22.0,22.5,22.25,7.975406838080246,0.009678045908609975,0.8740312258402524
200.0,22.5,23.0,22.75,7.316039825600217,0.008877913157145124,0.8829091389973975
200.0,23.0,23.5,23.25,6.9279380262402,0.008406956990559836,0.8913160959879574
200.0,23.5,24.0,23.75,6.500279445440182,0.007887999216715432,0.8992040952046728
200.0,24.0,24.5,24.25,6.170792413280168,0.007488171259562108,0.906692266464235
200.0,24.5,25.0,24.75,5.8485094307201555,0.007097085316975844,0.9137893517812108
200.0,25.0,25.5,25.25,5.4670877500801405,0.00663423538208001,0.9204235871632908
200.0,25.5,26.0,25.75,5.276704366560136,0.006403207778930598,0.9268267949422213
200.0,26.0,26.5,26.25,4.892139100640121,0.005936543146769139,0.9327633380889905
200.0,26.5,27.0,26.75,4.511765281760107,0.005474964777628513,0.938238302866619
200.0,27.0,27.5,27.25,4.120978336640093,0.0050007502237955056,0.9432390530904146
200.0,27.5,28.0,27.75,3.738312320160079,0.004536390304565362,0.9477754433949799
200.0,28.0,28.5,28.25,3.522452797600073,0.004274447758992448,0.9520498911539723
200.0,28.5,29.0,28.75,3.318774668000068,0.00402728716532383,0.9560771783192962
200.0,29.0,29.5,29.25,3.0712828185600607,0.0037269592285155643,0.9598041375478117
200.0,29.5,30.0,29.75,2.943509175200058,0.0035719076792398506,0.9633760452270516
200.0,30.0,30.5,30.25,2.7129140966400516,0.003292083740234319,0.9666681289672858
200.0,30.5,31.0,30.75,2.6080624292800496,0.003164847691853787,0.9698329766591396
200.0,31.0,31.5,31.25,2.4133566160000433,0.0029285748799641395,0.9727615515391037
200.0,31.5,32.0,31.75,2.1790940212800365,0.0026443004608153785,0.9754058519999191
200.0,32.0,32.5,32.25,2.074111371200035,0.0025169054667154465,0.9779227574666346
200.0,32.5,33.0,32.75,2.0080305889600374,0.002436717351277627,0.9803594748179122
200.0,33.0,33.5,33.25,2.0168719225600418,0.002447446187337202,0.9828069210052494
200.0,33.5,34.0,33.75,2.0080305889600436,0.0024367173512776343,0.985243638356527
200.0,34.0,34.5,34.25,1.902851464800041,0.0023090839385985994,0.9875527222951256
200.0,34.5,35.0,34.75,1.6057171644800312,0.0019485155741373373,0.9895012378692629
200.0,35.0,35.5,35.25,1.4102254548800253,0.0017112890879312842,0.9912125269571942
200.0,35.5,36.0,35.75,1.2012425251200203,0.0014576911926269252,0.9926702181498211
200.0,36.0,36.5,36.25,0.928274536640014,0.0011264483133951587,0.9937966664632163
200.0,36.5,37.0,36.75,0.7796091494400105,0.0009460449218749786,0.9947427113850913
200.0,37.0,37.5,37.25,0.7086165152000089,0.0008598963419596152,0.9956026077270509
200.0,37.5,38.0,37.75,0.5950544969600073,0.0007220904032389151,0.9963246981302898
200.0,38.0,38.5,38.25,0.5108980993600059,0.0006199677785237478,0.9969446659088136
200.0,38.5,39.0,38.75,0.4666914313600056,0.0005663235982258978,0.9975109895070395
200.0,39.0,39.5,39.25,0.36779947776000416,0.00044631958007811394,0.9979573090871177
200.0,39.5,40.0,39.75,0.3095121673600036,0.0003755887349446523,0.9983328978220624
200.0,40.0,40.5,40.25,0.27604608240000283,0.0003349781036376867,0.9986678759257
200.0,40.5,41.0,40.75,0.22443889072000148,0.00027235349019367685,0.9989402294158938
200.0,41.0,41.5,41.25,0.17309366448000046,0.00021004676818846954,0.9991502761840823
200.0,41.5,42.0,41.75,0.15947146160000053,0.0001935164133707619,0.999343792597453
200.0,42.0,42.5,42.25,0.11388947503999984,0.00013820330301920054,0.9994819959004722
200.0,42.5,43.0,42.75,0.08887177551999978,0.00010784467061360262,0.9995898405710858
200.0,43.0,43.5,43.25,0.06784904895999991,8.23338826497365e-05,0.9996721744537356
200.0,43.5,44.0,43.75,0.056781009119999906,6.890296936034896e-05,0.9997410774230959
200.0,44.0,44.5,44.25,0.027244405760000003,3.306070963541548e-05,0.9997741381327313
200.0,44.5,45.0,44.75,0.023838855040000006,2.892812093098855e-05,0.9998030662536623
200.0,45.0,45.5,45.25,0.021481166080000006,2.60670979817699e-05,0.9998291333516441
200.0,45.5,46.0,45.75,0.02010584752000001,2.439816792805903e-05,0.9998535315195722
200.0,46.0,46.5,46.25,0.01656931408000001,2.0106633504231055e-05,0.9998736381530765
200.0,46.5,47.0,46.75,0.014473590560000006,1.756350199381448e-05,0.9998912016550703
200.0,47.0,47.5,47.25,0.01499752144000001,1.8199284871418626e-05,0.9999094009399417
200.0,47.5,48.0,47.75,0.014539081920000006,1.7642974853514995e-05,0.9999270439147953
200.0,48.0,48.5,48.25,0.017420701759999983,2.113978068033776e-05,0.9999481836954756
200.0,48.5,49.0,48.75,0.01663480543999998,2.018610636393154e-05,0.9999683698018395
200.0,49.0,49.5,49.25,0.012639832480000003,1.533826192219997e-05,0.9999837080637617
200.0,49.5,50.0,49.75,0.0049118519999999995,5.960464477538847e-06,0.9999896685282392
200.0,50.0,50.5,50.25,0.0041259556800000005,5.006790161132633e-06,0.9999946753184004
200.0,50.5,51.0,50.75,0.00340555072,4.132588704426934e-06,0.9999988079071048
200.0,51.0,51.5,51.25,0.0009823704,1.1920928955077695e-06,1.0000000000000002
200.0,51.5,52.0,51.75,0.0,0.0,1.0000000000000002
200.0,52.0,52.5,52.25,0.0,0.0,1.0000000000000002
200.0,52.5,53.0,52.75,0.0,0.0,1.0000000000000002
200.0,53.0,53.5,53.25,0.0,0.0,1.0000000000000002
200.0,53.5,54.0,53.75,0.0,0.0,1.0000000000000002
200.0,54.0,54.5,54.25,0.0,0.0,1.0000000000000002
200.0,54.5,55.0,54.75,0.0,0.0,1.0000000000000002
200.0,55.0,55.5,55.25,0.0,0.0,1.0000000000000002
200.0,55.5,56.0,55.75,0.0,0.0,1.0000000000000002
200.0,56.0,56.5,56.25,0.0,0.0,1.0000000000000002
200.0,56.5,57.0,56.75,0.0,0.0,1.0000000000000002
200.0,57.0,57.5,57.25,0.0,0.0,1.0000000000000002
200.0,57.5,58.0,57.75,0.0,0.0,1.0000000000000002
200.0,58.0,58.5,58.25,0.0,0.0,1.0000000000000002
200.0,58.5,59.0,58.75,0.0,0.0,1.0000000000000002
200.0,59.0,59.5,59.25,0.0,0.0,1.0000000000000002
200.0,59.5,60.0,59.75,0.0,0.0,1.0000000000000002
200.0,60.0,60.5,60.25,0.0,0.0,1.0000000000000002
200.0,60.5,61.0,60.75,0.0,0.0,1.0000000000000002
200.0,61.0,61.5,61.25,0.0,0.0,1.0000000000000002
200.0,61.5,62.0,61.75,0.0,0.0,1.0000000000000002
200.0,62.0,62.5,62.25,0.0,0.0,1.0000000000000002
200.0,62.5,63.0,62.75,0.0,0.0,1.0000000000000002
200.0,63.0,63.5,63.25,0.0,0.0,1.0000000000000002
200.0,63.5,64.0,63.75,0.0,0.0,1.0000000000000002
200.0,64.0,64.5,64.25,0.0,0.0,1.0000000000000002
200.0,64.5,65.0,64.75,0.0,0.0,1.0000000000000002
200.0,65.0,65.5,65.25,0.0,0.0,1.0000000000000002
200.0,65.5,66.0,65.75,0.0,0.0,1.0000000000000002
200.0,66.0,66.5,66.25,0.0,0.0,1.0000000000000002
200.0,66.5,67.0,66.75,0.0,0.0,1.0000000000000002
200.0,67.0,67.5,67.25,0.0,0.0,1.0000000000000002
200.0,67.5,68.0,67.75,0.0,0.0,1.0000000000000002
200.0,68.0,68.5,68.25,0.0,0.0,1.0000000000000002
200.0,68.5,69.0,68.75,0.0,0.0,1.0000000000000002
200.0,69.0,69.5,69.25,0.0,0.0,1.0000000000000002
200.0,69.5,70.0,69.75,0.0,0.0,1.0000000000000002
200.0,70.0,70.5,70.25,0.0,0.0,1.0000000000000002
200.0,70.5,71.0,70.75,0.0,0.0,1.0000000000000002
200.0,71.0,71.5,71.25,0.0,0.0,1.0000000000000002
200.0,71.5,72.0,71.75,0.0,0.0,1.0000000000000002
200.0,72.0,72.5,72.25,0.0,0.0,1.0000000000000002
200.0,72.5,73.0,72.75,0.0,0.0,1.0000000000000002
200.0,73.0,73.5,73.25,0.0,0.0,1.0000000000000002
200.0,73.5,74.0,73.75,0.0,0.0,1.0000000000000002
200.0,74.0,74.5,74.25,0.0,0.0,1.0000000000000002
200.0,74.5,75.0,74.75,0.0,0.0,1.0000000000000002
200.0,75.0,75.5,75.25,0.0,0.0,1.0000000000000002
200.0,75.5,76.0,75.75,0.0,0.0,1.0000000000000002
200.0,76.0,76.5,76.25,0.0,0.0,1.0000000000000002
200.0,76.5,77.0,76.75,0.0,0.0,1.0000000000000002
200.0,77.0,77.5,77.25,0.0,0.0,1.0000000000000002
200.0,77.5,78.0,77.75,0.0,0.0,1.0000000000000002
200.0,78.0,78.5,78.25,0.0,0.0,1.0000000000000002
200.0,78.5,79.0,78.75,0.0,0.0,1.0000000000000002
200.0,79.0,79.5,79.25,0.0,0.0,1.0000000000000002
200.0,79.5,80.0,79.75,0.0,0.0,1.0000000000000002
200.0,80.0,80.5,80.25,0.0,0.0,1.0000000000000002
200.0,80.5,81.0,80.75,0.0,0.0,1.0000000000000002
200.0,81.0,81.5,81.25,0.0,0.0,1.0000000000000002
200.0,81.5,82.0,81.75,0.0,0.0,1.0000000000000002
200.0,82.0,82.5,82.25,0.0,0.0,1.0000000000000002
200.0,82.5,83.0,82.75,0.0,0.0,1.0000000000000002
200.0,83.0,83.5,83.25,0.0,0.0,1.0000000000000002
200.0,83.5,84.0,83.75,0.0,0.0,1.0000000000000002
200.0,84.0,84.5,84.25,0.0,0.0,1.0000000000000002
200.0,84.5,85.0,84.75,0.0,0.0,1.0000000000000002
200.0,85.0,85.5,85.25,0.0,0.0,1.0000000000000002
200.0,85.5,86.0,85.75,0.0,0.0,1.0000000000000002
200.0,86.0,86.5,86.25,0.0,0.0,1.0000000000000002
200.0,86.5,87.0,86.75,0.0,0.0,1.0000000000000002
200.0,87.0,87.5,87.25,0.0,0.0,1.0000000000000002
200.0,87.5,88.0,87.75,0.0,0.0,1.0000000000000002
200.0,88.0,88.5,88.25,0.0,0.0,1.0000000000000002
200.0,88.5,89.0,88.75,0.0,0.0,1.0000000000000002
200.0,89.0,89.5,89.25,0.0,0.0,1.0000000000000002
200.0,89.5,90.0,89.75,0.0,0.0,1.0000000000000002
250.0,0.0,0.5,0.25,0.8102986746399994,0.000983556111653657,0.000983556111653657
250.0,0.5,1.0,0.75,2.4657933407900177,0.002993027369181373,0.00397658348083503
250.0,1.0,1.5,1.25,4.044225826910012,0.004908959070841546,0.008885542551676576
250.0,1.5,2.0,1.75,5.799043625689933,0.007038990656534835,0.01592453320821141
250.0,2.0,2.5,2.25,7.591115783379805,0.009214242299397662,0.025138775507609075
250.0,2.5,3.0,2.75,9.271948651459677,0.011254469553629303,0.03639324506123838
250.0,3.0,3.5,3.25,11.103763156879648,0.013477961222330467,0.04987120628356885
250.0,3.5,4.0,3.75,12.935119348569662,0.015700896581013778,0.06557210286458262
250.0,4.0,4.5,4.25,14.300043109899617,0.0173576672871905,0.08292977015177312
250.0,4.5,5.0,4.75,15.663853823599668,0.019013086954752432,0.10194285710652555
250.0,5.0,5.5,5.25,16.917341875149727,0.020534594853718995,0.12247745196024454
250.0,5.5,6.0,5.75,18.299485138049807,0.022212266921997105,0.14468971888224164
250.0,6.0,6.5,6.25,19.79712346090977,0.0240301291147868,0.16871984799702844
250.0,6.5,7.0,6.75,20.922480088229857,0.02539610862731947,0.1941159566243479
250.0,7.0,7.5,7.25,21.792228600989937,0.0264518260955813,0.22056778271992922
250.0,7.5,8.0,7.75,22.370620528250033,0.027153889338175828,0.24772167205810505
250.0,8.0,8.5,8.25,22.84301103710011,0.027727286020915183,0.27544895807902026
250.0,8.5,9.0,8.75,23.290390710970243,0.028270324071249013,0.3037192821502693
250.0,9.0,9.5,9.25,23.760031337440264,0.02884038289388088,0.33255966504415013
250.0,9.5,10.0,9.75,24.183644170740358,0.02935457229614337,0.3619142373402935
250.0,10.0,10.5,10.25,24.024020045920388,0.029160817464193533,0.391075054804487
250.0,10.5,11.0,10.75,23.924565966510293,0.02904009819030833,0.42011515299479535
250.0,11.0,11.5,11.25,23.858896156340148,0.028960386912028527,0.44907553990682386
250.0,11.5,12.0,11.75,23.917625787169946,0.02903167406717965,0.4781072139740035
250.0,12.0,12.5,12.25,23.536374237199823,0.028568903605143362,0.5066761175791469
250.0,12.5,13.0,12.75,23.36614342319988,0.028362274169922076,0.535038391749069
250.0,13.0,13.5,13.25,22.64600160658981,0.02748815218607595,0.5625265439351449
250.0,13.5,14.0,13.75,21.942097190699688,0.02663373947143549,0.5891602834065803
250.0,14.0,14.5,14.25,21.395918171319526,0.025970776875813544,0.6151310602823938
250.0,14.5,15.0,14.75,20.79447961077951,0.025240739186604532,0.6403717994689984
250.0,15.0,15.5,15.25,19.70604997541949,0.02391958236694303,0.6642913818359414
250.0,15.5,16.0,15.75,18.903673580969393,0.02294564247131302,0.6872370243072544
250.0,16.0,16.5,16.25,17.895841688699473,0.021722316741942985,0.7089593410491974
250.0,16.5,17.0,16.75,16.54918500317953,0.02008771896362272,0.7290470600128202
250.0,17.0,17.5,17.25,15.467237233429525,0.018774429957071594,0.7478214899698917
250.0,17.5,18.0,17.75,14.329375188619496,0.017393271128336187,0.765214761098228
250.0,18.0,18.5,18.25,13.46250750501948,0.01634105046590126,0.7815558115641292
250.0,18.5,19.0,18.75,12.523029831909511,0.01520069440205851,0.7967565059661877
250.0,19.0,19.5,19.25,11.74697374023956,0.014258702596028287,0.811015208562216
250.0,19.5,20.0,19.75,10.877421647649607,0.013203223546345712,0.8242184321085617
250.0,20.0,20.5,20.25,10.142875685239662,0.012311617533365626,0.8365300496419273
250.0,20.5,21.0,20.75,9.410490344699726,0.011422634124755665,0.847952683766683
250.0,21.0,21.5,21.25,8.78934429376975,0.010668675104776844,0.8586213588714598
250.0,21.5,22.0,21.75,8.40075972411978,0.010197003682454284,0.8688183625539141
250.0,22.0,22.5,22.25,7.845021589799776,0.00952243804931625,0.8783408006032304
250.0,22.5,23.0,22.75,7.105827016699828,0.008625189463297421,0.8869659900665278
250.0,23.0,23.5,23.25,6.732956060649856,0.008172591527302986,0.8951385815938308
250.0,23.5,24.0,23.75,6.416392219999876,0.0077883402506509864,0.9029269218444818
250.0,24.0,24.5,24.25,6.0984534381599005,0.007402420043945282,0.9103293418884271
250.0,24.5,25.0,24.75,5.687869809469926,0.006904045740763341,0.9172333876291904
250.0,25.0,25.5,25.25,5.360830226419938,0.0065070788065592486,0.9237404664357496
250.0,25.5,26.0,25.75,5.181236717649934,0.006289084752400713,0.9300295511881503
250.0,26.0,26.5,26.25,4.804502831589946,0.005831797917683924,0.9358613491058343
250.0,26.5,27.0,26.75,4.364194283839973,0.005297342936197949,0.9411586920420323
250.0,27.0,27.5,27.25,3.9176002906499927,0.0047552585601807135,0.945913950602213
250.0,27.5,28.0,27.75,3.546693536299997,0.004305044809977262,0.9502189954121902
250.0,28.0,28.5,28.25,3.4035687057599824,0.004131317138671904,0.9543503125508621
250.0,28.5,29.0,28.75,3.155882871389986,0.0038306713104248346,0.9581809838612869
250.0,29.0,29.5,29.25,3.0119723601699975,0.0036559899648031012,0.96183697382609
250.0,29.5,30.0,29.75,2.8395809242999843,0.0034467379252116114,0.9652837117513017
250.0,30.0,30.5,30.25,2.5533967366099892,0.0030993620554606366,0.9683830738067624
250.0,30.5,31.0,30.75,2.5453435096399764,0.003089586893717457,0.9714726607004798
250.0,31.0,31.5,31.25,2.289408028129995,0.00277892748514814,0.974251588185628
250.0,31.5,32.0,31.75,2.10064824476,0.0025498072306315415,0.9768013954162595
250.0,32.0,32.5,32.25,1.9619101313499974,0.0023814042409261325,0.9791827996571857
250.0,32.5,33.0,32.75,1.9134598227499933,0.0023225943247477416,0.9815053939819335
250.0,33.0,33.5,33.25,1.9052101756099802,0.00231258074442546,0.9838179747263589
250.0,33.5,34.0,33.75,1.9507141816599718,0.002367814381917312,0.9861857891082763
250.0,34.0,34.5,34.25,1.8263147406599731,0.0022168159484863225,0.9884026050567626
250.0,34.5,35.0,34.75,1.5388210851699897,0.0018678506215413515,0.990270455678304
250.0,35.0,35.5,35.25,1.3544480189299941,0.0016440550486246873,0.9919145107269286
250.0,35.5,36.0,35.75,1.1057146103200017,0.0013421376546224142,0.993256648381551
250.0,36.0,36.5,36.25,0.864052327830006,0.0010488033294677934,0.9943054517110188
250.0,36.5,37.0,36.75,0.7277367298500045,0.0008833408355713052,0.9951887925465901
250.0,37.0,37.5,37.25,0.6664536368100044,0.0008089542388916167,0.9959977467854817
250.0,37.5,38.0,37.75,0.5528573051600031,0.0006710688273112098,0.9966688156127929
250.0,38.0,38.5,38.25,0.5055855175800031,0.0006136894226074332,0.9972825050354003
250.0,38.5,39.0,38.75,0.435987304010003,0.0005292097727457784,0.997811714808146
250.0,39.0,39.5,39.25,0.34019973444000223,0.000412940979003914,0.9982246557871499
250.0,39.5,40.0,39.75,0.29744561077000176,0.0003610452016194727,0.9985857009887694
250.0,40.0,40.5,40.25,0.2519416047200014,0.00030581156412760955,0.998891512552897
250.0,40.5,41.0,40.75,0.2025746686600008,0.0002458890279134154,0.9991374015808104
250.0,41.0,41.5,41.25,0.14705323394000053,0.0001784960428873726,0.9993158976236978
250.0,41.5,42.0,41.75,0.13736317222000055,0.0001667340596516954,0.9994826316833495
250.0,42.0,42.5,42.25,0.1012218609400001,0.00012286504109700682,0.9996054967244465
250.0,42.5,43.0,42.75,0.07339567019,8.908907572428494e-05,0.9996945858001708
250.0,43.0,43.5,43.25,0.05211681843999997,6.326039632161531e-05,0.9997578461964924
250.0,43.5,44.0,43.75,0.028284504480000024,3.433227539062545e-05,0.9997921784718831
250.0,44.0,44.5,44.25,0.025665568880000017,3.1153361002604564e-05,0.9998233318328856
250.0,44.5,45.0,44.75,0.02042769768000002,2.4795532226562825e-05,0.9998481273651122
250.0,45.0,45.5,45.25,0.018136129030000017,2.201398213704456e-05,0.9998701413472493
250.0,45.5,46.0,45.75,0.015648140210000012,1.8994013468424724e-05,0.9998891353607177
250.0,46.0,46.5,46.25,0.013160151390000013,1.5974044799804898e-05,0.9999051094055175
250.0,46.5,47.0,46.75,0.013749411900000015,1.6689300537109595e-05,0.9999217987060546
250.0,47.0,47.5,47.25,0.013094678000000009,1.589457194010437e-05,0.9999376932779946
250.0,47.5,48.0,47.75,0.01532077325999998,1.8596649169922075e-05,0.9999562899271646
250.0,48.0,48.5,48.25,0.018725389539999925,2.2729237874349144e-05,0.999979019165039
250.0,48.5,49.0,48.75,0.008446067310000008,1.0251998901367323e-05,0.9999892711639403
250.0,49.0,49.5,49.25,0.004648610690000002,5.64257303873705e-06,0.999994913736979
250.0,49.5,50.0,49.75,0.0035355630600000013,4.291534423828179e-06,0.9999992052714028
250.0,50.0,50.5,50.25,0.0006547339,7.94728597005218e-07,0.9999999999999999
250.0,50.5,51.0,50.75,0.0,0.0,0.9999999999999999
250.0,51.0,51.5,51.25,0.0,0.0,0.9999999999999999
250.0,51.5,52.0,51.75,0.0,0.0,0.9999999999999999
250.0,52.0,52.5,52.25,0.0,0.0,0.9999999999999999
250.0,52.5,53.0,52.75,0.0,0.0,0.9999999999999999
250.0,53.0,53.5,53.25,0.0,0.0,0.9999999999999999
250.0,53.5,54.0,53.75,0.0,0.0,0.9999999999999999
250.0,54.0,54.5,54.25,0.0,0.0,0.9999999999999999
250.0,54.5,55.0,54.75,0.0,0.0,0.9999999999999999
250.0,55.0,55.5,55.25,0.0,0.0,0.9999999999999999
250.0,55.5,56.0,55.75,0.0,0.0,0.9999999999999999
250.0,56.0,56.5,56.25,0.0,0.0,0.9999999999999999
250.0,56.5,57.0,56.75,0.0,0.0,0.9999999999999999
250.0,57.0,57.5,57.25,0.0,0.0,0.9999999999999999
250.0,57.5,58.0,57.75,0.0,0.0,0.9999999999999999
250.0,58.0,58.5,58.25,0.0,0.0,0.9999999999999999
250.0,58.5,59.0,58.75,0.0,0.0,0.9999999999999999
250.0,59.0,59.5,59.25,0.0,0.0,0.9999999999999999
250.0,59.5,60.0,59.75,0.0,0.0,0.9999999999999999
250.0,60.0,60.5,60.25,0.0,0.0,0.9999999999999999
250.0,60.5,61.0,60.75,0.0,0.0,0.9999999999999999
250.0,61.0,61.5,61.25,0.0,0.0,0.9999999999999999
250.0,61.5,62.0,61.75,0.0,0.0,0.9999999999999999
250.0,62.0,62.5,62.25,0.0,0.0,0.9999999999999999
250.0,62.5,63.0,62.75,0.0,0.0,0.9999999999999999
250.0,63.0,63.5,63.25,0.0,0.0,0.9999999999999999
250.0,63.5,64.0,63.75,0.0,0.0,0.9999999999999999
250.0,64.0,64.5,64.25,0.0,0.0,0.9999999999999999
250.0,64.5,65.0,64.75,0.0,0.0,0.9999999999999999
250.0,65.0,65.5,65.25,0.0,0.0,0.9999999999999999
250.0,65.5,66.0,65.75,0.0,0.0,0.9999999999999999
250.0,66.0,66.5,66.25,0.0,0.0,0.9999999999999999
250.0,66.5,67.0,66.75,0.0,0.0,0.9999999999999999
250.0,67.0,67.5,67.25,0.0,0.0,0.9999999999999999
250.0,67.5,68.0,67.75,0.0,0.0,0.9999999999999999
250.0,68.0,68.5,68.25,0.0,0.0,0.9999999999999999
250.0,68.5,69.0,68.75,0.0,0.0,0.9999999999999999
250.0,69.0,69.5,69.25,0.0,0.0,0.9999999999999999
250.0,69.5,70.0,69.75,0.0,0.0,0.9999999999999999
250.0,70.0,70.5,70.25,0.0,0.0,0.9999999999999999
250.0,70.5,71.0,70.75,0.0,0.0,0.9999999999999999
250.0,71.0,71.5,71.25,0.0,0.0,0.9999999999999999
250.0,71.5,72.0,71.75,0.0,0.0,0.9999999999999999
250.0,72.0,72.5,72.25,0.0,0.0,0.9999999999999999
250.0,72.5,73.0,72.75,0.0,0.0,0.9999999999999999
250.0,73.0,73.5,73.25,0.0,0.0,0.9999999999999999
250.0,73.5,74.0,73.75,0.0,0.0,0.9999999999999999
250.0,74.0,74.5,74.25,0.0,0.0,0.9999999999999999
250.0,74.5,75.0,74.75,0.0,0.0,0.9999999999999999
250.0,75.0,75.5,75.25,0.0,0.0,0.9999999999999999
250.0,75.5,76.0,75.75,0.0,0.0,0.9999999999999999
250.0,76.0,76.5,76.25,0.0,0.0,0.9999999999999999
250.0,76.5,77.0,76.75,0.0,0.0,0.9999999999999999
250.0,77.0,77.5,77.25,0.0,0.0,0.9999999999999999
250.0,77.5,78.0,77.75,0.0,0.0,0.9999999999999999
250.0,78.0,78.5,78.25,0.0,0.0,0.9999999999999999
250.0,78.5,79.0,78.75,0.0,0.0,0.9999999999999999
250.0,79.0,79.5,79.25,0.0,0.0,0.9999999999999999
250.0,79.5,80.0,79.75,0.0,0.0,0.9999999999999999
250.0,80.0,80.5,80.25,0.0,0.0,0.9999999999999999
250.0,80.5,81.0,80.75,0.0,0.0,0.9999999999999999
250.0,81.0,81.5,81.25,0.0,0.0,0.9999999999999999
250.0,81.5,82.0,81.75,0.0,0.0,0.9999999999999999
250.0,82.0,82.5,82.25,0.0,0.0,0.9999999999999999
250.0,82.5,83.0,82.75,0.0,0.0,0.9999999999999999
250.0,83.0,83.5,83.25,0.0,0.0,0.9999999999999999
250.0,83.5,84.0,83.75,0.0,0.0,0.9999999999999999
250.0,84.0,84.5,84.25,0.0,0.0,0.9999999999999999
250.0,84.5,85.0,84.75,0.0,0.0,0.9999999999999999
250.0,85.0,85.5,85.25,0.0,0.0,0.9999999999999999
250.0,85.5,86.0,85.75,0.0,0.0,0.9999999999999999
250.0,86.0,86.5,86.25,0.0,0.0,0.9999999999999999
250.0,86.5,87.0,86.75,0.0,0.0,0.9999999999999999
250.0,87.0,87.5,87.25,0.0,0.0,0.9999999999999999
250.0,87.5,88.0,87.75,0.0,0.0,0.9999999999999999
250.0,88.0,88.5,88.25,0.0,0.0,0.9999999999999999
250.0,88.5,89.0,88.75,0.0,0.0,0.9999999999999999
250.0,89.0,89.5,89.25,0.0,0.0,0.9999999999999999
250.0,89.5,90.0,89.75,0.0,0.0,0.9999999999999999
500.0,0.0,0.5,0.25,0.8377923183000028,0.0010180473327636675,0.0010180473327636675
500.0,0.5,1.0,0.75,2.5946055309600164,0.003152847290039058,0.004170894622802726
500.0,1.0,1.5,1.25,4.222839532240031,0.005131403605143228,0.009302298227945954
500.0,1.5,2.0,1.75,6.024583527310045,0.007320801417032876,0.01662309964497883
500.0,2.0,2.5,2.25,7.794215420250058,0.009471178054809569,0.0260942776997884
500.0,2.5,3.0,2.75,9.705768416290073,0.011794010798136393,0.03788828849792479
500.0,3.0,3.5,3.25,11.851850940310094,0.014401833216349287,0.05229012171427408
500.0,3.5,4.0,3.75,13.67962470452011,0.016622861226399745,0.06891298294067383
500.0,4.0,4.5,4.25,14.881441382200114,0.01808325449625651,0.08699623743693034
500.0,4.5,5.0,4.75,16.34460217416013,0.01986122131347657,0.10685745875040692
500.0,5.0,5.5,5.25,18.015281703510144,0.021891355514526374,0.1287488142649333
500.0,5.5,6.0,5.75,19.698583708850155,0.023936827977498378,0.15268564224243167
500.0,6.0,6.5,6.25,20.789021751240163,0.02526187896728516,0.17794752120971682
500.0,6.5,7.0,6.75,22.216015552410177,0.026995897293090827,0.20494341850280764
500.0,7.0,7.5,7.25,23.59245404819018,0.02866848309834798,0.23361190160115564
500.0,7.5,8.0,7.75,24.401600540150188,0.029651721318562828,0.26326362291971844
500.0,8.0,8.5,8.25,24.608661467530197,0.029903332392374686,0.29316695531209314
500.0,8.5,9.0,8.75,24.5343654430502,0.029813051223754897,0.322980006535848
500.0,9.0,9.5,9.25,24.445681103970198,0.02970528602600099,0.352685292561849
500.0,9.5,10.0,9.75,24.982823048560192,0.030357996622721355,0.38304328918457037
500.0,10.0,10.5,10.25,24.9950531159702,0.030372858047485362,0.4134161472320557
500.0,10.5,11.0,10.75,24.774257888290197,0.0301045576731364,0.44352070490519213
500.0,11.0,11.5,11.25,24.383745949760197,0.029630025227864596,0.47315073013305675
500.0,11.5,12.0,11.75,24.1371825586602,0.02933041254679364,0.5024811426798503
500.0,12.0,12.5,12.25,23.929206011260195,0.02907768885294598,0.5315588315327963
500.0,12.5,13.0,12.75,23.79251702256019,0.028911590576171885,0.5604704221089681
500.0,13.0,13.5,13.25,23.393045088120175,0.028426170349121087,0.5888965924580892
500.0,13.5,14.0,13.75,22.582786771850184,0.027441581090291354,0.6163381735483806
500.0,14.0,14.5,14.25,22.043813587220175,0.026786645253499355,0.64312481880188
500.0,14.5,15.0,14.75,20.887189297670158,0.025381167729695637,0.6685059865315757
500.0,15.0,15.5,15.25,19.97196168625016,0.024269024531046558,0.6927750110626222
500.0,15.5,16.0,15.75,18.832276367070143,0.022884130477905273,0.7156591415405275
500.0,16.0,16.5,16.25,16.981939109510133,0.02063568433125814,0.7362948258717856
500.0,16.5,17.0,16.75,15.858538746400118,0.019270579020182286,0.7555654048919679
500.0,17.0,17.5,17.25,14.803482877640116,0.017988522847493492,0.7735539277394614
500.0,17.5,18.0,17.75,13.541169877210113,0.01645461718241375,0.7900085449218751
500.0,18.0,18.5,18.25,12.618094094190102,0.015332937240600593,0.8053414821624757
500.0,18.5,19.0,18.75,11.755187626770095,0.01428437232971192,0.8196258544921876
500.0,19.0,19.5,19.25,11.007453077580086,0.013375759124755861,0.8330016136169435
500.0,19.5,20.0,19.75,10.44827085108008,0.012696266174316406,0.8456978797912599
500.0,20.0,20.5,20.25,9.84154178497008,0.011958996454874679,0.8576568762461345
500.0,20.5,21.0,20.75,8.873339015250071,0.010782480239868168,0.8684393564860027
500.0,21.0,21.5,21.25,8.091203313880062,0.009832064310709635,0.8782714207967123
500.0,21.5,22.0,21.75,7.653994754330059,0.009300788243611654,0.887572209040324
500.0,22.0,22.5,22.25,7.069567575850053,0.008590618769327799,0.8961628278096517
500.0,22.5,23.0,22.75,6.611953770140054,0.00803454717000326,0.904197374979655
500.0,23.0,23.5,23.25,6.354664544520047,0.0077219009399414045,0.9119192759195964
500.0,23.5,24.0,23.75,6.003982076860046,0.007295767466227214,0.9192150433858236
500.0,24.0,24.5,24.25,5.593522702180043,0.006796995798746745,0.9260120391845703
500.0,24.5,25.0,24.75,5.193069746290038,0.006310383478800453,0.9323224226633707
500.0,25.0,25.5,25.25,4.967107805640039,0.006035804748535157,0.9383582274119059
500.0,25.5,26.0,25.75,4.530226253240034,0.005504926045735676,0.9438631534576416
500.0,26.0,26.5,26.25,3.9073430339200286,0.004748026529947915,0.9486111799875895
500.0,26.5,27.0,26.75,3.5719645008800263,0.004340489705403645,0.9529516696929932
500.0,27.0,27.5,27.25,3.2388096164600233,0.003935654958089191,0.9568873246510824
500.0,27.5,28.0,27.75,2.96085353896002,0.0035978953043619756,0.9604852199554443
500.0,28.0,28.5,28.25,2.718737445100019,0.0033036867777506487,0.963788906733195
500.0,28.5,29.0,28.75,2.6846633000700186,0.0032622814178466775,0.9670511881510416
500.0,29.0,29.5,29.25,2.6058545769200183,0.00316651662190755,0.9702177047729492
500.0,29.5,30.0,29.75,2.3803504462800165,0.002892494201660154,0.9731101989746094
500.0,30.0,30.5,30.25,2.2204439499300146,0.0026981830596923798,0.9758083820343018
500.0,30.5,31.0,30.75,2.0700206609300134,0.002515395482381182,0.978323777516683
500.0,31.0,31.5,31.25,1.8349025200800122,0.0022296905517578103,0.9805534680684408
500.0,31.5,32.0,31.75,1.66845588073001,0.002027432123819984,0.9825809001922607
500.0,32.0,32.5,32.25,1.6153499195700105,0.001962900161743162,0.9845438003540039
500.0,32.5,33.0,32.75,1.475979472240009,0.0017935434977213514,0.9863373438517252
500.0,33.0,33.5,33.25,1.5515835253200099,0.0018854141235351539,0.9882227579752604
500.0,33.5,34.0,33.75,1.51914441604001,0.001845995585123696,0.990068753560384
500.0,34.0,34.5,34.25,1.4755216622300102,0.0017929871877034491,0.9918617407480875
500.0,34.5,35.0,34.75,1.1789261771800077,0.0014325777689615869,0.9932943185170491
500.0,35.0,35.5,35.25,0.9821986757400059,0.00119352340698242,0.9944878419240315
500.0,35.5,36.0,35.75,0.9060714112200056,0.0011010169982910139,0.9955888589223225
500.0,36.0,36.5,36.25,0.6600312315600039,0.0008020401000976548,0.9963908990224202
500.0,36.5,37.0,36.75,0.5478023776800035,0.0006656646728515616,0.9970565636952717
500.0,37.0,37.5,37.25,0.48612882919000294,0.0005907217661539705,0.9976472854614257
500.0,37.5,38.0,37.75,0.47226372603000294,0.0005738735198974601,0.9982211589813231
500.0,38.0,38.5,38.25,0.38534522556000234,0.000468254089355468,0.9986894130706786
500.0,38.5,39.0,38.75,0.2686690744400014,0.00032647450764973875,0.9990158875783284
500.0,39.0,39.5,39.25,0.22373829203000115,0.0002718766530354811,0.9992877642313639
500.0,39.5,40.0,39.75,0.1771724738700009,0.0002152919769287104,0.9995030562082926
500.0,40.0,40.5,40.25,0.14663000606000068,0.00017817815144856718,0.9996812343597412
500.0,40.5,41.0,40.75,0.10660433090000038,0.00012954076131184843,0.9998107751210531
500.0,41.0,41.5,41.25,0.056245229800000095,6.83466593424475e-05,0.9998791217803955
500.0,41.5,42.0,41.75,0.03250451071000001,3.949801127115857e-05,0.9999186197916666
500.0,42.0,42.5,42.25,0.011510651679999994,1.3987223307291553e-05,0.9999326070149739
500.0,42.5,43.0,42.75,0.011641454539999995,1.4146169026692594e-05,0.9999467531840006
500.0,43.0,43.5,43.25,0.007978974459999988,9.695688883463453e-06,0.999956448872884
500.0,43.5,44.0,43.75,0.008632988759999991,1.0490417480468659e-05,0.9999669392903645
500.0,44.0,44.5,44.25,0.009221601629999996,1.1205673217773346e-05,0.9999781449635823
500.0,44.5,45.0,44.75,0.010725834520000008,1.3033548990885326e-05,0.9999911785125731
500.0,45.0,45.5,45.25,0.007259558729999988,8.82148742675773e-06,0.9999999999999999
500.0,45.5,46.0,45.75,0.0,0.0,0.9999999999999999
500.0,46.0,46.5,46.25,0.0,0.0,0.9999999999999999
500.0,46.5,47.0,46.75,0.0,0.0,0.9999999999999999
500.0,47.0,47.5,47.25,0.0,0.0,0.9999999999999999
500.0,47.5,48.0,47.75,0.0,0.0,0.9999999999999999
500.0,48.0,48.5,48.25,0.0,0.0,0.9999999999999999
500.0,48.5,49.0,48.75,0.0,0.0,0.9999999999999999
500.0,49.0,49.5,49.25,0.0,0.0,0.9999999999999999
500.0,49.5,50.0,49.75,0.0,0.0,0.9999999999999999
500.0,50.0,50.5,50.25,0.0,0.0,0.9999999999999999
500.0,50.5,51.0,50.75,0.0,0.0,0.9999999999999999
500.0,51.0,51.5,51.25,0.0,0.0,0.9999999999999999
500.0,51.5,52.0,51.75,0.0,0.0,0.9999999999999999
500.0,52.0,52.5,52.25,0.0,0.0,0.9999999999999999
500.0,52.5,53.0,52.75,0.0,0.0,0.9999999999999999
500.0,53.0,53.5,53.25,0.0,0.0,0.9999999999999999
500.0,53.5,54.0,53.75,0.0,0.0,0.9999999999999999
500.0,54.0,54.5,54.25,0.0,0.0,0.9999999999999999
500.0,54.5,55.0,54.75,0.0,0.0,0.9999999999999999
500.0,55.0,55.5,55.25,0.0,0.0,0.9999999999999999
500.0,55.5,56.0,55.75,0.0,0.0,0.9999999999999999
500.0,56.0,56.5,56.25,0.0,0.0,0.9999999999999999
500.0,56.5,57.0,56.75,0.0,0.0,0.9999999999999999
500.0,57.0,57.5,57.25,0.0,0.0,0.9999999999999999
500.0,57.5,58.0,57.75,0.0,0.0,0.9999999999999999
500.0,58.0,58.5,58.25,0.0,0.0,0.9999999999999999
500.0,58.5,59.0,58.75,0.0,0.0,0.9999999999999999
500.0,59.0,59.5,59.25,0.0,0.0,0.9999999999999999
500.0,59.5,60.0,59.75,0.0,0.0,0.9999999999999999
500.0,60.0,60.5,60.25,0.0,0.0,0.9999999999999999
500.0,60.5,61.0,60.75,0.0,0.0,0.9999999999999999
500.0,61.0,61.5,61.25,0.0,0.0,0.9999999999999999
500.0,61.5,62.0,61.75,0.0,0.0,0.9999999999999999
500.0,62.0,62.5,62.25,0.0,0.0,0.9999999999999999
500.0,62.5,63.0,62.75,0.0,0.0,0.9999999999999999
500.0,63.0,63.5,63.25,0.0,0.0,0.9999999999999999
500.0,63.5,64.0,63.75,0.0,0.0,0.9999999999999999
500.0,64.0,64.5,64.25,0.0,0.0,0.9999999999999999
500.0,64.5,65.0,64.75,0.0,0.0,0.9999999999999999
500.0,65.0,65.5,65.25,0.0,0.0,0.9999999999999999
500.0,65.5,66.0,65.75,0.0,0.0,0.9999999999999999
500.0,66.0,66.5,66.25,0.0,0.0,0.9999999999999999
500.0,66.5,67.0,66.75,0.0,0.0,0.9999999999999999
500.0,67.0,67.5,67.25,0.0,0.0,0.9999999999999999
500.0,67.5,68.0,67.75,0.0,0.0,0.9999999999999999
500.0,68.0,68.5,68.25,0.0,0.0,0.9999999999999999
500.0,68.5,69.0,68.75,0.0,0.0,0.9999999999999999
500.0,69.0,69.5,69.25,0.0,0.0,0.9999999999999999
500.0,69.5,70.0,69.75,0.0,0.0,0.9999999999999999
500.0,70.0,70.5,70.25,0.0,0.0,0.9999999999999999
500.0,70.5,71.0,70.75,0.0,0.0,0.9999999999999999
500.0,71.0,71.5,71.25,0.0,0.0,0.9999999999999999
500.0,71.5,72.0,71.75,0.0,0.0,0.9999999999999999
500.0,72.0,72.5,72.25,0.0,0.0,0.9999999999999999
500.0,72.5,73.0,72.75,0.0,0.0,0.9999999999999999
500.0,73.0,73.5,73.25,0.0,0.0,0.9999999999999999
500.0,73.5,74.0,73.75,0.0,0.0,0.9999999999999999
500.0,74.0,74.5,74.25,0.0,0.0,0.9999999999999999
500.0,74.5,75.0,74.75,0.0,0.0,0.9999999999999999
500.0,75.0,75.5,75.25,0.0,0.0,0.9999999999999999
500.0,75.5,76.0,75.75,0.0,0.0,0.9999999999999999
500.0,76.0,76.5,76.25,0.0,0.0,0.9999999999999999
500.0,76.5,77.0,76.75,0.0,0.0,0.9999999999999999
500.0,77.0,77.5,77.25,0.0,0.0,0.9999999999999999
500.0,77.5,78.0,77.75,0.0,0.0,0.9999999999999999
500.0,78.0,78.5,78.25,0.0,0.0,0.9999999999999999
500.0,78.5,79.0,78.75,0.0,0.0,0.9999999999999999
500.0,79.0,79.5,79.25,0.0,0.0,0.9999999999999999
500.0,79.5,80.0,79.75,0.0,0.0,0.9999999999999999
500.0,80.0,80.5,80.25,0.0,0.0,0.9999999999999999
500.0,80.5,81.0,80.75,0.0,0.0,0.9999999999999999
500.0,81.0,81.5,81.25,0.0,0.0,0.9999999999999999
500.0,81.5,82.0,81.75,0.0,0.0,0.9999999999999999
500.0,82.0,82.5,82.25,0.0,0.0,0.9999999999999999
500.0,82.5,83.0,82.75,0.0,0.0,0.9999999999999999
500.0,83.0,83.5,83.25,0.0,0.0,0.9999999999999999
500.0,83.5,84.0,83.75,0.0,0.0,0.9999999999999999
500.0,84.0,84.5,84.25,0.0,0.0,0.9999999999999999
500.0,84.5,85.0,84.75,0.0,0.0,0.9999999999999999
500.0,85.0,85.5,85.25,0.0,0.0,0.9999999999999999
500.0,85.5,86.0,85.75,0.0,0.0,0.9999999999999999
500.0,86.0,86.5,86.25,0.0,0.0,0.9999999999999999
500.0,86.5,87.0,86.75,0.0,0.0,0.9999999999999999
500.0,87.0,87.5,87.25,0.0,0.0,0.9999999999999999
500.0,87.5,88.0,87.75,0.0,0.0,0.9999999999999999
500.0,88.0,88.5,88.25,0.0,0.0,0.9999999999999999
500.0,88.5,89.0,88.75,0.0,0.0,0.9999999999999999
500.0,89.0,89.5,89.25,0.0,0.0,0.9999999999999999
500.0,89.5,90.0,89.75,0.0,0.0,0.9999999999999999
1000.0,0.0,0.5,0.25,0.7748833807800022,0.0009430249532063875,0.0009430249532063875
1000.0,0.5,1.0,0.75,2.371472271450032,0.0028860569000244674,0.0038290818532308547
1000.0,1.0,1.5,1.25,4.174614013410087,0.005080461502075327,0.008909543355306183
1000.0,1.5,2.0,1.75,6.211148069790161,0.007558902104695871,0.016468445460002056
1000.0,2.0,2.5,2.25,8.202296659320234,0.009982109069824554,0.026450554529826607
1000.0,2.5,3.0,2.75,10.287220112730198,0.01251943906148305,0.038969993591309655
1000.0,3.0,3.5,3.25,12.532396710960198,0.015251795450846671,0.054221789042156326
1000.0,3.5,4.0,3.75,14.574938627700146,0.01773754755655951,0.07195933659871584
1000.0,4.0,4.5,4.25,16.295602895370155,0.019831577936808557,0.0917909145355244
1000.0,4.5,5.0,4.75,18.24169253219979,0.022199948628743343,0.11399086316426775
1000.0,5.0,5.5,5.25,19.843701557759626,0.02414957682291633,0.1381404399871841
1000.0,5.5,6.0,5.75,22.050022972139278,0.02683464686075772,0.16497508684794182
1000.0,6.0,6.5,6.25,23.634269627939187,0.02876265843709225,0.19373774528503407
1000.0,6.5,7.0,6.75,25.558809330868538,0.031104803085325525,0.2248425483703596
1000.0,7.0,7.5,7.25,25.734212732249045,0.031318267186481744,0.25616081555684134
1000.0,7.5,8.0,7.75,26.043225723809087,0.03169433275858466,0.287855148315426
1000.0,8.0,8.5,8.25,26.305808403239492,0.03201389312744095,0.319869041442867
1000.0,8.5,9.0,8.75,26.916389863739305,0.032756964365640594,0.35262600580850756
1000.0,9.0,9.5,9.25,26.886938287409535,0.03272112210591594,0.3853471279144235
1000.0,9.5,10.0,9.75,26.550498107249666,0.032311677932739015,0.41765880584716253
1000.0,10.0,10.5,10.25,26.034736355910052,0.03168400128682477,0.4493428071339873
1000.0,10.5,11.0,10.75,26.472918345209607,0.03221726417541472,0.481560071309402
1000.0,11.0,11.5,11.25,26.41277443877954,0.03214406967163046,0.5137041409810325
1000.0,11.5,12.0,11.75,25.47163005281972,0.030998706817626766,0.5447028477986592
1000.0,12.0,12.5,12.25,24.904474974269895,0.030308485031127954,0.5750113328297871
1000.0,12.5,13.0,12.75,24.61328965529993,0.02995411554972337,0.6049654483795105
1000.0,13.0,13.5,13.25,23.95986953832015,0.02915891011556022,0.6341243584950708
1000.0,13.5,14.0,13.75,22.798393403939965,0.027745405832926527,0.6618697643279973
1000.0,14.0,14.5,14.25,22.12394577569948,0.026924610137938954,0.6887943744659362
1000.0,14.5,15.0,14.75,20.379772489229733,0.02480196952819804,0.7135963439941342
1000.0,15.0,15.5,15.25,18.798268552289766,0.022877295811970857,0.736473639806105
1000.0,15.5,16.0,15.75,17.84602268522977,0.02171842257181786,0.7581920623779229
1000.0,16.0,16.5,16.25,16.436852916660172,0.020003477732340805,0.7781955401102637
1000.0,16.5,17.0,16.75,15.088284174330322,0.01836228370666552,0.7965578238169292
1000.0,17.0,17.5,17.25,13.537733778810315,0.016475280125936336,0.8130331039428655
1000.0,17.5,18.0,17.75,12.229065065610332,0.014882644017537913,0.8279157479604035
1000.0,18.0,18.5,18.25,11.630368720170283,0.014154036839803475,0.8420697848002069
1000.0,18.5,19.0,18.75,10.87801481574019,0.013238430023193656,0.8553082148234006
1000.0,19.0,19.5,19.25,10.339592982390304,0.012583176294962998,0.8678913911183636
1000.0,19.5,20.0,19.75,9.674940778650205,0.011774301528930973,0.8796656926472946
1000.0,20.0,20.5,20.25,8.860418580060175,0.010783036549886334,0.8904487291971809
1000.0,20.5,21.0,20.75,7.815181483080221,0.009510993957519847,0.8999597231547007
1000.0,21.0,21.5,21.25,6.896631876300189,0.008393128712972276,0.908352851867673
1000.0,21.5,22.0,21.75,6.579194819670174,0.008006811141968025,0.916359663009641
1000.0,22.0,22.5,22.25,6.032087709930156,0.007340987523397037,0.9237006505330381
1000.0,22.5,23.0,22.75,5.448476318220136,0.0066307385762534535,0.9303313891092915
1000.0,23.0,23.5,23.25,5.436329991840135,0.006615956624349156,0.9369473457336406
1000.0,23.5,24.0,23.75,5.0233548949201206,0.006113370259603041,0.9430607159932436
1000.0,24.0,24.5,24.25,4.4467962088501025,0.005411704381307118,0.9484724203745507
1000.0,24.5,25.0,24.75,4.223917650060099,0.0051404635111492345,0.9536128838857
1000.0,25.0,25.5,25.25,3.490305657840079,0.004247665405273555,0.9578605492909735
1000.0,25.5,26.0,25.75,3.1295075220900683,0.003808577855428162,0.9616691271464017
1000.0,26.0,26.5,26.25,2.732270407200057,0.0033251444498698774,0.9649942715962716
1000.0,26.5,27.0,26.75,2.4216248448900464,0.002947092056274485,0.9679413636525461
1000.0,27.0,27.5,27.25,2.243478724650043,0.0027302900950114594,0.9706716537475576
1000.0,27.5,28.0,27.75,2.181310430490045,0.002654631932576565,0.9733262856801341
1000.0,28.0,28.5,28.25,2.151401734350044,0.002618233362833725,0.9759445190429679
1000.0,28.5,29.0,28.75,1.831287261690034,0.002228657404581758,0.9781731764475496
1000.0,29.0,29.5,29.25,1.722231535590034,0.0020959377288818875,0.9802691141764315
1000.0,29.5,30.0,29.75,1.7431284411900365,0.0021213690439860575,0.9823904832204176
1000.0,30.0,30.5,30.25,1.5353348361300314,0.0018684864044189928,0.9842589696248365
1000.0,30.5,31.0,30.75,1.339295740470025,0.0016299088795980203,0.9858888785044345
1000.0,31.0,31.5,31.25,1.258450836930025,0.001531521479288775,0.9874203999837233
1000.0,31.5,32.0,31.75,1.2506798001600257,0.0015220642089844138,0.9889424641927077
1000.0,32.0,32.5,32.25,1.1368569674700237,0.001383543014526403,0.9903260072072341
1000.0,32.5,33.0,32.75,1.0826556185700236,0.0013175805409749702,0.991643587748209
1000.0,33.0,33.5,33.25,1.1180497524300248,0.001360654830932654,0.9930042425791417
1000.0,33.5,34.0,33.75,1.1883809003400285,0.00144624710083012,0.9944504896799717
1000.0,34.0,34.5,34.25,1.0885981761000258,0.0013248125712077203,0.9957753022511795
1000.0,34.5,35.0,34.75,0.8776700352000195,0.001068115234375029,0.9968434174855545
1000.0,35.0,35.5,35.25,0.9257982209100223,0.0011266867319743167,0.9979701042175289
1000.0,35.5,36.0,35.75,0.5829583634100111,0.0007094542185465665,0.9986795584360754
1000.0,36.0,36.5,36.25,0.4087957158000066,0.0004975001017252709,0.9991770585378006
1000.0,36.5,37.0,36.75,0.2926219812300047,0.00035611788431804135,0.9995331764221186
1000.0,37.0,37.5,37.25,0.2685252369600067,0.00032679239908855144,0.9998599688212071
1000.0,37.5,38.0,37.75,0.11506358646000193,0.00014003117879232075,0.9999999999999994
1000.0,38.0,38.5,38.25,0.0,0.0,0.9999999999999994
1000.0,38.5,39.0,38.75,0.0,0.0,0.9999999999999994
1000.0,39.0,39.5,39.25,0.0,0.0,0.9999999999999994
1000.0,39.5,40.0,39.75,0.0,0.0,0.9999999999999994
1000.0,40.0,40.5,40.25,0.0,0.0,0.9999999999999994
1000.0,40.5,41.0,40.75,0.0,0.0,0.9999999999999994
1000.0,41.0,41.5,41.25,0.0,0.0,0.9999999999999994
1000.0,41.5,42.0,41.75,0.0,0.0,0.9999999999999994
1000.0,42.0,42.5,42.25,0.0,0.0,0.9999999999999994
1000.0,42.5,43.0,42.75,0.0,0.0,0.9999999999999994
1000.0,43.0,43.5,43.25,0.0,0.0,0.9999999999999994
1000.0,43.5,44.0,43.75,0.0,0.0,0.9999999999999994
1000.0,44.0,44.5,44.25,0.0,0.0,0.9999999999999994
1000.0,44.5,45.0,44.75,0.0,0.0,0.9999999999999994
1000.0,45.0,45.5,45.25,0.0,0.0,0.9999999999999994
1000.0,45.5,46.0,45.75,0.0,0.0,0.9999999999999994
1000.0,46.0,46.5,46.25,0.0,0.0,0.9999999999999994
1000.0,46.5,47.0,46.75,0.0,0.0,0.9999999999999994
1000.0,47.0,47.5,47.25,0.0,0.0,0.9999999999999994
1000.0,47.5,48.0,47.75,0.0,0.0,0.9999999999999994
1000.0,48.0,48.5,48.25,0.0,0.0,0.9999999999999994
1000.0,48.5,49.0,48.75,0.0,0.0,0.9999999999999994
1000.0,49.0,49.5,49.25,0.0,0.0,0.9999999999999994
1000.0,49.5,50.0,49.75,0.0,0.0,0.9999999999999994
1000.0,50.0,50.5,50.25,0.0,0.0,0.9999999999999994
1000.0,50.5,51.0,50.75,0.0,0.0,0.9999999999999994
1000.0,51.0,51.5,51.25,0.0,0.0,0.9999999999999994
1000.0,51.5,52.0,51.75,0.0,0.0,0.9999999999999994
1000.0,52.0,52.5,52.25,0.0,0.0,0.9999999999999994
1000.0,52.5,53.0,52.75,0.0,0.0,0.9999999999999994
1000.0,53.0,53.5,53.25,0.0,0.0,0.9999999999999994
1000.0,53.5,54.0,53.75,0.0,0.0,0.9999999999999994
1000.0,54.0,54.5,54.25,0.0,0.0,0.9999999999999994
1000.0,54.5,55.0,54.75,0.0,0.0,0.9999999999999994
1000.0,55.0,55.5,55.25,0.0,0.0,0.9999999999999994
1000.0,55.5,56.0,55.75,0.0,0.0,0.9999999999999994
1000.0,56.0,56.5,56.25,0.0,0.0,0.9999999999999994
1000.0,56.5,57.0,56.75,0.0,0.0,0.9999999999999994
1000.0,57.0,57.5,57.25,0.0,0.0,0.9999999999999994
1000.0,57.5,58.0,57.75,0.0,0.0,0.9999999999999994
1000.0,58.0,58.5,58.25,0.0,0.0,0.9999999999999994
1000.0,58.5,59.0,58.75,0.0,0.0,0.9999999999999994
1000.0,59.0,59.5,59.25,0.0,0.0,0.9999999999999994
1000.0,59.5,60.0,59.75,0.0,0.0,0.9999999999999994
1000.0,60.0,60.5,60.25,0.0,0.0,0.9999999999999994
1000.0,60.5,61.0,60.75,0.0,0.0,0.9999999999999994
1000.0,61.0,61.5,61.25,0.0,0.0,0.9999999999999994
1000.0,61.5,62.0,61.75,0.0,0.0,0.9999999999999994
1000.0,62.0,62.5,62.25,0.0,0.0,0.9999999999999994
1000.0,62.5,63.0,62.75,0.0,0.0,0.9999999999999994
1000.0,63.0,63.5,63.25,0.0,0.0,0.9999999999999994
1000.0,63.5,64.0,63.75,0.0,0.0,0.9999999999999994
1000.0,64.0,64.5,64.25,0.0,0.0,0.9999999999999994
1000.0,64.5,65.0,64.75,0.0,0.0,0.9999999999999994
1000.0,65.0,65.5,65.25,0.0,0.0,0.9999999999999994
1000.0,65.5,66.0,65.75,0.0,0.0,0.9999999999999994
1000.0,66.0,66.5,66.25,0.0,0.0,0.9999999999999994
1000.0,66.5,67.0,66.75,0.0,0.0,0.9999999999999994
1000.0,67.0,67.5,67.25,0.0,0.0,0.9999999999999994
1000.0,67.5,68.0,67.75,0.0,0.0,0.9999999999999994
1000.0,68.0,68.5,68.25,0.0,0.0,0.9999999999999994
1000.0,68.5,69.0,68.75,0.0,0.0,0.9999999999999994
1000.0,69.0,69.5,69.25,0.0,0.0,0.9999999999999994
1000.0,69.5,70.0,69.75,0.0,0.0,0.9999999999999994
1000.0,70.0,70.5,70.25,0.0,0.0,0.9999999999999994
1000.0,70.5,71.0,70.75,0.0,0.0,0.9999999999999994
1000.0,71.0,71.5,71.25,0.0,0.0,0.9999999999999994
1000.0,71.5,72.0,71.75,0.0,0.0,0.9999999999999994
1000.0,72.0,72.5,72.25,0.0,0.0,0.9999999999999994
1000.0,72.5,73.0,72.75,0.0,0.0,0.9999999999999994
1000.0,73.0,73.5,73.25,0.0,0.0,0.9999999999999994
1000.0,73.5,74.0,73.75,0.0,0.0,0.9999999999999994
1000.0,74.0,74.5,74.25,0.0,0.0,0.9999999999999994
1000.0,74.5,75.0,74.75,0.0,0.0,0.9999999999999994
1000.0,75.0,75.5,75.25,0.0,0.0,0.9999999999999994
1000.0,75.5,76.0,75.75,0.0,0.0,0.9999999999999994
1000.0,76.0,76.5,76.25,0.0,0.0,0.9999999999999994
1000.0,76.5,77.0,76.75,0.0,0.0,0.9999999999999994
1000.0,77.0,77.5,77.25,0.0,0.0,0.9999999999999994
1000.0,77.5,78.0,77.75,0.0,0.0,0.9999999999999994
1000.0,78.0,78.5,78.25,0.0,0.0,0.9999999999999994
1000.0,78.5,79.0,78.75,0.0,0.0,0.9999999999999994
1000.0,79.0,79.5,79.25,0.0,0.0,0.9999999999999994
1000.0,79.5,80.0,79.75,0.0,0.0,0.9999999999999994
1000.0,80.0,80.5,80.25,0.0,0.0,0.9999999999999994
1000.0,80.5,81.0,80.75,0.0,0.0,0.9999999999999994
1000.0,81.0,81.5,81.25,0.0,0.0,0.9999999999999994
1000.0,81.5,82.0,81.75,0.0,0.0,0.9999999999999994
1000.0,82.0,82.5,82.25,0.0,0.0,0.9999999999999994
1000.0,82.5,83.0,82.75,0.0,0.0,0.9999999999999994
1000.0,83.0,83.5,83.25,0.0,0.0,0.9999999999999994
1000.0,83.5,84.0,83.75,0.0,0.0,0.9999999999999994
1000.0,84.0,84.5,84.25,0.0,0.0,0.9999999999999994
1000.0,84.5,85.0,84.75,0.0,0.0,0.9999999999999994
1000.0,85.0,85.5,85.25,0.0,0.0,0.9999999999999994
1000.0,85.5,86.0,85.75,0.0,0.0,0.9999999999999994
1000.0,86.0,86.5,86.25,0.0,0.0,0.9999999999999994
1000.0,86.5,87.0,86.75,0.0,0.0,0.9999999999999994
1000.0,87.0,87.5,87.25,0.0,0.0,0.9999999999999994
1000.0,87.5,88.0,87.75,0.0,0.0,0.9999999999999994
1000.0,88.0,88.5,88.25,0.0,0.0,0.9999999999999994
1000.0,88.5,89.0,88.75,0.0,0.0,0.9999999999999994
1000.0,89.0,89.5,89.25,0.0,0.0,0.9999999999999994
1000.0,89.5,90.0,89.75,0.0,0.0,0.9999999999999994
2000.0,0.0,0.5,0.25,0.9497695373599954,0.0011593500773111887,0.0011593500773111887
2000.0,0.5,1.0,0.75,2.501706503499989,0.0030537446339924897,0.004213094711303678
2000.0,1.0,1.5,1.25,4.388224334219982,0.005356550216674766,0.009569644927978443
2000.0,1.5,2.0,1.75,5.99289733855997,0.007315317789713483,0.016884962717691927
2000.0,2.0,2.5,2.25,8.497338303299959,0.010372400283813393,0.02725736300150532
2000.0,2.5,3.0,2.75,11.494958884539942,0.014031489690144743,0.041288852691650064
2000.0,3.0,3.5,3.25,15.203734706839931,0.018558661142984885,0.05984751383463495
2000.0,3.5,4.0,3.75,17.299373716200275,0.02111673355102566,0.0809642473856606
2000.0,4.0,4.5,4.25,18.663218812759943,0.02278153101603176,0.10374577840169236
2000.0,4.5,5.0,4.75,21.793525870360888,0.026602586110433944,0.1303483645121263
2000.0,5.0,5.5,5.25,24.34191353360027,0.029713312784830966,0.16006167729695728
2000.0,5.5,6.0,5.75,24.711521544539877,0.030164480209350343,0.1902261575063076
2000.0,6.0,6.5,6.25,26.717639501400555,0.03261327743530331,0.22283943494161093
2000.0,6.5,7.0,6.75,27.06419991046044,0.033036311467489046,0.2558757464091
2000.0,7.0,7.5,7.25,27.477168663919993,0.0335404078165689,0.2894161542256689
2000.0,7.5,8.0,7.75,29.83935253796033,0.036423842112223596,0.3258399963378925
2000.0,8.0,8.5,8.25,30.310330933439843,0.03699874877929657,0.36283874511718905
2000.0,8.5,9.0,8.75,30.765683836120118,0.03755458196004235,0.4003933270772314
2000.0,9.0,9.5,9.25,30.727987334740366,0.037508567174276045,0.43790189425150744
2000.0,9.5,10.0,9.75,30.358639748679856,0.03705771764119437,0.4749596118927018
2000.0,10.0,10.5,10.25,31.39239630983984,0.03831958770751922,0.5132791996002211
2000.0,10.5,11.0,10.75,30.943619135380665,0.03777178128560454,0.5510509808858256
2000.0,11.0,11.5,11.25,29.915071071820684,0.03651626904805574,0.5875672499338813
2000.0,11.5,12.0,11.75,28.507214170540045,0.0347977479298909,0.6223649978637722
2000.0,12.0,12.5,12.25,26.565876902579877,0.03242802619934057,0.6547930240631128
2000.0,12.5,13.0,12.75,24.041513434519878,0.029346625010172288,0.6841396490732851
2000.0,13.0,13.5,13.25,22.267368939519887,0.02718098958333311,0.7113206386566182
2000.0,13.5,14.0,13.75,21.211606475999897,0.025892257690429483,0.7372128963470477
2000.0,14.0,14.5,14.25,19.72646849158018,0.024079402287801255,0.7612922986348489
2000.0,14.5,15.0,14.75,17.74359345525991,0.021658976872761866,0.7829512755076108
2000.0,15.0,15.5,15.25,16.80020432745992,0.020507415135701337,0.8034586906433121
2000.0,15.5,16.0,15.75,16.34035909559992,0.01994609832763656,0.8234047889709487
2000.0,16.0,16.5,16.25,14.041979317159928,0.01714054743448879,0.8405453364054375
2000.0,16.5,17.0,16.75,12.383463468879937,0.01511605580647774,0.8556613922119153
2000.0,17.0,17.5,17.25,11.791387504199937,0.014393329620361207,0.8700547218322765
2000.0,17.5,18.0,17.75,11.632333008739943,0.014199177424112842,0.8842538992563893
2000.0,18.0,18.5,18.25,10.69532429049995,0.01305540402730296,0.8973093032836923
2000.0,18.5,19.0,18.75,9.276985287799954,0.011324087778727123,0.9086333910624195
2000.0,19.0,19.5,19.25,8.583929575899957,0.010478099187215083,0.9191114902496346
2000.0,19.5,20.0,19.75,7.443984769919966,0.00908660888671868,0.9281980991363532
2000.0,20.0,20.5,20.25,6.4546306507999684,0.007878939310709572,0.9360770384470628
2000.0,20.5,21.0,20.75,5.468596948899974,0.006675322850545195,0.942752361297608
2000.0,21.0,21.5,21.25,4.800607131699975,0.005859931310017855,0.9486122926076258
2000.0,21.5,22.0,21.75,4.049606883999981,0.0049432118733723565,0.9535555044809981
2000.0,22.0,22.5,22.25,3.536830295279983,0.004317283630371059,0.9578727881113692
2000.0,22.5,23.0,22.75,3.442100745179983,0.004201650619506802,0.9620744387308761
2000.0,23.0,23.5,23.25,3.250037396179984,0.003967205683390268,0.9660416444142663
2000.0,23.5,24.0,23.75,3.0570625600999852,0.003731648127237926,0.9697732925415042
2000.0,24.0,24.5,24.25,2.657701006619987,0.0032441616058349354,0.9730174541473392
2000.0,24.5,25.0,24.75,2.259250940219989,0.0027577877044677518,0.975775241851807
2000.0,25.0,25.5,25.25,1.6626826463599917,0.002029577891031885,0.9778048197428388
2000.0,25.5,26.0,25.75,1.5159983326999924,0.0018505255381266125,0.9796553452809654
2000.0,26.0,26.5,26.25,1.5081204800799926,0.0018409093221028498,0.9814962546030683
2000.0,26.5,27.0,26.75,1.4148232668199932,0.0017270247141520044,0.9832232793172203
2000.0,27.0,27.5,27.25,1.4029088285599929,0.001712481180826809,0.9849357604980471
2000.0,27.5,28.0,27.75,1.3663842391399934,0.0016678969065348176,0.9866036574045819
2000.0,28.0,28.5,28.25,1.178031944679994,0.0014379819234212122,0.9880416393280032
2000.0,28.5,29.0,28.75,1.1316763160399943,0.0013813972473144418,0.9894230365753176
2000.0,29.0,29.5,29.25,1.1529009437599942,0.0014073053995768115,0.9908303419748944
2000.0,29.5,30.0,29.75,1.0618173419799946,0.0012961228688557836,0.9921264648437502
2000.0,30.0,30.5,30.25,0.9491835813799951,0.0011586348215738838,0.9932850996653241
2000.0,30.5,31.0,30.75,0.8485293652599957,0.0010357697804768795,0.994320869445801
2000.0,31.0,31.5,31.25,0.7234603166399963,0.0008831024169921802,0.9952039718627932
2000.0,31.5,32.0,31.75,0.7521070534399962,0.0009180704752604091,0.9961220423380536
2000.0,32.0,32.5,32.25,0.8015226744199959,0.000978390375773104,0.9971004327138266
2000.0,32.5,33.0,32.75,0.9432589153599952,0.0011514027913411364,0.9982518355051678
2000.0,33.0,33.5,33.25,0.6646693999799966,0.0008113384246826106,0.9990631739298504
2000.0,33.5,34.0,33.75,0.33965914973999833,0.0004146099090576139,0.9994777838389081
2000.0,34.0,34.5,34.25,0.39792921663999803,0.0004857381184895794,0.9999635219573977
2000.0,34.5,35.0,34.75,0.029883754979999868,3.647804260253879e-05,1.0000000000000002
2000.0,35.0,35.5,35.25,0.0,0.0,1.0000000000000002
2000.0,35.5,36.0,35.75,0.0,0.0,1.0000000000000002
2000.0,36.0,36.5,36.25,0.0,0.0,1.0000000000000002
2000.0,36.5,37.0,36.75,0.0,0.0,1.0000000000000002
2000.0,37.0,37.5,37.25,0.0,0.0,1.0000000000000002
2000.0,37.5,38.0,37.75,0.0,0.0,1.0000000000000002
2000.0,38.0,38.5,38.25,0.0,0.0,1.0000000000000002
2000.0,38.5,39.0,38.75,0.0,0.0,1.0000000000000002
2000.0,39.0,39.5,39.25,0.0,0.0,1.0000000000000002
2000.0,39.5,40.0,39.75,0.0,0.0,1.0000000000000002
2000.0,40.0,40.5,40.25,0.0,0.0,1.0000000000000002
2000.0,40.5,41.0,40.75,0.0,0.0,1.0000000000000002
2000.0,41.0,41.5,41.25,0.0,0.0,1.0000000000000002
2000.0,41.5,42.0,41.75,0.0,0.0,1.0000000000000002
2000.0,42.0,42.5,42.25,0.0,0.0,1.0000000000000002
2000.0,42.5,43.0,42.75,0.0,0.0,1.0000000000000002
2000.0,43.0,43.5,43.25,0.0,0.0,1.0000000000000002
2000.0,43.5,44.0,43.75,0.0,0.0,1.0000000000000002
2000.0,44.0,44.5,44.25,0.0,0.0,1.0000000000000002
2000.0,44.5,45.0,44.75,0.0,0.0,1.0000000000000002
2000.0,45.0,45.5,45.25,0.0,0.0,1.0000000000000002
2000.0,45.5,46.0,45.75,0.0,0.0,1.0000000000000002
2000.0,46.0,46.5,46.25,0.0,0.0,1.0000000000000002
2000.0,46.5,47.0,46.75,0.0,0.0,1.0000000000000002
2000.0,47.0,47.5,47.25,0.0,0.0,1.0000000000000002
2000.0,47.5,48.0,47.75,0.0,0.0,1.0000000000000002
2000.0,48.0,48.5,48.25,0.0,0.0,1.0000000000000002
2000.0,48.5,49.0,48.75,0.0,0.0,1.0000000000000002
2000.0,49.0,49.5,49.25,0.0,0.0,1.0000000000000002
2000.0,49.5,50.0,49.75,0.0,0.0,1.0000000000000002
2000.0,50.0,50.5,50.25,0.0,0.0,1.0000000000000002
2000.0,50.5,51.0,50.75,0.0,0.0,1.0000000000000002
2000.0,51.0,51.5,51.25,0.0,0.0,1.0000000000000002
2000.0,51.5,52.0,51.75,0.0,0.0,1.0000000000000002
2000.0,52.0,52.5,52.25,0.0,0.0,1.0000000000000002
2000.0,52.5,53.0,52.75,0.0,0.0,1.0000000000000002
2000.0,53.0,53.5,53.25,0.0,0.0,1.0000000000000002
2000.0,53.5,54.0,53.75,0.0,0.0,1.0000000000000002
2000.0,54.0,54.5,54.25,0.0,0.0,1.0000000000000002
2000.0,54.5,55.0,54.75,0.0,0.0,1.0000000000000002
2000.0,55.0,55.5,55.25,0.0,0.0,1.0000000000000002
2000.0,55.5,56.0,55.75,0.0,0.0,1.0000000000000002
2000.0,56.0,56.5,56.25,0.0,0.0,1.0000000000000002
2000.0,56.5,57.0,56.75,0.0,0.0,1.0000000000000002
2000.0,57.0,57.5,57.25,0.0,0.0,1.0000000000000002
2000.0,57.5,58.0,57.75,0.0,0.0,1.0000000000000002
2000.0,58.0,58.5,58.25,0.0,0.0,1.0000000000000002
2000.0,58.5,59.0,58.75,0.0,0.0,1.0000000000000002
2000.0,59.0,59.5,59.25,0.0,0.0,1.0000000000000002
2000.0,59.5,60.0,59.75,0.0,0.0,1.0000000000000002
2000.0,60.0,60.5,60.25,0.0,0.0,1.0000000000000002
2000.0,60.5,61.0,60.75,0.0,0.0,1.0000000000000002
2000.0,61.0,61.5,61.25,0.0,0.0,1.0000000000000002
2000.0,61.5,62.0,61.75,0.0,0.0,1.0000000000000002
2000.0,62.0,62.5,62.25,0.0,0.0,1.0000000000000002
2000.0,62.5,63.0,62.75,0.0,0.0,1.0000000000000002
2000.0,63.0,63.5,63.25,0.0,0.0,1.0000000000000002
2000.0,63.5,64.0,63.75,0.0,0.0,1.0000000000000002
2000.0,64.0,64.5,64.25,0.0,0.0,1.0000000000000002
2000.0,64.5,65.0,64.75,0.0,0.0,1.0000000000000002
2000.0,65.0,65.5,65.25,0.0,0.0,1.0000000000000002
2000.0,65.5,66.0,65.75,0.0,0.0,1.0000000000000002
2000.0,66.0,66.5,66.25,0.0,0.0,1.0000000000000002
2000.0,66.5,67.0,66.75,0.0,0.0,1.0000000000000002
2000.0,67.0,67.5,67.25,0.0,0.0,1.0000000000000002
2000.0,67.5,68.0,67.75,0.0,0.0,1.0000000000000002
2000.0,68.0,68.5,68.25,0.0,0.0,1.0000000000000002
2000.0,68.5,69.0,68.75,0.0,0.0,1.0000000000000002
2000.0,69.0,69.5,69.25,0.0,0.0,1.0000000000000002
2000.0,69.5,70.0,69.75,0.0,0.0,1.0000000000000002
2000.0,70.0,70.5,70.25,0.0,0.0,1.0000000000000002
2000.0,70.5,71.0,70.75,0.0,0.0,1.0000000000000002
2000.0,71.0,71.5,71.25,0.0,0.0,1.0000000000000002
2000.0,71.5,72.0,71.75,0.0,0.0,1.0000000000000002
2000.0,72.0,72.5,72.25,0.0,0.0,1.0000000000000002
2000.0,72.5,73.0,72.75,0.0,0.0,1.0000000000000002
2000.0,73.0,73.5,73.25,0.0,0.0,1.0000000000000002
2000.0,73.5,74.0,73.75,0.0,0.0,1.0000000000000002
2000.0,74.0,74.5,74.25,0.0,0.0,1.0000000000000002
2000.0,74.5,75.0,74.75,0.0,0.0,1.0000000000000002
2000.0,75.0,75.5,75.25,0.0,0.0,1.0000000000000002
2000.0,75.5,76.0,75.75,0.0,0.0,1.0000000000000002
2000.0,76.0,76.5,76.25,0.0,0.0,1.0000000000000002
2000.0,76.5,77.0,76.75,0.0,0.0,1.0000000000000002
2000.0,77.0,77.5,77.25,0.0,0.0,1.0000000000000002
2000.0,77.5,78.0,77.75,0.0,0.0,1.0000000000000002
2000.0,78.0,78.5,78.25,0.0,0.0,1.0000000000000002
2000.0,78.5,79.0,78.75,0.0,0.0,1.0000000000000002
2000.0,79.0,79.5,79.25,0.0,0.0,1.0000000000000002
2000.0,79.5,80.0,79.75,0.0,0.0,1.0000000000000002
2000.0,80.0,80.5,80.25,0.0,0.0,1.0000000000000002
2000.0,80.5,81.0,80.75,0.0,0.0,1.0000000000000002
2000.0,81.0,81.5,81.25,0.0,0.0,1.0000000000000002
2000.0,81.5,82.0,81.75,0.0,0.0,1.0000000000000002
2000.0,82.0,82.5,82.25,0.0,0.0,1.0000000000000002
2000.0,82.5,83.0,82.75,0.0,0.0,1.0000000000000002
2000.0,83.0,83.5,83.25,0.0,0.0,1.0000000000000002
2000.0,83.5,84.0,83.75,0.0,0.0,1.0000000000000002
2000.0,84.0,84.5,84.25,0.0,0.0,1.0000000000000002
2000.0,84.5,85.0,84.75,0.0,0.0,1.0000000000000002
2000.0,85.0,85.5,85.25,0.0,0.0,1.0000000000000002
2000.0,85.5,86.0,85.75,0.0,0.0,1.0000000000000002
2000.0,86.0,86.5,86.25,0.0,0.0,1.0000000000000002
2000.0,86.5,87.0,86.75,0.0,0.0,1.0000000000000002
2000.0,87.0,87.5,87.25,0.0,0.0,1.0000000000000002
2000.0,87.5,88.0,87.75,0.0,0.0,1.0000000000000002
2000.0,88.0,88.5,88.25,0.0,0.0,1.0000000000000002
2000.0,88.5,89.0,88.75,0.0,0.0,1.0000000000000002
2000.0,89.0,89.5,89.25,0.0,0.0,1.0000000000000002
2000.0,89.5,90.0,89.75,0.0,0.0,1.0000000000000002
