L_m,region,bin_left_deg,bin_right_deg,bin_center_deg,area_weight,area_fraction,cumulative_fraction
18.0,Leading,0.0,0.5,0.25,0.0,0.0,0.0
18.0,Leading,0.5,1.0,0.75,0.00039383658,0.006396588486140723,0.006396588486140723
18.0,Leading,1.0,1.5,1.25,0.00052511544,0.00852878464818763,0.014925373134328353
18.0,Leading,1.5,2.0,1.75,0.0,0.0,0.014925373134328353
18.0,Leading,2.0,2.5,2.25,0.00032819715,0.005330490405117269,0.020255863539445623
18.0,Leading,2.5,3.0,2.75,0.00032819715,0.005330490405117269,0.025586353944562892
18.0,Leading,3.0,3.5,3.25,0.00013127886,0.0021321961620469074,0.0277185501066098
18.0,Leading,3.5,4.0,3.75,0.00026255772,0.004264392324093815,0.03198294243070361
18.0,Leading,4.0,4.5,4.25,0.00013127886,0.0021321961620469074,0.03411513859275052
18.0,Leading,4.5,5.0,4.75,0.00032819715,0.005330490405117269,0.039445628997867785
18.0,Leading,5.0,5.5,5.25,0.0011158703099999996,0.018123667377398706,0.05756929637526649
18.0,Leading,5.5,6.0,5.75,0.00039383658,0.006396588486140723,0.06396588486140721
18.0,Leading,6.0,6.5,6.25,0.0013127885999999994,0.021321961620469065,0.08528784648187628
18.0,Leading,6.5,7.0,6.75,0.0009845914499999997,0.015991471215351803,0.10127931769722807
18.0,Leading,7.0,7.5,7.25,0.00059075487,0.009594882729211083,0.11087420042643915
18.0,Leading,7.5,8.0,7.75,0.0009189520199999997,0.014925373134328348,0.1257995735607675
18.0,Leading,8.0,8.5,8.25,0.0009189520199999997,0.014925373134328348,0.14072494669509586
18.0,Leading,8.5,9.0,8.75,0.0015097068899999992,0.024520255863539425,0.16524520255863528
18.0,Leading,9.0,9.5,9.25,0.001772264609999999,0.028784648187633235,0.19402985074626852
18.0,Leading,9.5,10.0,9.75,0.0011158703099999996,0.018123667377398706,0.21215351812366723
18.0,Leading,10.0,10.5,10.25,0.0007876731599999998,0.012793176972281443,0.22494669509594867
18.0,Leading,10.5,11.0,10.75,0.005185514970000007,0.08422174840085296,0.3091684434968016
18.0,Leading,11.0,11.5,11.25,0.004266562950000005,0.06929637526652457,0.37846481876332616
18.0,Leading,11.5,12.0,11.75,0.003610168650000003,0.058635394456290006,0.4371002132196162
18.0,Leading,12.0,12.5,12.25,0.00242865891,0.03944562899786779,0.476545842217484
18.0,Leading,12.5,13.0,12.75,0.0022973800499999997,0.03731343283582088,0.5138592750533049
18.0,Leading,13.0,13.5,13.25,0.0013784280299999993,0.02238805970149252,0.5362473347547974
18.0,Leading,13.5,14.0,13.75,0.0029537743500000014,0.04797441364605544,0.5842217484008528
18.0,Leading,14.0,14.5,14.25,0.0034132503600000025,0.05543710021321964,0.6396588486140725
18.0,Leading,14.5,15.0,14.75,0.003610168650000003,0.058635394456290006,0.6982942430703625
18.0,Leading,15.0,15.5,15.25,0.0034132503600000025,0.05543710021321964,0.7537313432835822
18.0,Leading,15.5,16.0,15.75,0.0009189520199999997,0.014925373134328348,0.7686567164179106
18.0,Leading,16.0,16.5,16.25,0.00032819715,0.005330490405117269,0.7739872068230278
18.0,Leading,16.5,17.0,16.75,0.0007220337299999999,0.01172707889125799,0.7857142857142858
18.0,Leading,17.0,17.5,17.25,0.0026255772000000005,0.04264392324093816,0.8283582089552239
18.0,Leading,17.5,18.0,17.75,0.0006563942999999999,0.010660980810234536,0.8390191897654585
18.0,Leading,18.0,18.5,18.25,0.00039383658,0.006396588486140723,0.8454157782515993
18.0,Leading,18.5,19.0,18.75,0.00059075487,0.009594882729211083,0.8550106609808104
18.0,Leading,19.0,19.5,19.25,0.00052511544,0.00852878464818763,0.863539445628998
18.0,Leading,19.5,20.0,19.75,0.00032819715,0.005330490405117269,0.8688699360341152
18.0,Leading,20.0,20.5,20.25,0.00052511544,0.00852878464818763,0.8773987206823028
18.0,Leading,20.5,21.0,20.75,0.00013127886,0.0021321961620469074,0.8795309168443498
18.0,Leading,21.0,21.5,21.25,0.00019691829,0.0031982942430703615,0.8827292110874202
18.0,Leading,21.5,22.0,21.75,0.0007876731599999998,0.012793176972281443,0.8955223880597016
18.0,Leading,22.0,22.5,22.25,0.00059075487,0.009594882729211083,0.9051172707889127
18.0,Leading,22.5,23.0,22.75,0.0007220337299999999,0.01172707889125799,0.9168443496801707
18.0,Leading,23.0,23.5,23.25,0.00052511544,0.00852878464818763,0.9253731343283583
18.0,Leading,23.5,24.0,23.75,0.00052511544,0.00852878464818763,0.933901918976546
18.0,Leading,24.0,24.5,24.25,0.0007876731599999998,0.012793176972281443,0.9466950959488274
18.0,Leading,24.5,25.0,24.75,0.00026255772,0.004264392324093815,0.9509594882729212
18.0,Leading,25.0,25.5,25.25,0.00032819715,0.005330490405117269,0.9562899786780384
18.0,Leading,25.5,26.0,25.75,0.00059075487,0.009594882729211083,0.9658848614072495
18.0,Leading,26.0,26.5,26.25,0.00045947601,0.007462686567164176,0.9733475479744137
18.0,Leading,26.5,27.0,26.75,0.0006563942999999999,0.010660980810234536,0.9840085287846483
18.0,Leading,27.0,27.5,27.25,0.00052511544,0.00852878464818763,0.9925373134328359
18.0,Leading,27.5,28.0,27.75,0.0,0.0,0.9925373134328359
18.0,Leading,28.0,28.5,28.25,6.563943e-05,0.0010660980810234537,0.9936034115138593
18.0,Leading,28.5,29.0,28.75,0.00013127886,0.0021321961620469074,0.9957356076759063
18.0,Leading,29.0,29.5,29.25,0.00026255772,0.004264392324093815,1.0000000000000002
18.0,Leading,29.5,30.0,29.75,0.0,0.0,1.0000000000000002
18.0,Leading,30.0,30.5,30.25,0.0,0.0,1.0000000000000002
18.0,Leading,30.5,31.0,30.75,0.0,0.0,1.0000000000000002
18.0,Leading,31.0,31.5,31.25,0.0,0.0,1.0000000000000002
18.0,Leading,31.5,32.0,31.75,0.0,0.0,1.0000000000000002
18.0,Leading,32.0,32.5,32.25,0.0,0.0,1.0000000000000002
18.0,Leading,32.5,33.0,32.75,0.0,0.0,1.0000000000000002
18.0,Leading,33.0,33.5,33.25,0.0,0.0,1.0000000000000002
18.0,Leading,33.5,34.0,33.75,0.0,0.0,1.0000000000000002
18.0,Leading,34.0,34.5,34.25,0.0,0.0,1.0000000000000002
18.0,Leading,34.5,35.0,34.75,0.0,0.0,1.0000000000000002
18.0,Leading,35.0,35.5,35.25,0.0,0.0,1.0000000000000002
18.0,Leading,35.5,36.0,35.75,0.0,0.0,1.0000000000000002
18.0,Leading,36.0,36.5,36.25,0.0,0.0,1.0000000000000002
18.0,Leading,36.5,37.0,36.75,0.0,0.0,1.0000000000000002
18.0,Leading,37.0,37.5,37.25,0.0,0.0,1.0000000000000002
18.0,Leading,37.5,38.0,37.75,0.0,0.0,1.0000000000000002
18.0,Leading,38.0,38.5,38.25,0.0,0.0,1.0000000000000002
18.0,Leading,38.5,39.0,38.75,0.0,0.0,1.0000000000000002
18.0,Leading,39.0,39.5,39.25,0.0,0.0,1.0000000000000002
18.0,Leading,39.5,40.0,39.75,0.0,0.0,1.0000000000000002
18.0,Leading,40.0,40.5,40.25,0.0,0.0,1.0000000000000002
18.0,Leading,40.5,41.0,40.75,0.0,0.0,1.0000000000000002
18.0,Leading,41.0,41.5,41.25,0.0,0.0,1.0000000000000002
18.0,Leading,41.5,42.0,41.75,0.0,0.0,1.0000000000000002
18.0,Leading,42.0,42.5,42.25,0.0,0.0,1.0000000000000002
18.0,Leading,42.5,43.0,42.75,0.0,0.0,1.0000000000000002
18.0,Leading,43.0,43.5,43.25,0.0,0.0,1.0000000000000002
18.0,Leading,43.5,44.0,43.75,0.0,0.0,1.0000000000000002
18.0,Leading,44.0,44.5,44.25,0.0,0.0,1.0000000000000002
18.0,Leading,44.5,45.0,44.75,0.0,0.0,1.0000000000000002
18.0,Leading,45.0,45.5,45.25,0.0,0.0,1.0000000000000002
18.0,Leading,45.5,46.0,45.75,0.0,0.0,1.0000000000000002
18.0,Leading,46.0,46.5,46.25,0.0,0.0,1.0000000000000002
18.0,Leading,46.5,47.0,46.75,0.0,0.0,1.0000000000000002
18.0,Leading,47.0,47.5,47.25,0.0,0.0,1.0000000000000002
18.0,Leading,47.5,48.0,47.75,0.0,0.0,1.0000000000000002
18.0,Leading,48.0,48.5,48.25,0.0,0.0,1.0000000000000002
18.0,Leading,48.5,49.0,48.75,0.0,0.0,1.0000000000000002
18.0,Leading,49.0,49.5,49.25,0.0,0.0,1.0000000000000002
18.0,Leading,49.5,50.0,49.75,0.0,0.0,1.0000000000000002
18.0,Leading,50.0,50.5,50.25,0.0,0.0,1.0000000000000002
18.0,Leading,50.5,51.0,50.75,0.0,0.0,1.0000000000000002
18.0,Leading,51.0,51.5,51.25,0.0,0.0,1.0000000000000002
18.0,Leading,51.5,52.0,51.75,0.0,0.0,1.0000000000000002
18.0,Leading,52.0,52.5,52.25,0.0,0.0,1.0000000000000002
18.0,Leading,52.5,53.0,52.75,0.0,0.0,1.0000000000000002
18.0,Leading,53.0,53.5,53.25,0.0,0.0,1.0000000000000002
18.0,Leading,53.5,54.0,53.75,0.0,0.0,1.0000000000000002
18.0,Leading,54.0,54.5,54.25,0.0,0.0,1.0000000000000002
18.0,Leading,54.5,55.0,54.75,0.0,0.0,1.0000000000000002
18.0,Leading,55.0,55.5,55.25,0.0,0.0,1.0000000000000002
18.0,Leading,55.5,56.0,55.75,0.0,0.0,1.0000000000000002
18.0,Leading,56.0,56.5,56.25,0.0,0.0,1.0000000000000002
18.0,Leading,56.5,57.0,56.75,0.0,0.0,1.0000000000000002
18.0,Leading,57.0,57.5,57.25,0.0,0.0,1.0000000000000002
18.0,Leading,57.5,58.0,57.75,0.0,0.0,1.0000000000000002
18.0,Leading,58.0,58.5,58.25,0.0,0.0,1.0000000000000002
18.0,Leading,58.5,59.0,58.75,0.0,0.0,1.0000000000000002
18.0,Leading,59.0,59.5,59.25,0.0,0.0,1.0000000000000002
18.0,Leading,59.5,60.0,59.75,0.0,0.0,1.0000000000000002
18.0,Leading,60.0,60.5,60.25,0.0,0.0,1.0000000000000002
18.0,Leading,60.5,61.0,60.75,0.0,0.0,1.0000000000000002
18.0,Leading,61.0,61.5,61.25,0.0,0.0,1.0000000000000002
18.0,Leading,61.5,62.0,61.75,0.0,0.0,1.0000000000000002
18.0,Leading,62.0,62.5,62.25,0.0,0.0,1.0000000000000002
18.0,Leading,62.5,63.0,62.75,0.0,0.0,1.0000000000000002
18.0,Leading,63.0,63.5,63.25,0.0,0.0,1.0000000000000002
18.0,Leading,63.5,64.0,63.75,0.0,0.0,1.0000000000000002
18.0,Leading,64.0,64.5,64.25,0.0,0.0,1.0000000000000002
18.0,Leading,64.5,65.0,64.75,0.0,0.0,1.0000000000000002
18.0,Leading,65.0,65.5,65.25,0.0,0.0,1.0000000000000002
18.0,Leading,65.5,66.0,65.75,0.0,0.0,1.0000000000000002
18.0,Leading,66.0,66.5,66.25,0.0,0.0,1.0000000000000002
18.0,Leading,66.5,67.0,66.75,0.0,0.0,1.0000000000000002
18.0,Leading,67.0,67.5,67.25,0.0,0.0,1.0000000000000002
18.0,Leading,67.5,68.0,67.75,0.0,0.0,1.0000000000000002
18.0,Leading,68.0,68.5,68.25,0.0,0.0,1.0000000000000002
18.0,Leading,68.5,69.0,68.75,0.0,0.0,1.0000000000000002
18.0,Leading,69.0,69.5,69.25,0.0,0.0,1.0000000000000002
18.0,Leading,69.5,70.0,69.75,0.0,0.0,1.0000000000000002
18.0,Leading,70.0,70.5,70.25,0.0,0.0,1.0000000000000002
18.0,Leading,70.5,71.0,70.75,0.0,0.0,1.0000000000000002
18.0,Leading,71.0,71.5,71.25,0.0,0.0,1.0000000000000002
18.0,Leading,71.5,72.0,71.75,0.0,0.0,1.0000000000000002
18.0,Leading,72.0,72.5,72.25,0.0,0.0,1.0000000000000002
18.0,Leading,72.5,73.0,72.75,0.0,0.0,1.0000000000000002
18.0,Leading,73.0,73.5,73.25,0.0,0.0,1.0000000000000002
18.0,Leading,73.5,74.0,73.75,0.0,0.0,1.0000000000000002
18.0,Leading,74.0,74.5,74.25,0.0,0.0,1.0000000000000002
18.0,Leading,74.5,75.0,74.75,0.0,0.0,1.0000000000000002
18.0,Leading,75.0,75.5,75.25,0.0,0.0,1.0000000000000002
18.0,Leading,75.5,76.0,75.75,0.0,0.0,1.0000000000000002
18.0,Leading,76.0,76.5,76.25,0.0,0.0,1.0000000000000002
18.0,Leading,76.5,77.0,76.75,0.0,0.0,1.0000000000000002
18.0,Leading,77.0,77.5,77.25,0.0,0.0,1.0000000000000002
18.0,Leading,77.5,78.0,77.75,0.0,0.0,1.0000000000000002
18.0,Leading,78.0,78.5,78.25,0.0,0.0,1.0000000000000002
18.0,Leading,78.5,79.0,78.75,0.0,0.0,1.0000000000000002
18.0,Leading,79.0,79.5,79.25,0.0,0.0,1.0000000000000002
18.0,Leading,79.5,80.0,79.75,0.0,0.0,1.0000000000000002
18.0,Leading,80.0,80.5,80.25,0.0,0.0,1.0000000000000002
18.0,Leading,80.5,81.0,80.75,0.0,0.0,1.0000000000000002
18.0,Leading,81.0,81.5,81.25,0.0,0.0,1.0000000000000002
18.0,Leading,81.5,82.0,81.75,0.0,0.0,1.0000000000000002
18.0,Leading,82.0,82.5,82.25,0.0,0.0,1.0000000000000002
18.0,Leading,82.5,83.0,82.75,0.0,0.0,1.0000000000000002
18.0,Leading,83.0,83.5,83.25,0.0,0.0,1.0000000000000002
18.0,Leading,83.5,84.0,83.75,0.0,0.0,1.0000000000000002
18.0,Leading,84.0,84.5,84.25,0.0,0.0,1.0000000000000002
18.0,Leading,84.5,85.0,84.75,0.0,0.0,1.0000000000000002
18.0,Leading,85.0,85.5,85.25,0.0,0.0,1.0000000000000002
18.0,Leading,85.5,86.0,85.75,0.0,0.0,1.0000000000000002
18.0,Leading,86.0,86.5,86.25,0.0,0.0,1.0000000000000002
18.0,Leading,86.5,87.0,86.75,0.0,0.0,1.0000000000000002
18.0,Leading,87.0,87.5,87.25,0.0,0.0,1.0000000000000002
18.0,Leading,87.5,88.0,87.75,0.0,0.0,1.0000000000000002
18.0,Leading,88.0,88.5,88.25,0.0,0.0,1.0000000000000002
18.0,Leading,88.5,89.0,88.75,0.0,0.0,1.0000000000000002
18.0,Leading,89.0,89.5,89.25,0.0,0.0,1.0000000000000002
18.0,Leading,89.5,90.0,89.75,0.0,0.0,1.0000000000000002
18.0,Sub-Mars,0.0,0.5,0.25,0.00039383658,0.005244755244755244,0.005244755244755244
18.0,Sub-Mars,0.5,1.0,0.75,0.0009845914499999997,0.013111888111888105,0.01835664335664335
18.0,Sub-Mars,1.0,1.5,1.25,0.00039383658,0.005244755244755244,0.023601398601398593
18.0,Sub-Mars,1.5,2.0,1.75,0.00032819715,0.00437062937062937,0.02797202797202796
18.0,Sub-Mars,2.0,2.5,2.25,0.0012471491699999995,0.016608391608391598,0.044580419580419556
18.0,Sub-Mars,2.5,3.0,2.75,0.001969182899999999,0.026223776223776207,0.07080419580419577
18.0,Sub-Mars,3.0,3.5,3.25,0.00242865891,0.03234265734265734,0.1031468531468531
18.0,Sub-Mars,3.5,4.0,3.75,0.0016409857499999991,0.02185314685314684,0.12499999999999993
18.0,Sub-Mars,4.0,4.5,4.25,0.001903543469999999,0.02534965034965033,0.15034965034965025
18.0,Sub-Mars,4.5,5.0,4.75,0.002100461759999999,0.027972027972027958,0.17832167832167822
18.0,Sub-Mars,5.0,5.5,5.25,0.003675808080000003,0.04895104895104899,0.2272727272727272
18.0,Sub-Mars,5.5,6.0,5.75,0.003610168650000003,0.048076923076923114,0.2753496503496503
18.0,Sub-Mars,6.0,6.5,6.25,0.001969182899999999,0.026223776223776207,0.3015734265734265
18.0,Sub-Mars,6.5,7.0,6.75,0.002034822329999999,0.027097902097902082,0.3286713286713286
18.0,Sub-Mars,7.0,7.5,7.25,0.0022973800499999997,0.030594405594405585,0.35926573426573416
18.0,Sub-Mars,7.5,8.0,7.75,0.0025599377700000004,0.034090909090909095,0.3933566433566433
18.0,Sub-Mars,8.0,8.5,8.25,0.0026255772000000005,0.03496503496503497,0.4283216783216782
18.0,Sub-Mars,8.5,9.0,8.75,0.005119875540000007,0.06818181818181826,0.49650349650349646
18.0,Sub-Mars,9.0,9.5,9.25,0.0038727263700000037,0.05157342657342662,0.5480769230769231
18.0,Sub-Mars,9.5,10.0,9.75,0.002756856060000001,0.03671328671328672,0.5847902097902098
18.0,Sub-Mars,10.0,10.5,10.25,0.003150692640000002,0.04195804195804198,0.6267482517482518
18.0,Sub-Mars,10.5,11.0,10.75,0.00236301948,0.031468531468531465,0.6582167832167832
18.0,Sub-Mars,11.0,11.5,11.25,0.0011815097399999995,0.015734265734265725,0.673951048951049
18.0,Sub-Mars,11.5,12.0,11.75,0.0013127885999999994,0.017482517482517473,0.6914335664335665
18.0,Sub-Mars,12.0,12.5,12.25,0.001837904039999999,0.02447552447552446,0.7159090909090909
18.0,Sub-Mars,12.5,13.0,12.75,0.0022973800499999997,0.030594405594405585,0.7465034965034966
18.0,Sub-Mars,13.0,13.5,13.25,0.004463481240000005,0.0594405594405595,0.805944055944056
18.0,Sub-Mars,13.5,14.0,13.75,0.0014440674599999993,0.019230769230769218,0.8251748251748252
18.0,Sub-Mars,14.0,14.5,14.25,0.0007876731599999998,0.010489510489510486,0.8356643356643357
18.0,Sub-Mars,14.5,15.0,14.75,0.00019691829,0.002622377622377622,0.8382867132867133
18.0,Sub-Mars,15.0,15.5,15.25,0.00052511544,0.006993006993006992,0.8452797202797203
18.0,Sub-Mars,15.5,16.0,15.75,0.00045947601,0.006118881118881118,0.8513986013986015
18.0,Sub-Mars,16.0,16.5,16.25,0.001772264609999999,0.023601398601398586,0.875
18.0,Sub-Mars,16.5,17.0,16.75,0.001903543469999999,0.02534965034965033,0.9003496503496503
18.0,Sub-Mars,17.0,17.5,17.25,0.00052511544,0.006993006993006992,0.9073426573426573
18.0,Sub-Mars,17.5,18.0,17.75,0.0,0.0,0.9073426573426573
18.0,Sub-Mars,18.0,18.5,18.25,0.00032819715,0.00437062937062937,0.9117132867132867
18.0,Sub-Mars,18.5,19.0,18.75,0.00026255772,0.003496503496503496,0.9152097902097902
18.0,Sub-Mars,19.0,19.5,19.25,0.0015097068899999992,0.020104895104895094,0.9353146853146853
18.0,Sub-Mars,19.5,20.0,19.75,0.0011815097399999995,0.015734265734265725,0.951048951048951
18.0,Sub-Mars,20.0,20.5,20.25,0.0009845914499999997,0.013111888111888105,0.9641608391608392
18.0,Sub-Mars,20.5,21.0,20.75,0.00013127886,0.001748251748251748,0.9659090909090909
18.0,Sub-Mars,21.0,21.5,21.25,0.00026255772,0.003496503496503496,0.9694055944055945
18.0,Sub-Mars,21.5,22.0,21.75,0.0,0.0,0.9694055944055945
18.0,Sub-Mars,22.0,22.5,22.25,0.0009845914499999997,0.013111888111888105,0.9825174825174826
18.0,Sub-Mars,22.5,23.0,22.75,0.00045947601,0.006118881118881118,0.9886363636363638
18.0,Sub-Mars,23.0,23.5,23.25,0.00026255772,0.003496503496503496,0.9921328671328673
18.0,Sub-Mars,23.5,24.0,23.75,0.00045947601,0.006118881118881118,0.9982517482517484
18.0,Sub-Mars,24.0,24.5,24.25,0.00013127886,0.001748251748251748,1.0000000000000002
18.0,Sub-Mars,24.5,25.0,24.75,0.0,0.0,1.0000000000000002
18.0,Sub-Mars,25.0,25.5,25.25,0.0,0.0,1.0000000000000002
18.0,Sub-Mars,25.5,26.0,25.75,0.0,0.0,1.0000000000000002
18.0,Sub-Mars,26.0,26.5,26.25,0.0,0.0,1.0000000000000002
18.0,Sub-Mars,26.5,27.0,26.75,0.0,0.0,1.0000000000000002
18.0,Sub-Mars,27.0,27.5,27.25,0.0,0.0,1.0000000000000002
18.0,Sub-Mars,27.5,28.0,27.75,0.0,0.0,1.0000000000000002
18.0,Sub-Mars,28.0,28.5,28.25,0.0,0.0,1.0000000000000002
18.0,Sub-Mars,28.5,29.0,28.75,0.0,0.0,1.0000000000000002
18.0,Sub-Mars,29.0,29.5,29.25,0.0,0.0,1.0000000000000002
18.0,Sub-Mars,29.5,30.0,29.75,0.0,0.0,1.0000000000000002
18.0,Sub-Mars,30.0,30.5,30.25,0.0,0.0,1.0000000000000002
18.0,Sub-Mars,30.5,31.0,30.75,0.0,0.0,1.0000000000000002
18.0,Sub-Mars,31.0,31.5,31.25,0.0,0.0,1.0000000000000002
18.0,Sub-Mars,31.5,32.0,31.75,0.0,0.0,1.0000000000000002
18.0,Sub-Mars,32.0,32.5,32.25,0.0,0.0,1.0000000000000002
18.0,Sub-Mars,32.5,33.0,32.75,0.0,0.0,1.0000000000000002
18.0,Sub-Mars,33.0,33.5,33.25,0.0,0.0,1.0000000000000002
18.0,Sub-Mars,33.5,34.0,33.75,0.0,0.0,1.0000000000000002
18.0,Sub-Mars,34.0,34.5,34.25,0.0,0.0,1.0000000000000002
18.0,Sub-Mars,34.5,35.0,34.75,0.0,0.0,1.0000000000000002
18.0,Sub-Mars,35.0,35.5,35.25,0.0,0.0,1.0000000000000002
18.0,Sub-Mars,35.5,36.0,35.75,0.0,0.0,1.0000000000000002
18.0,Sub-Mars,36.0,36.5,36.25,0.0,0.0,1.0000000000000002
18.0,Sub-Mars,36.5,37.0,36.75,0.0,0.0,1.0000000000000002
18.0,Sub-Mars,37.0,37.5,37.25,0.0,0.0,1.0000000000000002
18.0,Sub-Mars,37.5,38.0,37.75,0.0,0.0,1.0000000000000002
18.0,Sub-Mars,38.0,38.5,38.25,0.0,0.0,1.0000000000000002
18.0,Sub-Mars,38.5,39.0,38.75,0.0,0.0,1.0000000000000002
18.0,Sub-Mars,39.0,39.5,39.25,0.0,0.0,1.0000000000000002
18.0,Sub-Mars,39.5,40.0,39.75,0.0,0.0,1.0000000000000002
18.0,Sub-Mars,40.0,40.5,40.25,0.0,0.0,1.0000000000000002
18.0,Sub-Mars,40.5,41.0,40.75,0.0,0.0,1.0000000000000002
18.0,Sub-Mars,41.0,41.5,41.25,0.0,0.0,1.0000000000000002
18.0,Sub-Mars,41.5,42.0,41.75,0.0,0.0,1.0000000000000002
18.0,Sub-Mars,42.0,42.5,42.25,0.0,0.0,1.0000000000000002
18.0,Sub-Mars,42.5,43.0,42.75,0.0,0.0,1.0000000000000002
18.0,Sub-Mars,43.0,43.5,43.25,0.0,0.0,1.0000000000000002
18.0,Sub-Mars,43.5,44.0,43.75,0.0,0.0,1.0000000000000002
18.0,Sub-Mars,44.0,44.5,44.25,0.0,0.0,1.0000000000000002
18.0,Sub-Mars,44.5,45.0,44.75,0.0,0.0,1.0000000000000002
18.0,Sub-Mars,45.0,45.5,45.25,0.0,0.0,1.0000000000000002
18.0,Sub-Mars,45.5,46.0,45.75,0.0,0.0,1.0000000000000002
18.0,Sub-Mars,46.0,46.5,46.25,0.0,0.0,1.0000000000000002
18.0,Sub-Mars,46.5,47.0,46.75,0.0,0.0,1.0000000000000002
18.0,Sub-Mars,47.0,47.5,47.25,0.0,0.0,1.0000000000000002
18.0,Sub-Mars,47.5,48.0,47.75,0.0,0.0,1.0000000000000002
18.0,Sub-Mars,48.0,48.5,48.25,0.0,0.0,1.0000000000000002
18.0,Sub-Mars,48.5,49.0,48.75,0.0,0.0,1.0000000000000002
18.0,Sub-Mars,49.0,49.5,49.25,0.0,0.0,1.0000000000000002
18.0,Sub-Mars,49.5,50.0,49.75,0.0,0.0,1.0000000000000002
18.0,Sub-Mars,50.0,50.5,50.25,0.0,0.0,1.0000000000000002
18.0,Sub-Mars,50.5,51.0,50.75,0.0,0.0,1.0000000000000002
18.0,Sub-Mars,51.0,51.5,51.25,0.0,0.0,1.0000000000000002
18.0,Sub-Mars,51.5,52.0,51.75,0.0,0.0,1.0000000000000002
18.0,Sub-Mars,52.0,52.5,52.25,0.0,0.0,1.0000000000000002
18.0,Sub-Mars,52.5,53.0,52.75,0.0,0.0,1.0000000000000002
18.0,Sub-Mars,53.0,53.5,53.25,0.0,0.0,1.0000000000000002
18.0,Sub-Mars,53.5,54.0,53.75,0.0,0.0,1.0000000000000002
18.0,Sub-Mars,54.0,54.5,54.25,0.0,0.0,1.0000000000000002
18.0,Sub-Mars,54.5,55.0,54.75,0.0,0.0,1.0000000000000002
18.0,Sub-Mars,55.0,55.5,55.25,0.0,0.0,1.0000000000000002
18.0,Sub-Mars,55.5,56.0,55.75,0.0,0.0,1.0000000000000002
18.0,Sub-Mars,56.0,56.5,56.25,0.0,0.0,1.0000000000000002
18.0,Sub-Mars,56.5,57.0,56.75,0.0,0.0,1.0000000000000002
18.0,Sub-Mars,57.0,57.5,57.25,0.0,0.0,1.0000000000000002
18.0,Sub-Mars,57.5,58.0,57.75,0.0,0.0,1.0000000000000002
18.0,Sub-Mars,58.0,58.5,58.25,0.0,0.0,1.0000000000000002
18.0,Sub-Mars,58.5,59.0,58.75,0.0,0.0,1.0000000000000002
18.0,Sub-Mars,59.0,59.5,59.25,0.0,0.0,1.0000000000000002
18.0,Sub-Mars,59.5,60.0,59.75,0.0,0.0,1.0000000000000002
18.0,Sub-Mars,60.0,60.5,60.25,0.0,0.0,1.0000000000000002
18.0,Sub-Mars,60.5,61.0,60.75,0.0,0.0,1.0000000000000002
18.0,Sub-Mars,61.0,61.5,61.25,0.0,0.0,1.0000000000000002
18.0,Sub-Mars,61.5,62.0,61.75,0.0,0.0,1.0000000000000002
18.0,Sub-Mars,62.0,62.5,62.25,0.0,0.0,1.0000000000000002
18.0,Sub-Mars,62.5,63.0,62.75,0.0,0.0,1.0000000000000002
18.0,Sub-Mars,63.0,63.5,63.25,0.0,0.0,1.0000000000000002
18.0,Sub-Mars,63.5,64.0,63.75,0.0,0.0,1.0000000000000002
18.0,Sub-Mars,64.0,64.5,64.25,0.0,0.0,1.0000000000000002
18.0,Sub-Mars,64.5,65.0,64.75,0.0,0.0,1.0000000000000002
18.0,Sub-Mars,65.0,65.5,65.25,0.0,0.0,1.0000000000000002
18.0,Sub-Mars,65.5,66.0,65.75,0.0,0.0,1.0000000000000002
18.0,Sub-Mars,66.0,66.5,66.25,0.0,0.0,1.0000000000000002
18.0,Sub-Mars,66.5,67.0,66.75,0.0,0.0,1.0000000000000002
18.0,Sub-Mars,67.0,67.5,67.25,0.0,0.0,1.0000000000000002
18.0,Sub-Mars,67.5,68.0,67.75,0.0,0.0,1.0000000000000002
18.0,Sub-Mars,68.0,68.5,68.25,0.0,0.0,1.0000000000000002
18.0,Sub-Mars,68.5,69.0,68.75,0.0,0.0,1.0000000000000002
18.0,Sub-Mars,69.0,69.5,69.25,0.0,0.0,1.0000000000000002
18.0,Sub-Mars,69.5,70.0,69.75,0.0,0.0,1.0000000000000002
18.0,Sub-Mars,70.0,70.5,70.25,0.0,0.0,1.0000000000000002
18.0,Sub-Mars,70.5,71.0,70.75,0.0,0.0,1.0000000000000002
18.0,Sub-Mars,71.0,71.5,71.25,0.0,0.0,1.0000000000000002
18.0,Sub-Mars,71.5,72.0,71.75,0.0,0.0,1.0000000000000002
18.0,Sub-Mars,72.0,72.5,72.25,0.0,0.0,1.0000000000000002
18.0,Sub-Mars,72.5,73.0,72.75,0.0,0.0,1.0000000000000002
18.0,Sub-Mars,73.0,73.5,73.25,0.0,0.0,1.0000000000000002
18.0,Sub-Mars,73.5,74.0,73.75,0.0,0.0,1.0000000000000002
18.0,Sub-Mars,74.0,74.5,74.25,0.0,0.0,1.0000000000000002
18.0,Sub-Mars,74.5,75.0,74.75,0.0,0.0,1.0000000000000002
18.0,Sub-Mars,75.0,75.5,75.25,0.0,0.0,1.0000000000000002
18.0,Sub-Mars,75.5,76.0,75.75,0.0,0.0,1.0000000000000002
18.0,Sub-Mars,76.0,76.5,76.25,0.0,0.0,1.0000000000000002
18.0,Sub-Mars,76.5,77.0,76.75,0.0,0.0,1.0000000000000002
18.0,Sub-Mars,77.0,77.5,77.25,0.0,0.0,1.0000000000000002
18.0,Sub-Mars,77.5,78.0,77.75,0.0,0.0,1.0000000000000002
18.0,Sub-Mars,78.0,78.5,78.25,0.0,0.0,1.0000000000000002
18.0,Sub-Mars,78.5,79.0,78.75,0.0,0.0,1.0000000000000002
18.0,Sub-Mars,79.0,79.5,79.25,0.0,0.0,1.0000000000000002
18.0,Sub-Mars,79.5,80.0,79.75,0.0,0.0,1.0000000000000002
18.0,Sub-Mars,80.0,80.5,80.25,0.0,0.0,1.0000000000000002
18.0,Sub-Mars,80.5,81.0,80.75,0.0,0.0,1.0000000000000002
18.0,Sub-Mars,81.0,81.5,81.25,0.0,0.0,1.0000000000000002
18.0,Sub-Mars,81.5,82.0,81.75,0.0,0.0,1.0000000000000002
18.0,Sub-Mars,82.0,82.5,82.25,0.0,0.0,1.0000000000000002
18.0,Sub-Mars,82.5,83.0,82.75,0.0,0.0,1.0000000000000002
18.0,Sub-Mars,83.0,83.5,83.25,0.0,0.0,1.0000000000000002
18.0,Sub-Mars,83.5,84.0,83.75,0.0,0.0,1.0000000000000002
18.0,Sub-Mars,84.0,84.5,84.25,0.0,0.0,1.0000000000000002
18.0,Sub-Mars,84.5,85.0,84.75,0.0,0.0,1.0000000000000002
18.0,Sub-Mars,85.0,85.5,85.25,0.0,0.0,1.0000000000000002
18.0,Sub-Mars,85.5,86.0,85.75,0.0,0.0,1.0000000000000002
18.0,Sub-Mars,86.0,86.5,86.25,0.0,0.0,1.0000000000000002
18.0,Sub-Mars,86.5,87.0,86.75,0.0,0.0,1.0000000000000002
18.0,Sub-Mars,87.0,87.5,87.25,0.0,0.0,1.0000000000000002
18.0,Sub-Mars,87.5,88.0,87.75,0.0,0.0,1.0000000000000002
18.0,Sub-Mars,88.0,88.5,88.25,0.0,0.0,1.0000000000000002
18.0,Sub-Mars,88.5,89.0,88.75,0.0,0.0,1.0000000000000002
18.0,Sub-Mars,89.0,89.5,89.25,0.0,0.0,1.0000000000000002
18.0,Sub-Mars,89.5,90.0,89.75,0.0,0.0,1.0000000000000002
18.0,Trailing,0.0,0.5,0.25,0.0,0.0,0.0
18.0,Trailing,0.5,1.0,0.75,0.0,0.0,0.0
18.0,Trailing,1.0,1.5,1.25,0.0,0.0,0.0
18.0,Trailing,1.5,2.0,1.75,0.00045947601,0.006108202443280974,0.006108202443280974
18.0,Trailing,2.0,2.5,2.25,0.00242865891,0.03228621291448514,0.038394415357766117
18.0,Trailing,2.5,3.0,2.75,0.0022317406199999995,0.02966841186736472,0.06806282722513084
18.0,Trailing,3.0,3.5,3.25,0.0015097068899999992,0.020069808027923186,0.08813263525305402
18.0,Trailing,3.5,4.0,3.75,0.00032819715,0.0043630017452006955,0.09249563699825472
18.0,Trailing,4.0,4.5,4.25,0.0022973800499999997,0.030541012216404862,0.12303664921465958
18.0,Trailing,4.5,5.0,4.75,0.007679813310000013,0.10209424083769644,0.22513089005235604
18.0,Trailing,5.0,5.5,5.25,0.002034822329999999,0.0270506108202443,0.25218150087260033
18.0,Trailing,5.5,6.0,5.75,0.0008533125899999998,0.011343804537521804,0.26352530541012215
18.0,Trailing,6.0,6.5,6.25,0.005710630410000008,0.07591623036649221,0.33944153577661434
18.0,Trailing,6.5,7.0,6.75,0.008401847040000014,0.11169284467713798,0.4511343804537523
18.0,Trailing,7.0,7.5,7.25,0.005579351550000008,0.07417102966841192,0.5253054101221643
18.0,Trailing,7.5,8.0,7.75,0.001706625179999999,0.022687609075043604,0.5479930191972079
18.0,Trailing,8.0,8.5,8.25,0.0030850532100000017,0.04101221640488656,0.5890052356020945
18.0,Trailing,8.5,9.0,8.75,0.003150692640000002,0.0418848167539267,0.6308900523560212
18.0,Trailing,9.0,9.5,9.25,0.003216332070000002,0.04275741710296684,0.6736474694589881
18.0,Trailing,9.5,10.0,9.75,0.0013784280299999993,0.01832460732984291,0.691972076788831
18.0,Trailing,10.0,10.5,10.25,0.0030850532100000017,0.04101221640488656,0.7329842931937176
18.0,Trailing,10.5,11.0,10.75,0.0030850532100000017,0.04101221640488656,0.7739965095986041
18.0,Trailing,11.0,11.5,11.25,0.004004005230000004,0.053228621291448536,0.8272251308900527
18.0,Trailing,11.5,12.0,11.75,0.00039383658,0.0052356020942408345,0.8324607329842935
18.0,Trailing,12.0,12.5,12.25,0.00059075487,0.007853403141361251,0.8403141361256548
18.0,Trailing,12.5,13.0,12.75,0.003938365800000004,0.05235602094240839,0.8926701570680632
18.0,Trailing,13.0,13.5,13.25,0.0016409857499999991,0.021815008726003466,0.9144851657940667
18.0,Trailing,13.5,14.0,13.75,0.0021661011899999994,0.02879581151832458,0.9432809773123912
18.0,Trailing,14.0,14.5,14.25,0.0008533125899999998,0.011343804537521804,0.9546247818499131
18.0,Trailing,14.5,15.0,14.75,6.563943e-05,0.0008726003490401391,0.9554973821989532
18.0,Trailing,15.0,15.5,15.25,0.0011815097399999995,0.015706806282722495,0.9712041884816757
18.0,Trailing,15.5,16.0,15.75,0.0014440674599999993,0.019197207678883048,0.9904013961605587
18.0,Trailing,16.0,16.5,16.25,0.00045947601,0.006108202443280974,0.9965095986038396
18.0,Trailing,16.5,17.0,16.75,0.00013127886,0.0017452006980802782,0.9982547993019198
18.0,Trailing,17.0,17.5,17.25,0.0,0.0,0.9982547993019198
18.0,Trailing,17.5,18.0,17.75,0.00013127886,0.0017452006980802782,1.0000000000000002
18.0,Trailing,18.0,18.5,18.25,0.0,0.0,1.0000000000000002
18.0,Trailing,18.5,19.0,18.75,0.0,0.0,1.0000000000000002
18.0,Trailing,19.0,19.5,19.25,0.0,0.0,1.0000000000000002
18.0,Trailing,19.5,20.0,19.75,0.0,0.0,1.0000000000000002
18.0,Trailing,20.0,20.5,20.25,0.0,0.0,1.0000000000000002
18.0,Trailing,20.5,21.0,20.75,0.0,0.0,1.0000000000000002
18.0,Trailing,21.0,21.5,21.25,0.0,0.0,1.0000000000000002
18.0,Trailing,21.5,22.0,21.75,0.0,0.0,1.0000000000000002
18.0,Trailing,22.0,22.5,22.25,0.0,0.0,1.0000000000000002
18.0,Trailing,22.5,23.0,22.75,0.0,0.0,1.0000000000000002
18.0,Trailing,23.0,23.5,23.25,0.0,0.0,1.0000000000000002
18.0,Trailing,23.5,24.0,23.75,0.0,0.0,1.0000000000000002
18.0,Trailing,24.0,24.5,24.25,0.0,0.0,1.0000000000000002
18.0,Trailing,24.5,25.0,24.75,0.0,0.0,1.0000000000000002
18.0,Trailing,25.0,25.5,25.25,0.0,0.0,1.0000000000000002
18.0,Trailing,25.5,26.0,25.75,0.0,0.0,1.0000000000000002
18.0,Trailing,26.0,26.5,26.25,0.0,0.0,1.0000000000000002
18.0,Trailing,26.5,27.0,26.75,0.0,0.0,1.0000000000000002
18.0,Trailing,27.0,27.5,27.25,0.0,0.0,1.0000000000000002
18.0,Trailing,27.5,28.0,27.75,0.0,0.0,1.0000000000000002
18.0,Trailing,28.0,28.5,28.25,0.0,0.0,1.0000000000000002
18.0,Trailing,28.5,29.0,28.75,0.0,0.0,1.0000000000000002
18.0,Trailing,29.0,29.5,29.25,0.0,0.0,1.0000000000000002
18.0,Trailing,29.5,30.0,29.75,0.0,0.0,1.0000000000000002
18.0,Trailing,30.0,30.5,30.25,0.0,0.0,1.0000000000000002
18.0,Trailing,30.5,31.0,30.75,0.0,0.0,1.0000000000000002
18.0,Trailing,31.0,31.5,31.25,0.0,0.0,1.0000000000000002
18.0,Trailing,31.5,32.0,31.75,0.0,0.0,1.0000000000000002
18.0,Trailing,32.0,32.5,32.25,0.0,0.0,1.0000000000000002
18.0,Trailing,32.5,33.0,32.75,0.0,0.0,1.0000000000000002
18.0,Trailing,33.0,33.5,33.25,0.0,0.0,1.0000000000000002
18.0,Trailing,33.5,34.0,33.75,0.0,0.0,1.0000000000000002
18.0,Trailing,34.0,34.5,34.25,0.0,0.0,1.0000000000000002
18.0,Trailing,34.5,35.0,34.75,0.0,0.0,1.0000000000000002
18.0,Trailing,35.0,35.5,35.25,0.0,0.0,1.0000000000000002
18.0,Trailing,35.5,36.0,35.75,0.0,0.0,1.0000000000000002
18.0,Trailing,36.0,36.5,36.25,0.0,0.0,1.0000000000000002
18.0,Trailing,36.5,37.0,36.75,0.0,0.0,1.0000000000000002
18.0,Trailing,37.0,37.5,37.25,0.0,0.0,1.0000000000000002
18.0,Trailing,37.5,38.0,37.75,0.0,0.0,1.0000000000000002
18.0,Trailing,38.0,38.5,38.25,0.0,0.0,1.0000000000000002
18.0,Trailing,38.5,39.0,38.75,0.0,0.0,1.0000000000000002
18.0,Trailing,39.0,39.5,39.25,0.0,0.0,1.0000000000000002
18.0,Trailing,39.5,40.0,39.75,0.0,0.0,1.0000000000000002
18.0,Trailing,40.0,40.5,40.25,0.0,0.0,1.0000000000000002
18.0,Trailing,40.5,41.0,40.75,0.0,0.0,1.0000000000000002
18.0,Trailing,41.0,41.5,41.25,0.0,0.0,1.0000000000000002
18.0,Trailing,41.5,42.0,41.75,0.0,0.0,1.0000000000000002
18.0,Trailing,42.0,42.5,42.25,0.0,0.0,1.0000000000000002
18.0,Trailing,42.5,43.0,42.75,0.0,0.0,1.0000000000000002
18.0,Trailing,43.0,43.5,43.25,0.0,0.0,1.0000000000000002
18.0,Trailing,43.5,44.0,43.75,0.0,0.0,1.0000000000000002
18.0,Trailing,44.0,44.5,44.25,0.0,0.0,1.0000000000000002
18.0,Trailing,44.5,45.0,44.75,0.0,0.0,1.0000000000000002
18.0,Trailing,45.0,45.5,45.25,0.0,0.0,1.0000000000000002
18.0,Trailing,45.5,46.0,45.75,0.0,0.0,1.0000000000000002
18.0,Trailing,46.0,46.5,46.25,0.0,0.0,1.0000000000000002
18.0,Trailing,46.5,47.0,46.75,0.0,0.0,1.0000000000000002
18.0,Trailing,47.0,47.5,47.25,0.0,0.0,1.0000000000000002
18.0,Trailing,47.5,48.0,47.75,0.0,0.0,1.0000000000000002
18.0,Trailing,48.0,48.5,48.25,0.0,0.0,1.0000000000000002
18.0,Trailing,48.5,49.0,48.75,0.0,0.0,1.0000000000000002
18.0,Trailing,49.0,49.5,49.25,0.0,0.0,1.0000000000000002
18.0,Trailing,49.5,50.0,49.75,0.0,0.0,1.0000000000000002
18.0,Trailing,50.0,50.5,50.25,0.0,0.0,1.0000000000000002
18.0,Trailing,50.5,51.0,50.75,0.0,0.0,1.0000000000000002
18.0,Trailing,51.0,51.5,51.25,0.0,0.0,1.0000000000000002
18.0,Trailing,51.5,52.0,51.75,0.0,0.0,1.0000000000000002
18.0,Trailing,52.0,52.5,52.25,0.0,0.0,1.0000000000000002
18.0,Trailing,52.5,53.0,52.75,0.0,0.0,1.0000000000000002
18.0,Trailing,53.0,53.5,53.25,0.0,0.0,1.0000000000000002
18.0,Trailing,53.5,54.0,53.75,0.0,0.0,1.0000000000000002
18.0,Trailing,54.0,54.5,54.25,0.0,0.0,1.0000000000000002
18.0,Trailing,54.5,55.0,54.75,0.0,0.0,1.0000000000000002
18.0,Trailing,55.0,55.5,55.25,0.0,0.0,1.0000000000000002
18.0,Trailing,55.5,56.0,55.75,0.0,0.0,1.0000000000000002
18.0,Trailing,56.0,56.5,56.25,0.0,0.0,1.0000000000000002
18.0,Trailing,56.5,57.0,56.75,0.0,0.0,1.0000000000000002
18.0,Trailing,57.0,57.5,57.25,0.0,0.0,1.0000000000000002
18.0,Trailing,57.5,58.0,57.75,0.0,0.0,1.0000000000000002
18.0,Trailing,58.0,58.5,58.25,0.0,0.0,1.0000000000000002
18.0,Trailing,58.5,59.0,58.75,0.0,0.0,1.0000000000000002
18.0,Trailing,59.0,59.5,59.25,0.0,0.0,1.0000000000000002
18.0,Trailing,59.5,60.0,59.75,0.0,0.0,1.0000000000000002
18.0,Trailing,60.0,60.5,60.25,0.0,0.0,1.0000000000000002
18.0,Trailing,60.5,61.0,60.75,0.0,0.0,1.0000000000000002
18.0,Trailing,61.0,61.5,61.25,0.0,0.0,1.0000000000000002
18.0,Trailing,61.5,62.0,61.75,0.0,0.0,1.0000000000000002
18.0,Trailing,62.0,62.5,62.25,0.0,0.0,1.0000000000000002
18.0,Trailing,62.5,63.0,62.75,0.0,0.0,1.0000000000000002
18.0,Trailing,63.0,63.5,63.25,0.0,0.0,1.0000000000000002
18.0,Trailing,63.5,64.0,63.75,0.0,0.0,1.0000000000000002
18.0,Trailing,64.0,64.5,64.25,0.0,0.0,1.0000000000000002
18.0,Trailing,64.5,65.0,64.75,0.0,0.0,1.0000000000000002
18.0,Trailing,65.0,65.5,65.25,0.0,0.0,1.0000000000000002
18.0,Trailing,65.5,66.0,65.75,0.0,0.0,1.0000000000000002
18.0,Trailing,66.0,66.5,66.25,0.0,0.0,1.0000000000000002
18.0,Trailing,66.5,67.0,66.75,0.0,0.0,1.0000000000000002
18.0,Trailing,67.0,67.5,67.25,0.0,0.0,1.0000000000000002
18.0,Trailing,67.5,68.0,67.75,0.0,0.0,1.0000000000000002
18.0,Trailing,68.0,68.5,68.25,0.0,0.0,1.0000000000000002
18.0,Trailing,68.5,69.0,68.75,0.0,0.0,1.0000000000000002
18.0,Trailing,69.0,69.5,69.25,0.0,0.0,1.0000000000000002
18.0,Trailing,69.5,70.0,69.75,0.0,0.0,1.0000000000000002
18.0,Trailing,70.0,70.5,70.25,0.0,0.0,1.0000000000000002
18.0,Trailing,70.5,71.0,70.75,0.0,0.0,1.0000000000000002
18.0,Trailing,71.0,71.5,71.25,0.0,0.0,1.0000000000000002
18.0,Trailing,71.5,72.0,71.75,0.0,0.0,1.0000000000000002
18.0,Trailing,72.0,72.5,72.25,0.0,0.0,1.0000000000000002
18.0,Trailing,72.5,73.0,72.75,0.0,0.0,1.0000000000000002
18.0,Trailing,73.0,73.5,73.25,0.0,0.0,1.0000000000000002
18.0,Trailing,73.5,74.0,73.75,0.0,0.0,1.0000000000000002
18.0,Trailing,74.0,74.5,74.25,0.0,0.0,1.0000000000000002
18.0,Trailing,74.5,75.0,74.75,0.0,0.0,1.0000000000000002
18.0,Trailing,75.0,75.5,75.25,0.0,0.0,1.0000000000000002
18.0,Trailing,75.5,76.0,75.75,0.0,0.0,1.0000000000000002
18.0,Trailing,76.0,76.5,76.25,0.0,0.0,1.0000000000000002
18.0,Trailing,76.5,77.0,76.75,0.0,0.0,1.0000000000000002
18.0,Trailing,77.0,77.5,77.25,0.0,0.0,1.0000000000000002
18.0,Trailing,77.5,78.0,77.75,0.0,0.0,1.0000000000000002
18.0,Trailing,78.0,78.5,78.25,0.0,0.0,1.0000000000000002
18.0,Trailing,78.5,79.0,78.75,0.0,0.0,1.0000000000000002
18.0,Trailing,79.0,79.5,79.25,0.0,0.0,1.0000000000000002
18.0,Trailing,79.5,80.0,79.75,0.0,0.0,1.0000000000000002
18.0,Trailing,80.0,80.5,80.25,0.0,0.0,1.0000000000000002
18.0,Trailing,80.5,81.0,80.75,0.0,0.0,1.0000000000000002
18.0,Trailing,81.0,81.5,81.25,0.0,0.0,1.0000000000000002
18.0,Trailing,81.5,82.0,81.75,0.0,0.0,1.0000000000000002
18.0,Trailing,82.0,82.5,82.25,0.0,0.0,1.0000000000000002
18.0,Trailing,82.5,83.0,82.75,0.0,0.0,1.0000000000000002
18.0,Trailing,83.0,83.5,83.25,0.0,0.0,1.0000000000000002
18.0,Trailing,83.5,84.0,83.75,0.0,0.0,1.0000000000000002
18.0,Trailing,84.0,84.5,84.25,0.0,0.0,1.0000000000000002
18.0,Trailing,84.5,85.0,84.75,0.0,0.0,1.0000000000000002
18.0,Trailing,85.0,85.5,85.25,0.0,0.0,1.0000000000000002
18.0,Trailing,85.5,86.0,85.75,0.0,0.0,1.0000000000000002
18.0,Trailing,86.0,86.5,86.25,0.0,0.0,1.0000000000000002
18.0,Trailing,86.5,87.0,86.75,0.0,0.0,1.0000000000000002
18.0,Trailing,87.0,87.5,87.25,0.0,0.0,1.0000000000000002
18.0,Trailing,87.5,88.0,87.75,0.0,0.0,1.0000000000000002
18.0,Trailing,88.0,88.5,88.25,0.0,0.0,1.0000000000000002
18.0,Trailing,88.5,89.0,88.75,0.0,0.0,1.0000000000000002
18.0,Trailing,89.0,89.5,89.25,0.0,0.0,1.0000000000000002
18.0,Trailing,89.5,90.0,89.75,0.0,0.0,1.0000000000000002
18.0,Anti-Mars,0.0,0.5,0.25,0.0,0.0,0.0
18.0,Anti-Mars,0.5,1.0,0.75,0.0,0.0,0.0
18.0,Anti-Mars,1.0,1.5,1.25,0.0,0.0,0.0
18.0,Anti-Mars,1.5,2.0,1.75,0.0,0.0,0.0
18.0,Anti-Mars,2.0,2.5,2.25,0.00013127886,0.0015420200462605994,0.0015420200462605994
18.0,Anti-Mars,2.5,3.0,2.75,6.563943e-05,0.0007710100231302997,0.002313030069390899
18.0,Anti-Mars,3.0,3.5,3.25,0.00013127886,0.0015420200462605994,0.0038550501156514984
18.0,Anti-Mars,3.5,4.0,3.75,0.00039383658,0.004626060138781798,0.008481110254433297
18.0,Anti-Mars,4.0,4.5,4.25,0.0011815097399999995,0.013878180416345387,0.022359290670778686
18.0,Anti-Mars,4.5,5.0,4.75,0.005185514970000006,0.060909791827293745,0.08326908249807244
18.0,Anti-Mars,5.0,5.5,5.25,0.003675808080000003,0.04317656129529682,0.12644564379336926
18.0,Anti-Mars,5.5,6.0,5.75,0.001772264609999999,0.02081727062451808,0.14726291441788733
18.0,Anti-Mars,6.0,6.5,6.25,0.006826500720000009,0.08018504240555127,0.2274479568234386
18.0,Anti-Mars,6.5,7.0,6.75,0.008598765330000013,0.1010023130300694,0.328450269853508
18.0,Anti-Mars,7.0,7.5,7.25,0.010239751080000017,0.12027756360832695,0.448727833461835
18.0,Anti-Mars,7.5,8.0,7.75,0.009517717350000017,0.11179645335389364,0.5605242868157286
18.0,Anti-Mars,8.0,8.5,8.25,0.009780275070000018,0.11488049344641485,0.6754047802621435
18.0,Anti-Mars,8.5,9.0,8.75,0.007876731600000013,0.09252120277563611,0.7679259830377796
18.0,Anti-Mars,9.0,9.5,9.25,0.005513712120000008,0.06476484194294527,0.8326908249807249
18.0,Anti-Mars,9.5,10.0,9.75,0.0065639430000000104,0.07710100231303009,0.909791827293755
18.0,Anti-Mars,10.0,10.5,10.25,0.003150692640000002,0.037008481110254406,0.9468003084040094
18.0,Anti-Mars,10.5,11.0,10.75,0.0015753463199999992,0.018504240555127182,0.9653045489591366
18.0,Anti-Mars,11.0,11.5,11.25,0.0013784280299999993,0.016191210485736286,0.9814957594448729
18.0,Anti-Mars,11.5,12.0,11.75,0.00026255772,0.0030840400925211987,0.984579799537394
18.0,Anti-Mars,12.0,12.5,12.25,0.0009189520199999997,0.010794140323824192,0.9953739398612182
18.0,Anti-Mars,12.5,13.0,12.75,0.00026255772,0.0030840400925211987,0.9984579799537394
18.0,Anti-Mars,13.0,13.5,13.25,0.00013127886,0.0015420200462605994,1.0
18.0,Anti-Mars,13.5,14.0,13.75,0.0,0.0,1.0
18.0,Anti-Mars,14.0,14.5,14.25,0.0,0.0,1.0
18.0,Anti-Mars,14.5,15.0,14.75,0.0,0.0,1.0
18.0,Anti-Mars,15.0,15.5,15.25,0.0,0.0,1.0
18.0,Anti-Mars,15.5,16.0,15.75,0.0,0.0,1.0
18.0,Anti-Mars,16.0,16.5,16.25,0.0,0.0,1.0
18.0,Anti-Mars,16.5,17.0,16.75,0.0,0.0,1.0
18.0,Anti-Mars,17.0,17.5,17.25,0.0,0.0,1.0
18.0,Anti-Mars,17.5,18.0,17.75,0.0,0.0,1.0
18.0,Anti-Mars,18.0,18.5,18.25,0.0,0.0,1.0
18.0,Anti-Mars,18.5,19.0,18.75,0.0,0.0,1.0
18.0,Anti-Mars,19.0,19.5,19.25,0.0,0.0,1.0
18.0,Anti-Mars,19.5,20.0,19.75,0.0,0.0,1.0
18.0,Anti-Mars,20.0,20.5,20.25,0.0,0.0,1.0
18.0,Anti-Mars,20.5,21.0,20.75,0.0,0.0,1.0
18.0,Anti-Mars,21.0,21.5,21.25,0.0,0.0,1.0
18.0,Anti-Mars,21.5,22.0,21.75,0.0,0.0,1.0
18.0,Anti-Mars,22.0,22.5,22.25,0.0,0.0,1.0
18.0,Anti-Mars,22.5,23.0,22.75,0.0,0.0,1.0
18.0,Anti-Mars,23.0,23.5,23.25,0.0,0.0,1.0
18.0,Anti-Mars,23.5,24.0,23.75,0.0,0.0,1.0
18.0,Anti-Mars,24.0,24.5,24.25,0.0,0.0,1.0
18.0,Anti-Mars,24.5,25.0,24.75,0.0,0.0,1.0
18.0,Anti-Mars,25.0,25.5,25.25,0.0,0.0,1.0
18.0,Anti-Mars,25.5,26.0,25.75,0.0,0.0,1.0
18.0,Anti-Mars,26.0,26.5,26.25,0.0,0.0,1.0
18.0,Anti-Mars,26.5,27.0,26.75,0.0,0.0,1.0
18.0,Anti-Mars,27.0,27.5,27.25,0.0,0.0,1.0
18.0,Anti-Mars,27.5,28.0,27.75,0.0,0.0,1.0
18.0,Anti-Mars,28.0,28.5,28.25,0.0,0.0,1.0
18.0,Anti-Mars,28.5,29.0,28.75,0.0,0.0,1.0
18.0,Anti-Mars,29.0,29.5,29.25,0.0,0.0,1.0
18.0,Anti-Mars,29.5,30.0,29.75,0.0,0.0,1.0
18.0,Anti-Mars,30.0,30.5,30.25,0.0,0.0,1.0
18.0,Anti-Mars,30.5,31.0,30.75,0.0,0.0,1.0
18.0,Anti-Mars,31.0,31.5,31.25,0.0,0.0,1.0
18.0,Anti-Mars,31.5,32.0,31.75,0.0,0.0,1.0
18.0,Anti-Mars,32.0,32.5,32.25,0.0,0.0,1.0
18.0,Anti-Mars,32.5,33.0,32.75,0.0,0.0,1.0
18.0,Anti-Mars,33.0,33.5,33.25,0.0,0.0,1.0
18.0,Anti-Mars,33.5,34.0,33.75,0.0,0.0,1.0
18.0,Anti-Mars,34.0,34.5,34.25,0.0,0.0,1.0
18.0,Anti-Mars,34.5,35.0,34.75,0.0,0.0,1.0
18.0,Anti-Mars,35.0,35.5,35.25,0.0,0.0,1.0
18.0,Anti-Mars,35.5,36.0,35.75,0.0,0.0,1.0
18.0,Anti-Mars,36.0,36.5,36.25,0.0,0.0,1.0
18.0,Anti-Mars,36.5,37.0,36.75,0.0,0.0,1.0
18.0,Anti-Mars,37.0,37.5,37.25,0.0,0.0,1.0
18.0,Anti-Mars,37.5,38.0,37.75,0.0,0.0,1.0
18.0,Anti-Mars,38.0,38.5,38.25,0.0,0.0,1.0
18.0,Anti-Mars,38.5,39.0,38.75,0.0,0.0,1.0
18.0,Anti-Mars,39.0,39.5,39.25,0.0,0.0,1.0
18.0,Anti-Mars,39.5,40.0,39.75,0.0,0.0,1.0
18.0,Anti-Mars,40.0,40.5,40.25,0.0,0.0,1.0
18.0,Anti-Mars,40.5,41.0,40.75,0.0,0.0,1.0
18.0,Anti-Mars,41.0,41.5,41.25,0.0,0.0,1.0
18.0,Anti-Mars,41.5,42.0,41.75,0.0,0.0,1.0
18.0,Anti-Mars,42.0,42.5,42.25,0.0,0.0,1.0
18.0,Anti-Mars,42.5,43.0,42.75,0.0,0.0,1.0
18.0,Anti-Mars,43.0,43.5,43.25,0.0,0.0,1.0
18.0,Anti-Mars,43.5,44.0,43.75,0.0,0.0,1.0
18.0,Anti-Mars,44.0,44.5,44.25,0.0,0.0,1.0
18.0,Anti-Mars,44.5,45.0,44.75,0.0,0.0,1.0
18.0,Anti-Mars,45.0,45.5,45.25,0.0,0.0,1.0
18.0,Anti-Mars,45.5,46.0,45.75,0.0,0.0,1.0
18.0,Anti-Mars,46.0,46.5,46.25,0.0,0.0,1.0
18.0,Anti-Mars,46.5,47.0,46.75,0.0,0.0,1.0
18.0,Anti-Mars,47.0,47.5,47.25,0.0,0.0,1.0
18.0,Anti-Mars,47.5,48.0,47.75,0.0,0.0,1.0
18.0,Anti-Mars,48.0,48.5,48.25,0.0,0.0,1.0
18.0,Anti-Mars,48.5,49.0,48.75,0.0,0.0,1.0
18.0,Anti-Mars,49.0,49.5,49.25,0.0,0.0,1.0
18.0,Anti-Mars,49.5,50.0,49.75,0.0,0.0,1.0
18.0,Anti-Mars,50.0,50.5,50.25,0.0,0.0,1.0
18.0,Anti-Mars,50.5,51.0,50.75,0.0,0.0,1.0
18.0,Anti-Mars,51.0,51.5,51.25,0.0,0.0,1.0
18.0,Anti-Mars,51.5,52.0,51.75,0.0,0.0,1.0
18.0,Anti-Mars,52.0,52.5,52.25,0.0,0.0,1.0
18.0,Anti-Mars,52.5,53.0,52.75,0.0,0.0,1.0
18.0,Anti-Mars,53.0,53.5,53.25,0.0,0.0,1.0
18.0,Anti-Mars,53.5,54.0,53.75,0.0,0.0,1.0
18.0,Anti-Mars,54.0,54.5,54.25,0.0,0.0,1.0
18.0,Anti-Mars,54.5,55.0,54.75,0.0,0.0,1.0
18.0,Anti-Mars,55.0,55.5,55.25,0.0,0.0,1.0
18.0,Anti-Mars,55.5,56.0,55.75,0.0,0.0,1.0
18.0,Anti-Mars,56.0,56.5,56.25,0.0,0.0,1.0
18.0,Anti-Mars,56.5,57.0,56.75,0.0,0.0,1.0
18.0,Anti-Mars,57.0,57.5,57.25,0.0,0.0,1.0
18.0,Anti-Mars,57.5,58.0,57.75,0.0,0.0,1.0
18.0,Anti-Mars,58.0,58.5,58.25,0.0,0.0,1.0
18.0,Anti-Mars,58.5,59.0,58.75,0.0,0.0,1.0
18.0,Anti-Mars,59.0,59.5,59.25,0.0,0.0,1.0
18.0,Anti-Mars,59.5,60.0,59.75,0.0,0.0,1.0
18.0,Anti-Mars,60.0,60.5,60.25,0.0,0.0,1.0
18.0,Anti-Mars,60.5,61.0,60.75,0.0,0.0,1.0
18.0,Anti-Mars,61.0,61.5,61.25,0.0,0.0,1.0
18.0,Anti-Mars,61.5,62.0,61.75,0.0,0.0,1.0
18.0,Anti-Mars,62.0,62.5,62.25,0.0,0.0,1.0
18.0,Anti-Mars,62.5,63.0,62.75,0.0,0.0,1.0
18.0,Anti-Mars,63.0,63.5,63.25,0.0,0.0,1.0
18.0,Anti-Mars,63.5,64.0,63.75,0.0,0.0,1.0
18.0,Anti-Mars,64.0,64.5,64.25,0.0,0.0,1.0
18.0,Anti-Mars,64.5,65.0,64.75,0.0,0.0,1.0
18.0,Anti-Mars,65.0,65.5,65.25,0.0,0.0,1.0
18.0,Anti-Mars,65.5,66.0,65.75,0.0,0.0,1.0
18.0,Anti-Mars,66.0,66.5,66.25,0.0,0.0,1.0
18.0,Anti-Mars,66.5,67.0,66.75,0.0,0.0,1.0
18.0,Anti-Mars,67.0,67.5,67.25,0.0,0.0,1.0
18.0,Anti-Mars,67.5,68.0,67.75,0.0,0.0,1.0
18.0,Anti-Mars,68.0,68.5,68.25,0.0,0.0,1.0
18.0,Anti-Mars,68.5,69.0,68.75,0.0,0.0,1.0
18.0,Anti-Mars,69.0,69.5,69.25,0.0,0.0,1.0
18.0,Anti-Mars,69.5,70.0,69.75,0.0,0.0,1.0
18.0,Anti-Mars,70.0,70.5,70.25,0.0,0.0,1.0
18.0,Anti-Mars,70.5,71.0,70.75,0.0,0.0,1.0
18.0,Anti-Mars,71.0,71.5,71.25,0.0,0.0,1.0
18.0,Anti-Mars,71.5,72.0,71.75,0.0,0.0,1.0
18.0,Anti-Mars,72.0,72.5,72.25,0.0,0.0,1.0
18.0,Anti-Mars,72.5,73.0,72.75,0.0,0.0,1.0
18.0,Anti-Mars,73.0,73.5,73.25,0.0,0.0,1.0
18.0,Anti-Mars,73.5,74.0,73.75,0.0,0.0,1.0
18.0,Anti-Mars,74.0,74.5,74.25,0.0,0.0,1.0
18.0,Anti-Mars,74.5,75.0,74.75,0.0,0.0,1.0
18.0,Anti-Mars,75.0,75.5,75.25,0.0,0.0,1.0
18.0,Anti-Mars,75.5,76.0,75.75,0.0,0.0,1.0
18.0,Anti-Mars,76.0,76.5,76.25,0.0,0.0,1.0
18.0,Anti-Mars,76.5,77.0,76.75,0.0,0.0,1.0
18.0,Anti-Mars,77.0,77.5,77.25,0.0,0.0,1.0
18.0,Anti-Mars,77.5,78.0,77.75,0.0,0.0,1.0
18.0,Anti-Mars,78.0,78.5,78.25,0.0,0.0,1.0
18.0,Anti-Mars,78.5,79.0,78.75,0.0,0.0,1.0
18.0,Anti-Mars,79.0,79.5,79.25,0.0,0.0,1.0
18.0,Anti-Mars,79.5,80.0,79.75,0.0,0.0,1.0
18.0,Anti-Mars,80.0,80.5,80.25,0.0,0.0,1.0
18.0,Anti-Mars,80.5,81.0,80.75,0.0,0.0,1.0
18.0,Anti-Mars,81.0,81.5,81.25,0.0,0.0,1.0
18.0,Anti-Mars,81.5,82.0,81.75,0.0,0.0,1.0
18.0,Anti-Mars,82.0,82.5,82.25,0.0,0.0,1.0
18.0,Anti-Mars,82.5,83.0,82.75,0.0,0.0,1.0
18.0,Anti-Mars,83.0,83.5,83.25,0.0,0.0,1.0
18.0,Anti-Mars,83.5,84.0,83.75,0.0,0.0,1.0
18.0,Anti-Mars,84.0,84.5,84.25,0.0,0.0,1.0
18.0,Anti-Mars,84.5,85.0,84.75,0.0,0.0,1.0
18.0,Anti-Mars,85.0,85.5,85.25,0.0,0.0,1.0
18.0,Anti-Mars,85.5,86.0,85.75,0.0,0.0,1.0
18.0,Anti-Mars,86.0,86.5,86.25,0.0,0.0,1.0
18.0,Anti-Mars,86.5,87.0,86.75,0.0,0.0,1.0
18.0,Anti-Mars,87.0,87.5,87.25,0.0,0.0,1.0
18.0,Anti-Mars,87.5,88.0,87.75,0.0,0.0,1.0
18.0,Anti-Mars,88.0,88.5,88.25,0.0,0.0,1.0
18.0,Anti-Mars,88.5,89.0,88.75,0.0,0.0,1.0
18.0,Anti-Mars,89.0,89.5,89.25,0.0,0.0,1.0
18.0,Anti-Mars,89.5,90.0,89.75,0.0,0.0,1.0
80.0,Leading,0.0,0.5,0.25,0.0,0.0,0.0
80.0,Leading,0.5,1.0,0.75,0.00019678901999999998,0.0031982942430703607,0.0031982942430703607
80.0,Leading,1.0,1.5,1.25,0.0005903670599999999,0.009594882729211081,0.012793176972281443
80.0,Leading,1.5,2.0,1.75,0.00026238536,0.004264392324093814,0.017057569296375256
80.0,Leading,2.0,2.5,2.25,0.00019678901999999998,0.0031982942430703607,0.020255863539445616
80.0,Leading,2.5,3.0,2.75,6.559634e-05,0.0010660980810234535,0.02132196162046907
80.0,Leading,3.0,3.5,3.25,0.00019678901999999998,0.0031982942430703607,0.02452025586353943
80.0,Leading,3.5,4.0,3.75,0.00052477072,0.008528784648187628,0.03304904051172706
80.0,Leading,4.0,4.5,4.25,0.0005903670599999999,0.009594882729211081,0.04264392324093814
80.0,Leading,4.5,5.0,4.75,0.0005903670599999999,0.009594882729211081,0.05223880597014922
80.0,Leading,5.0,5.5,5.25,0.00052477072,0.008528784648187628,0.06076759061833684
80.0,Leading,5.5,6.0,5.75,0.00026238536,0.004264392324093814,0.06503198294243066
80.0,Leading,6.0,6.5,6.25,0.0003279817,0.005330490405117268,0.07036247334754793
80.0,Leading,6.5,7.0,6.75,0.0006559633999999999,0.010660980810234534,0.08102345415778246
80.0,Leading,7.0,7.5,7.25,0.0008527524199999998,0.013859275053304894,0.09488272921108735
80.0,Leading,7.5,8.0,7.75,0.0011807341199999996,0.01918976545842216,0.11407249466950951
80.0,Leading,8.0,8.5,8.25,0.0018366975199999992,0.029850746268656688,0.1439232409381662
80.0,Leading,8.5,9.0,8.75,0.0011807341199999996,0.01918976545842216,0.16311300639658835
80.0,Leading,9.0,9.5,9.25,0.0012463304599999996,0.020255863539445612,0.18336886993603396
80.0,Leading,9.5,10.0,9.75,0.00223027556,0.03624733475479742,0.21961620469083137
80.0,Leading,10.0,10.5,10.25,0.0033454133400000028,0.05437100213219618,0.2739872068230276
80.0,Leading,10.5,11.0,10.75,0.0033454133400000028,0.05437100213219618,0.3283582089552238
80.0,Leading,11.0,11.5,11.25,0.003411009680000003,0.05543710021321964,0.3837953091684434
80.0,Leading,11.5,12.0,11.75,0.003804587720000004,0.06183368869936037,0.44562899786780374
80.0,Leading,12.0,12.5,12.25,0.0028862389600000015,0.046908315565031986,0.49253731343283574
80.0,Leading,12.5,13.0,12.75,0.003411009680000003,0.05543710021321964,0.5479744136460554
80.0,Leading,13.0,13.5,13.25,0.002689449940000001,0.04371002132196162,0.591684434968017
80.0,Leading,13.5,14.0,13.75,0.004263762100000003,0.06929637526652453,0.6609808102345416
80.0,Leading,14.0,14.5,14.25,0.002623853600000001,0.04264392324093816,0.7036247334754797
80.0,Leading,14.5,15.0,14.75,0.002623853600000001,0.04264392324093816,0.7462686567164178
80.0,Leading,15.0,15.5,15.25,0.002623853600000001,0.04264392324093816,0.788912579957356
80.0,Leading,15.5,16.0,15.75,0.0024926609200000005,0.040511727078891245,0.8294243070362473
80.0,Leading,16.0,16.5,16.25,0.0006559633999999999,0.010660980810234534,0.8400852878464818
80.0,Leading,16.5,17.0,16.75,0.0003279817,0.005330490405117268,0.8454157782515991
80.0,Leading,17.0,17.5,17.25,0.00045917438,0.0074626865671641755,0.8528784648187633
80.0,Leading,17.5,18.0,17.75,0.00039357804,0.006396588486140722,0.8592750533049041
80.0,Leading,18.0,18.5,18.25,0.00019678901999999998,0.0031982942430703607,0.8624733475479744
80.0,Leading,18.5,19.0,18.75,0.00045917438,0.0074626865671641755,0.8699360341151386
80.0,Leading,19.0,19.5,19.25,0.00013119268,0.002132196162046907,0.8720682302771856
80.0,Leading,19.5,20.0,19.75,0.00045917438,0.0074626865671641755,0.8795309168443498
80.0,Leading,20.0,20.5,20.25,0.00039357804,0.006396588486140722,0.8859275053304906
80.0,Leading,20.5,21.0,20.75,0.00039357804,0.006396588486140722,0.8923240938166314
80.0,Leading,21.0,21.5,21.25,0.00019678901999999998,0.0031982942430703607,0.8955223880597017
80.0,Leading,21.5,22.0,21.75,0.0007215597399999998,0.011727078891257988,0.9072494669509598
80.0,Leading,22.0,22.5,22.25,0.0007215597399999998,0.011727078891257988,0.9189765458422178
80.0,Leading,22.5,23.0,22.75,0.0003279817,0.005330490405117268,0.924307036247335
80.0,Leading,23.0,23.5,23.25,0.00045917438,0.0074626865671641755,0.9317697228144992
80.0,Leading,23.5,24.0,23.75,0.0009183487599999997,0.014925373134328346,0.9466950959488276
80.0,Leading,24.0,24.5,24.25,0.0005903670599999999,0.009594882729211081,0.9562899786780387
80.0,Leading,24.5,25.0,24.75,0.00026238536,0.004264392324093814,0.9605543710021325
80.0,Leading,25.0,25.5,25.25,0.0006559633999999999,0.010660980810234534,0.9712153518123671
80.0,Leading,25.5,26.0,25.75,0.0007871560799999998,0.012793176972281441,0.9840085287846485
80.0,Leading,26.0,26.5,26.25,0.0007215597399999998,0.011727078891257988,0.9957356076759065
80.0,Leading,26.5,27.0,26.75,0.00026238536,0.004264392324093814,1.0000000000000004
80.0,Leading,27.0,27.5,27.25,0.0,0.0,1.0000000000000004
80.0,Leading,27.5,28.0,27.75,0.0,0.0,1.0000000000000004
80.0,Leading,28.0,28.5,28.25,0.0,0.0,1.0000000000000004
80.0,Leading,28.5,29.0,28.75,0.0,0.0,1.0000000000000004
80.0,Leading,29.0,29.5,29.25,0.0,0.0,1.0000000000000004
80.0,Leading,29.5,30.0,29.75,0.0,0.0,1.0000000000000004
80.0,Leading,30.0,30.5,30.25,0.0,0.0,1.0000000000000004
80.0,Leading,30.5,31.0,30.75,0.0,0.0,1.0000000000000004
80.0,Leading,31.0,31.5,31.25,0.0,0.0,1.0000000000000004
80.0,Leading,31.5,32.0,31.75,0.0,0.0,1.0000000000000004
80.0,Leading,32.0,32.5,32.25,0.0,0.0,1.0000000000000004
80.0,Leading,32.5,33.0,32.75,0.0,0.0,1.0000000000000004
80.0,Leading,33.0,33.5,33.25,0.0,0.0,1.0000000000000004
80.0,Leading,33.5,34.0,33.75,0.0,0.0,1.0000000000000004
80.0,Leading,34.0,34.5,34.25,0.0,0.0,1.0000000000000004
80.0,Leading,34.5,35.0,34.75,0.0,0.0,1.0000000000000004
80.0,Leading,35.0,35.5,35.25,0.0,0.0,1.0000000000000004
80.0,Leading,35.5,36.0,35.75,0.0,0.0,1.0000000000000004
80.0,Leading,36.0,36.5,36.25,0.0,0.0,1.0000000000000004
80.0,Leading,36.5,37.0,36.75,0.0,0.0,1.0000000000000004
80.0,Leading,37.0,37.5,37.25,0.0,0.0,1.0000000000000004
80.0,Leading,37.5,38.0,37.75,0.0,0.0,1.0000000000000004
80.0,Leading,38.0,38.5,38.25,0.0,0.0,1.0000000000000004
80.0,Leading,38.5,39.0,38.75,0.0,0.0,1.0000000000000004
80.0,Leading,39.0,39.5,39.25,0.0,0.0,1.0000000000000004
80.0,Leading,39.5,40.0,39.75,0.0,0.0,1.0000000000000004
80.0,Leading,40.0,40.5,40.25,0.0,0.0,1.0000000000000004
80.0,Leading,40.5,41.0,40.75,0.0,0.0,1.0000000000000004
80.0,Leading,41.0,41.5,41.25,0.0,0.0,1.0000000000000004
80.0,Leading,41.5,42.0,41.75,0.0,0.0,1.0000000000000004
80.0,Leading,42.0,42.5,42.25,0.0,0.0,1.0000000000000004
80.0,Leading,42.5,43.0,42.75,0.0,0.0,1.0000000000000004
80.0,Leading,43.0,43.5,43.25,0.0,0.0,1.0000000000000004
80.0,Leading,43.5,44.0,43.75,0.0,0.0,1.0000000000000004
80.0,Leading,44.0,44.5,44.25,0.0,0.0,1.0000000000000004
80.0,Leading,44.5,45.0,44.75,0.0,0.0,1.0000000000000004
80.0,Leading,45.0,45.5,45.25,0.0,0.0,1.0000000000000004
80.0,Leading,45.5,46.0,45.75,0.0,0.0,1.0000000000000004
80.0,Leading,46.0,46.5,46.25,0.0,0.0,1.0000000000000004
80.0,Leading,46.5,47.0,46.75,0.0,0.0,1.0000000000000004
80.0,Leading,47.0,47.5,47.25,0.0,0.0,1.0000000000000004
80.0,Leading,47.5,48.0,47.75,0.0,0.0,1.0000000000000004
80.0,Leading,48.0,48.5,48.25,0.0,0.0,1.0000000000000004
80.0,Leading,48.5,49.0,48.75,0.0,0.0,1.0000000000000004
80.0,Leading,49.0,49.5,49.25,0.0,0.0,1.0000000000000004
80.0,Leading,49.5,50.0,49.75,0.0,0.0,1.0000000000000004
80.0,Leading,50.0,50.5,50.25,0.0,0.0,1.0000000000000004
80.0,Leading,50.5,51.0,50.75,0.0,0.0,1.0000000000000004
80.0,Leading,51.0,51.5,51.25,0.0,0.0,1.0000000000000004
80.0,Leading,51.5,52.0,51.75,0.0,0.0,1.0000000000000004
80.0,Leading,52.0,52.5,52.25,0.0,0.0,1.0000000000000004
80.0,Leading,52.5,53.0,52.75,0.0,0.0,1.0000000000000004
80.0,Leading,53.0,53.5,53.25,0.0,0.0,1.0000000000000004
80.0,Leading,53.5,54.0,53.75,0.0,0.0,1.0000000000000004
80.0,Leading,54.0,54.5,54.25,0.0,0.0,1.0000000000000004
80.0,Leading,54.5,55.0,54.75,0.0,0.0,1.0000000000000004
80.0,Leading,55.0,55.5,55.25,0.0,0.0,1.0000000000000004
80.0,Leading,55.5,56.0,55.75,0.0,0.0,1.0000000000000004
80.0,Leading,56.0,56.5,56.25,0.0,0.0,1.0000000000000004
80.0,Leading,56.5,57.0,56.75,0.0,0.0,1.0000000000000004
80.0,Leading,57.0,57.5,57.25,0.0,0.0,1.0000000000000004
80.0,Leading,57.5,58.0,57.75,0.0,0.0,1.0000000000000004
80.0,Leading,58.0,58.5,58.25,0.0,0.0,1.0000000000000004
80.0,Leading,58.5,59.0,58.75,0.0,0.0,1.0000000000000004
80.0,Leading,59.0,59.5,59.25,0.0,0.0,1.0000000000000004
80.0,Leading,59.5,60.0,59.75,0.0,0.0,1.0000000000000004
80.0,Leading,60.0,60.5,60.25,0.0,0.0,1.0000000000000004
80.0,Leading,60.5,61.0,60.75,0.0,0.0,1.0000000000000004
80.0,Leading,61.0,61.5,61.25,0.0,0.0,1.0000000000000004
80.0,Leading,61.5,62.0,61.75,0.0,0.0,1.0000000000000004
80.0,Leading,62.0,62.5,62.25,0.0,0.0,1.0000000000000004
80.0,Leading,62.5,63.0,62.75,0.0,0.0,1.0000000000000004
80.0,Leading,63.0,63.5,63.25,0.0,0.0,1.0000000000000004
80.0,Leading,63.5,64.0,63.75,0.0,0.0,1.0000000000000004
80.0,Leading,64.0,64.5,64.25,0.0,0.0,1.0000000000000004
80.0,Leading,64.5,65.0,64.75,0.0,0.0,1.0000000000000004
80.0,Leading,65.0,65.5,65.25,0.0,0.0,1.0000000000000004
80.0,Leading,65.5,66.0,65.75,0.0,0.0,1.0000000000000004
80.0,Leading,66.0,66.5,66.25,0.0,0.0,1.0000000000000004
80.0,Leading,66.5,67.0,66.75,0.0,0.0,1.0000000000000004
80.0,Leading,67.0,67.5,67.25,0.0,0.0,1.0000000000000004
80.0,Leading,67.5,68.0,67.75,0.0,0.0,1.0000000000000004
80.0,Leading,68.0,68.5,68.25,0.0,0.0,1.0000000000000004
80.0,Leading,68.5,69.0,68.75,0.0,0.0,1.0000000000000004
80.0,Leading,69.0,69.5,69.25,0.0,0.0,1.0000000000000004
80.0,Leading,69.5,70.0,69.75,0.0,0.0,1.0000000000000004
80.0,Leading,70.0,70.5,70.25,0.0,0.0,1.0000000000000004
80.0,Leading,70.5,71.0,70.75,0.0,0.0,1.0000000000000004
80.0,Leading,71.0,71.5,71.25,0.0,0.0,1.0000000000000004
80.0,Leading,71.5,72.0,71.75,0.0,0.0,1.0000000000000004
80.0,Leading,72.0,72.5,72.25,0.0,0.0,1.0000000000000004
80.0,Leading,72.5,73.0,72.75,0.0,0.0,1.0000000000000004
80.0,Leading,73.0,73.5,73.25,0.0,0.0,1.0000000000000004
80.0,Leading,73.5,74.0,73.75,0.0,0.0,1.0000000000000004
80.0,Leading,74.0,74.5,74.25,0.0,0.0,1.0000000000000004
80.0,Leading,74.5,75.0,74.75,0.0,0.0,1.0000000000000004
80.0,Leading,75.0,75.5,75.25,0.0,0.0,1.0000000000000004
80.0,Leading,75.5,76.0,75.75,0.0,0.0,1.0000000000000004
80.0,Leading,76.0,76.5,76.25,0.0,0.0,1.0000000000000004
80.0,Leading,76.5,77.0,76.75,0.0,0.0,1.0000000000000004
80.0,Leading,77.0,77.5,77.25,0.0,0.0,1.0000000000000004
80.0,Leading,77.5,78.0,77.75,0.0,0.0,1.0000000000000004
80.0,Leading,78.0,78.5,78.25,0.0,0.0,1.0000000000000004
80.0,Leading,78.5,79.0,78.75,0.0,0.0,1.0000000000000004
80.0,Leading,79.0,79.5,79.25,0.0,0.0,1.0000000000000004
80.0,Leading,79.5,80.0,79.75,0.0,0.0,1.0000000000000004
80.0,Leading,80.0,80.5,80.25,0.0,0.0,1.0000000000000004
80.0,Leading,80.5,81.0,80.75,0.0,0.0,1.0000000000000004
80.0,Leading,81.0,81.5,81.25,0.0,0.0,1.0000000000000004
80.0,Leading,81.5,82.0,81.75,0.0,0.0,1.0000000000000004
80.0,Leading,82.0,82.5,82.25,0.0,0.0,1.0000000000000004
80.0,Leading,82.5,83.0,82.75,0.0,0.0,1.0000000000000004
80.0,Leading,83.0,83.5,83.25,0.0,0.0,1.0000000000000004
80.0,Leading,83.5,84.0,83.75,0.0,0.0,1.0000000000000004
80.0,Leading,84.0,84.5,84.25,0.0,0.0,1.0000000000000004
80.0,Leading,84.5,85.0,84.75,0.0,0.0,1.0000000000000004
80.0,Leading,85.0,85.5,85.25,0.0,0.0,1.0000000000000004
80.0,Leading,85.5,86.0,85.75,0.0,0.0,1.0000000000000004
80.0,Leading,86.0,86.5,86.25,0.0,0.0,1.0000000000000004
80.0,Leading,86.5,87.0,86.75,0.0,0.0,1.0000000000000004
80.0,Leading,87.0,87.5,87.25,0.0,0.0,1.0000000000000004
80.0,Leading,87.5,88.0,87.75,0.0,0.0,1.0000000000000004
80.0,Leading,88.0,88.5,88.25,0.0,0.0,1.0000000000000004
80.0,Leading,88.5,89.0,88.75,0.0,0.0,1.0000000000000004
80.0,Leading,89.0,89.5,89.25,0.0,0.0,1.0000000000000004
80.0,Leading,89.5,90.0,89.75,0.0,0.0,1.0000000000000004
80.0,Sub-Mars,0.0,0.5,0.25,0.00013119268,0.001748251748251748,0.001748251748251748
80.0,Sub-Mars,0.5,1.0,0.75,0.00013119268,0.001748251748251748,0.003496503496503496
80.0,Sub-Mars,1.0,1.5,1.25,0.0007215597399999998,0.009615384615384612,0.013111888111888109
80.0,Sub-Mars,1.5,2.0,1.75,0.0015087158199999994,0.020104895104895094,0.0332167832167832
80.0,Sub-Mars,2.0,2.5,2.25,0.00223027556,0.029720279720279717,0.06293706293706292
80.0,Sub-Mars,2.5,3.0,2.75,0.0019022938599999992,0.025349650349650338,0.08828671328671325
80.0,Sub-Mars,3.0,3.5,3.25,0.0016399084999999993,0.021853146853146842,0.1101398601398601
80.0,Sub-Mars,3.5,4.0,3.75,0.0020990828799999995,0.02797202797202796,0.13811188811188807
80.0,Sub-Mars,4.0,4.5,4.25,0.0021646792199999996,0.028846153846153837,0.1669580419580419
80.0,Sub-Mars,4.5,5.0,4.75,0.0028862389600000015,0.03846153846153848,0.20541958041958036
80.0,Sub-Mars,5.0,5.5,5.25,0.0028862389600000015,0.03846153846153848,0.24388111888111885
80.0,Sub-Mars,5.5,6.0,5.75,0.0021646792199999996,0.028846153846153837,0.2727272727272727
80.0,Sub-Mars,6.0,6.5,6.25,0.0022958719,0.030594405594405592,0.3033216783216783
80.0,Sub-Mars,6.5,7.0,6.75,0.002689449940000001,0.03583916083916085,0.3391608391608391
80.0,Sub-Mars,7.0,7.5,7.25,0.0025582572600000007,0.034090909090909095,0.3732517482517482
80.0,Sub-Mars,7.5,8.0,7.75,0.0028206426200000014,0.037587412587412605,0.41083916083916083
80.0,Sub-Mars,8.0,8.5,8.25,0.0033454133400000028,0.04458041958041961,0.4554195804195804
80.0,Sub-Mars,8.5,9.0,8.75,0.003935780400000004,0.0524475524475525,0.5078671328671329
80.0,Sub-Mars,9.0,9.5,9.25,0.0043949547800000025,0.058566433566433596,0.5664335664335665
80.0,Sub-Mars,9.5,10.0,9.75,0.0036077987000000034,0.04807692307692312,0.6145104895104896
80.0,Sub-Mars,10.0,10.5,10.25,0.0032142206600000024,0.04283216783216786,0.6573426573426574
80.0,Sub-Mars,10.5,11.0,10.75,0.002755046280000001,0.036713286713286726,0.6940559440559442
80.0,Sub-Mars,11.0,11.5,11.25,0.0029518353000000017,0.03933566433566436,0.7333916083916086
80.0,Sub-Mars,11.5,12.0,11.75,0.0017055048399999993,0.022727272727272714,0.7561188811188813
80.0,Sub-Mars,12.0,12.5,12.25,0.0011807341199999996,0.01573426573426573,0.771853146853147
80.0,Sub-Mars,12.5,13.0,12.75,0.0015743121599999994,0.02097902097902097,0.7928321678321679
80.0,Sub-Mars,13.0,13.5,13.25,0.0016399084999999993,0.021853146853146842,0.8146853146853148
80.0,Sub-Mars,13.5,14.0,13.75,0.0008527524199999998,0.011363636363636359,0.8260489510489512
80.0,Sub-Mars,14.0,14.5,14.25,0.0006559633999999999,0.008741258741258738,0.8347902097902099
80.0,Sub-Mars,14.5,15.0,14.75,0.0009183487599999997,0.012237762237762233,0.8470279720279721
80.0,Sub-Mars,15.0,15.5,15.25,0.0009183487599999997,0.012237762237762233,0.8592657342657343
80.0,Sub-Mars,15.5,16.0,15.75,0.0013119267999999996,0.017482517482517473,0.8767482517482518
80.0,Sub-Mars,16.0,16.5,16.25,0.0009183487599999997,0.012237762237762233,0.888986013986014
80.0,Sub-Mars,16.5,17.0,16.75,0.00045917438,0.006118881118881118,0.8951048951048951
80.0,Sub-Mars,17.0,17.5,17.25,0.00045917438,0.006118881118881118,0.9012237762237763
80.0,Sub-Mars,17.5,18.0,17.75,0.0013119267999999996,0.017482517482517473,0.9187062937062938
80.0,Sub-Mars,18.0,18.5,18.25,0.0013775231399999995,0.01835664335664335,0.9370629370629371
80.0,Sub-Mars,18.5,19.0,18.75,0.00026238536,0.003496503496503496,0.9405594405594406
80.0,Sub-Mars,19.0,19.5,19.25,0.00045917438,0.006118881118881118,0.9466783216783218
80.0,Sub-Mars,19.5,20.0,19.75,0.0005903670599999999,0.007867132867132866,0.9545454545454547
80.0,Sub-Mars,20.0,20.5,20.25,0.0012463304599999996,0.0166083916083916,0.9711538461538463
80.0,Sub-Mars,20.5,21.0,20.75,0.0007215597399999998,0.009615384615384612,0.9807692307692308
80.0,Sub-Mars,21.0,21.5,21.25,0.0007215597399999998,0.009615384615384612,0.9903846153846154
80.0,Sub-Mars,21.5,22.0,21.75,0.00026238536,0.003496503496503496,0.993881118881119
80.0,Sub-Mars,22.0,22.5,22.25,0.00026238536,0.003496503496503496,0.9973776223776225
80.0,Sub-Mars,22.5,23.0,22.75,0.00019678901999999998,0.0026223776223776216,1.0000000000000002
80.0,Sub-Mars,23.0,23.5,23.25,0.0,0.0,1.0000000000000002
80.0,Sub-Mars,23.5,24.0,23.75,0.0,0.0,1.0000000000000002
80.0,Sub-Mars,24.0,24.5,24.25,0.0,0.0,1.0000000000000002
80.0,Sub-Mars,24.5,25.0,24.75,0.0,0.0,1.0000000000000002
80.0,Sub-Mars,25.0,25.5,25.25,0.0,0.0,1.0000000000000002
80.0,Sub-Mars,25.5,26.0,25.75,0.0,0.0,1.0000000000000002
80.0,Sub-Mars,26.0,26.5,26.25,0.0,0.0,1.0000000000000002
80.0,Sub-Mars,26.5,27.0,26.75,0.0,0.0,1.0000000000000002
80.0,Sub-Mars,27.0,27.5,27.25,0.0,0.0,1.0000000000000002
80.0,Sub-Mars,27.5,28.0,27.75,0.0,0.0,1.0000000000000002
80.0,Sub-Mars,28.0,28.5,28.25,0.0,0.0,1.0000000000000002
80.0,Sub-Mars,28.5,29.0,28.75,0.0,0.0,1.0000000000000002
80.0,Sub-Mars,29.0,29.5,29.25,0.0,0.0,1.0000000000000002
80.0,Sub-Mars,29.5,30.0,29.75,0.0,0.0,1.0000000000000002
80.0,Sub-Mars,30.0,30.5,30.25,0.0,0.0,1.0000000000000002
80.0,Sub-Mars,30.5,31.0,30.75,0.0,0.0,1.0000000000000002
80.0,Sub-Mars,31.0,31.5,31.25,0.0,0.0,1.0000000000000002
80.0,Sub-Mars,31.5,32.0,31.75,0.0,0.0,1.0000000000000002
80.0,Sub-Mars,32.0,32.5,32.25,0.0,0.0,1.0000000000000002
80.0,Sub-Mars,32.5,33.0,32.75,0.0,0.0,1.0000000000000002
80.0,Sub-Mars,33.0,33.5,33.25,0.0,0.0,1.0000000000000002
80.0,Sub-Mars,33.5,34.0,33.75,0.0,0.0,1.0000000000000002
80.0,Sub-Mars,34.0,34.5,34.25,0.0,0.0,1.0000000000000002
80.0,Sub-Mars,34.5,35.0,34.75,0.0,0.0,1.0000000000000002
80.0,Sub-Mars,35.0,35.5,35.25,0.0,0.0,1.0000000000000002
80.0,Sub-Mars,35.5,36.0,35.75,0.0,0.0,1.0000000000000002
80.0,Sub-Mars,36.0,36.5,36.25,0.0,0.0,1.0000000000000002
80.0,Sub-Mars,36.5,37.0,36.75,0.0,0.0,1.0000000000000002
80.0,Sub-Mars,37.0,37.5,37.25,0.0,0.0,1.0000000000000002
80.0,Sub-Mars,37.5,38.0,37.75,0.0,0.0,1.0000000000000002
80.0,Sub-Mars,38.0,38.5,38.25,0.0,0.0,1.0000000000000002
80.0,Sub-Mars,38.5,39.0,38.75,0.0,0.0,1.0000000000000002
80.0,Sub-Mars,39.0,39.5,39.25,0.0,0.0,1.0000000000000002
80.0,Sub-Mars,39.5,40.0,39.75,0.0,0.0,1.0000000000000002
80.0,Sub-Mars,40.0,40.5,40.25,0.0,0.0,1.0000000000000002
80.0,Sub-Mars,40.5,41.0,40.75,0.0,0.0,1.0000000000000002
80.0,Sub-Mars,41.0,41.5,41.25,0.0,0.0,1.0000000000000002
80.0,Sub-Mars,41.5,42.0,41.75,0.0,0.0,1.0000000000000002
80.0,Sub-Mars,42.0,42.5,42.25,0.0,0.0,1.0000000000000002
80.0,Sub-Mars,42.5,43.0,42.75,0.0,0.0,1.0000000000000002
80.0,Sub-Mars,43.0,43.5,43.25,0.0,0.0,1.0000000000000002
80.0,Sub-Mars,43.5,44.0,43.75,0.0,0.0,1.0000000000000002
80.0,Sub-Mars,44.0,44.5,44.25,0.0,0.0,1.0000000000000002
80.0,Sub-Mars,44.5,45.0,44.75,0.0,0.0,1.0000000000000002
80.0,Sub-Mars,45.0,45.5,45.25,0.0,0.0,1.0000000000000002
80.0,Sub-Mars,45.5,46.0,45.75,0.0,0.0,1.0000000000000002
80.0,Sub-Mars,46.0,46.5,46.25,0.0,0.0,1.0000000000000002
80.0,Sub-Mars,46.5,47.0,46.75,0.0,0.0,1.0000000000000002
80.0,Sub-Mars,47.0,47.5,47.25,0.0,0.0,1.0000000000000002
80.0,Sub-Mars,47.5,48.0,47.75,0.0,0.0,1.0000000000000002
80.0,Sub-Mars,48.0,48.5,48.25,0.0,0.0,1.0000000000000002
80.0,Sub-Mars,48.5,49.0,48.75,0.0,0.0,1.0000000000000002
80.0,Sub-Mars,49.0,49.5,49.25,0.0,0.0,1.0000000000000002
80.0,Sub-Mars,49.5,50.0,49.75,0.0,0.0,1.0000000000000002
80.0,Sub-Mars,50.0,50.5,50.25,0.0,0.0,1.0000000000000002
80.0,Sub-Mars,50.5,51.0,50.75,0.0,0.0,1.0000000000000002
80.0,Sub-Mars,51.0,51.5,51.25,0.0,0.0,1.0000000000000002
80.0,Sub-Mars,51.5,52.0,51.75,0.0,0.0,1.0000000000000002
80.0,Sub-Mars,52.0,52.5,52.25,0.0,0.0,1.0000000000000002
80.0,Sub-Mars,52.5,53.0,52.75,0.0,0.0,1.0000000000000002
80.0,Sub-Mars,53.0,53.5,53.25,0.0,0.0,1.0000000000000002
80.0,Sub-Mars,53.5,54.0,53.75,0.0,0.0,1.0000000000000002
80.0,Sub-Mars,54.0,54.5,54.25,0.0,0.0,1.0000000000000002
80.0,Sub-Mars,54.5,55.0,54.75,0.0,0.0,1.0000000000000002
80.0,Sub-Mars,55.0,55.5,55.25,0.0,0.0,1.0000000000000002
80.0,Sub-Mars,55.5,56.0,55.75,0.0,0.0,1.0000000000000002
80.0,Sub-Mars,56.0,56.5,56.25,0.0,0.0,1.0000000000000002
80.0,Sub-Mars,56.5,57.0,56.75,0.0,0.0,1.0000000000000002
80.0,Sub-Mars,57.0,57.5,57.25,0.0,0.0,1.0000000000000002
80.0,Sub-Mars,57.5,58.0,57.75,0.0,0.0,1.0000000000000002
80.0,Sub-Mars,58.0,58.5,58.25,0.0,0.0,1.0000000000000002
80.0,Sub-Mars,58.5,59.0,58.75,0.0,0.0,1.0000000000000002
80.0,Sub-Mars,59.0,59.5,59.25,0.0,0.0,1.0000000000000002
80.0,Sub-Mars,59.5,60.0,59.75,0.0,0.0,1.0000000000000002
80.0,Sub-Mars,60.0,60.5,60.25,0.0,0.0,1.0000000000000002
80.0,Sub-Mars,60.5,61.0,60.75,0.0,0.0,1.0000000000000002
80.0,Sub-Mars,61.0,61.5,61.25,0.0,0.0,1.0000000000000002
80.0,Sub-Mars,61.5,62.0,61.75,0.0,0.0,1.0000000000000002
80.0,Sub-Mars,62.0,62.5,62.25,0.0,0.0,1.0000000000000002
80.0,Sub-Mars,62.5,63.0,62.75,0.0,0.0,1.0000000000000002
80.0,Sub-Mars,63.0,63.5,63.25,0.0,0.0,1.0000000000000002
80.0,Sub-Mars,63.5,64.0,63.75,0.0,0.0,1.0000000000000002
80.0,Sub-Mars,64.0,64.5,64.25,0.0,0.0,1.0000000000000002
80.0,Sub-Mars,64.5,65.0,64.75,0.0,0.0,1.0000000000000002
80.0,Sub-Mars,65.0,65.5,65.25,0.0,0.0,1.0000000000000002
80.0,Sub-Mars,65.5,66.0,65.75,0.0,0.0,1.0000000000000002
80.0,Sub-Mars,66.0,66.5,66.25,0.0,0.0,1.0000000000000002
80.0,Sub-Mars,66.5,67.0,66.75,0.0,0.0,1.0000000000000002
80.0,Sub-Mars,67.0,67.5,67.25,0.0,0.0,1.0000000000000002
80.0,Sub-Mars,67.5,68.0,67.75,0.0,0.0,1.0000000000000002
80.0,Sub-Mars,68.0,68.5,68.25,0.0,0.0,1.0000000000000002
80.0,Sub-Mars,68.5,69.0,68.75,0.0,0.0,1.0000000000000002
80.0,Sub-Mars,69.0,69.5,69.25,0.0,0.0,1.0000000000000002
80.0,Sub-Mars,69.5,70.0,69.75,0.0,0.0,1.0000000000000002
80.0,Sub-Mars,70.0,70.5,70.25,0.0,0.0,1.0000000000000002
80.0,Sub-Mars,70.5,71.0,70.75,0.0,0.0,1.0000000000000002
80.0,Sub-Mars,71.0,71.5,71.25,0.0,0.0,1.0000000000000002
80.0,Sub-Mars,71.5,72.0,71.75,0.0,0.0,1.0000000000000002
80.0,Sub-Mars,72.0,72.5,72.25,0.0,0.0,1.0000000000000002
80.0,Sub-Mars,72.5,73.0,72.75,0.0,0.0,1.0000000000000002
80.0,Sub-Mars,73.0,73.5,73.25,0.0,0.0,1.0000000000000002
80.0,Sub-Mars,73.5,74.0,73.75,0.0,0.0,1.0000000000000002
80.0,Sub-Mars,74.0,74.5,74.25,0.0,0.0,1.0000000000000002
80.0,Sub-Mars,74.5,75.0,74.75,0.0,0.0,1.0000000000000002
80.0,Sub-Mars,75.0,75.5,75.25,0.0,0.0,1.0000000000000002
80.0,Sub-Mars,75.5,76.0,75.75,0.0,0.0,1.0000000000000002
80.0,Sub-Mars,76.0,76.5,76.25,0.0,0.0,1.0000000000000002
80.0,Sub-Mars,76.5,77.0,76.75,0.0,0.0,1.0000000000000002
80.0,Sub-Mars,77.0,77.5,77.25,0.0,0.0,1.0000000000000002
80.0,Sub-Mars,77.5,78.0,77.75,0.0,0.0,1.0000000000000002
80.0,Sub-Mars,78.0,78.5,78.25,0.0,0.0,1.0000000000000002
80.0,Sub-Mars,78.5,79.0,78.75,0.0,0.0,1.0000000000000002
80.0,Sub-Mars,79.0,79.5,79.25,0.0,0.0,1.0000000000000002
80.0,Sub-Mars,79.5,80.0,79.75,0.0,0.0,1.0000000000000002
80.0,Sub-Mars,80.0,80.5,80.25,0.0,0.0,1.0000000000000002
80.0,Sub-Mars,80.5,81.0,80.75,0.0,0.0,1.0000000000000002
80.0,Sub-Mars,81.0,81.5,81.25,0.0,0.0,1.0000000000000002
80.0,Sub-Mars,81.5,82.0,81.75,0.0,0.0,1.0000000000000002
80.0,Sub-Mars,82.0,82.5,82.25,0.0,0.0,1.0000000000000002
80.0,Sub-Mars,82.5,83.0,82.75,0.0,0.0,1.0000000000000002
80.0,Sub-Mars,83.0,83.5,83.25,0.0,0.0,1.0000000000000002
80.0,Sub-Mars,83.5,84.0,83.75,0.0,0.0,1.0000000000000002
80.0,Sub-Mars,84.0,84.5,84.25,0.0,0.0,1.0000000000000002
80.0,Sub-Mars,84.5,85.0,84.75,0.0,0.0,1.0000000000000002
80.0,Sub-Mars,85.0,85.5,85.25,0.0,0.0,1.0000000000000002
80.0,Sub-Mars,85.5,86.0,85.75,0.0,0.0,1.0000000000000002
80.0,Sub-Mars,86.0,86.5,86.25,0.0,0.0,1.0000000000000002
80.0,Sub-Mars,86.5,87.0,86.75,0.0,0.0,1.0000000000000002
80.0,Sub-Mars,87.0,87.5,87.25,0.0,0.0,1.0000000000000002
80.0,Sub-Mars,87.5,88.0,87.75,0.0,0.0,1.0000000000000002
80.0,Sub-Mars,88.0,88.5,88.25,0.0,0.0,1.0000000000000002
80.0,Sub-Mars,88.5,89.0,88.75,0.0,0.0,1.0000000000000002
80.0,Sub-Mars,89.0,89.5,89.25,0.0,0.0,1.0000000000000002
80.0,Sub-Mars,89.5,90.0,89.75,0.0,0.0,1.0000000000000002
80.0,Trailing,0.0,0.5,0.25,0.0,0.0,0.0
80.0,Trailing,0.5,1.0,0.75,0.0,0.0,0.0
80.0,Trailing,1.0,1.5,1.25,0.0,0.0,0.0
80.0,Trailing,1.5,2.0,1.75,0.0,0.0,0.0
80.0,Trailing,2.0,2.5,2.25,6.559634e-05,0.0008726003490401394,0.0008726003490401394
80.0,Trailing,2.5,3.0,2.75,0.0006559633999999999,0.008726003490401393,0.009598603839441533
80.0,Trailing,3.0,3.5,3.25,0.0011807341199999996,0.015706806282722505,0.025305410122164036
80.0,Trailing,3.5,4.0,3.75,0.0024926609200000005,0.03315881326352531,0.058464223385689344
80.0,Trailing,4.0,4.5,4.25,0.004460551120000002,0.05933682373472952,0.11780104712041886
80.0,Trailing,4.5,5.0,4.75,0.00747798275999999,0.09947643979057577,0.21727748691099463
80.0,Trailing,5.0,5.5,5.25,0.005247707199999999,0.06980802792321114,0.28708551483420575
80.0,Trailing,5.5,6.0,5.75,0.003738991380000004,0.049738219895288004,0.33682373472949373
80.0,Trailing,6.0,6.5,6.25,0.0032798170000000026,0.04363001745200701,0.38045375218150074
80.0,Trailing,6.5,7.0,6.75,0.0046573401400000014,0.061954624781849925,0.44240837696335067
80.0,Trailing,7.0,7.5,7.25,0.004460551120000002,0.05933682373472952,0.5017452006980802
80.0,Trailing,7.5,8.0,7.75,0.0033454133400000028,0.044502617801047153,0.5462478184991273
80.0,Trailing,8.0,8.5,8.25,0.0028206426200000014,0.03752181500872602,0.5837696335078533
80.0,Trailing,8.5,9.0,8.75,0.0032798170000000026,0.04363001745200701,0.6273996509598603
80.0,Trailing,9.0,9.5,9.25,0.003476606020000003,0.04624781849912744,0.6736474694589877
80.0,Trailing,9.5,10.0,9.75,0.003804587720000004,0.05061082024432814,0.7242582897033158
80.0,Trailing,10.0,10.5,10.25,0.002755046280000001,0.036649214659685875,0.7609075043630017
80.0,Trailing,10.5,11.0,10.75,0.00236146824,0.031413612565445025,0.7923211169284468
80.0,Trailing,11.0,11.5,11.25,0.00223027556,0.02966841186736474,0.8219895287958114
80.0,Trailing,11.5,12.0,11.75,0.001967890199999999,0.026178010471204174,0.8481675392670156
80.0,Trailing,12.0,12.5,12.25,0.002689449940000001,0.03577661431064573,0.8839441535776613
80.0,Trailing,12.5,13.0,12.75,0.0019022938599999992,0.025305410122164033,0.9092495636998253
80.0,Trailing,13.0,13.5,13.25,0.0011807341199999996,0.015706806282722505,0.9249563699825478
80.0,Trailing,13.5,14.0,13.75,0.0020334865399999993,0.027050610820244316,0.9520069808027921
80.0,Trailing,14.0,14.5,14.25,0.0015743121599999994,0.020942408376963338,0.9729493891797555
80.0,Trailing,14.5,15.0,14.75,0.0011807341199999996,0.015706806282722505,0.988656195462478
80.0,Trailing,15.0,15.5,15.25,0.0008527524199999998,0.01134380453752181,0.9999999999999998
80.0,Trailing,15.5,16.0,15.75,0.0,0.0,0.9999999999999998
80.0,Trailing,16.0,16.5,16.25,0.0,0.0,0.9999999999999998
80.0,Trailing,16.5,17.0,16.75,0.0,0.0,0.9999999999999998
80.0,Trailing,17.0,17.5,17.25,0.0,0.0,0.9999999999999998
80.0,Trailing,17.5,18.0,17.75,0.0,0.0,0.9999999999999998
80.0,Trailing,18.0,18.5,18.25,0.0,0.0,0.9999999999999998
80.0,Trailing,18.5,19.0,18.75,0.0,0.0,0.9999999999999998
80.0,Trailing,19.0,19.5,19.25,0.0,0.0,0.9999999999999998
80.0,Trailing,19.5,20.0,19.75,0.0,0.0,0.9999999999999998
80.0,Trailing,20.0,20.5,20.25,0.0,0.0,0.9999999999999998
80.0,Trailing,20.5,21.0,20.75,0.0,0.0,0.9999999999999998
80.0,Trailing,21.0,21.5,21.25,0.0,0.0,0.9999999999999998
80.0,Trailing,21.5,22.0,21.75,0.0,0.0,0.9999999999999998
80.0,Trailing,22.0,22.5,22.25,0.0,0.0,0.9999999999999998
80.0,Trailing,22.5,23.0,22.75,0.0,0.0,0.9999999999999998
80.0,Trailing,23.0,23.5,23.25,0.0,0.0,0.9999999999999998
80.0,Trailing,23.5,24.0,23.75,0.0,0.0,0.9999999999999998
80.0,Trailing,24.0,24.5,24.25,0.0,0.0,0.9999999999999998
80.0,Trailing,24.5,25.0,24.75,0.0,0.0,0.9999999999999998
80.0,Trailing,25.0,25.5,25.25,0.0,0.0,0.9999999999999998
80.0,Trailing,25.5,26.0,25.75,0.0,0.0,0.9999999999999998
80.0,Trailing,26.0,26.5,26.25,0.0,0.0,0.9999999999999998
80.0,Trailing,26.5,27.0,26.75,0.0,0.0,0.9999999999999998
80.0,Trailing,27.0,27.5,27.25,0.0,0.0,0.9999999999999998
80.0,Trailing,27.5,28.0,27.75,0.0,0.0,0.9999999999999998
80.0,Trailing,28.0,28.5,28.25,0.0,0.0,0.9999999999999998
80.0,Trailing,28.5,29.0,28.75,0.0,0.0,0.9999999999999998
80.0,Trailing,29.0,29.5,29.25,0.0,0.0,0.9999999999999998
80.0,Trailing,29.5,30.0,29.75,0.0,0.0,0.9999999999999998
80.0,Trailing,30.0,30.5,30.25,0.0,0.0,0.9999999999999998
80.0,Trailing,30.5,31.0,30.75,0.0,0.0,0.9999999999999998
80.0,Trailing,31.0,31.5,31.25,0.0,0.0,0.9999999999999998
80.0,Trailing,31.5,32.0,31.75,0.0,0.0,0.9999999999999998
80.0,Trailing,32.0,32.5,32.25,0.0,0.0,0.9999999999999998
80.0,Trailing,32.5,33.0,32.75,0.0,0.0,0.9999999999999998
80.0,Trailing,33.0,33.5,33.25,0.0,0.0,0.9999999999999998
80.0,Trailing,33.5,34.0,33.75,0.0,0.0,0.9999999999999998
80.0,Trailing,34.0,34.5,34.25,0.0,0.0,0.9999999999999998
80.0,Trailing,34.5,35.0,34.75,0.0,0.0,0.9999999999999998
80.0,Trailing,35.0,35.5,35.25,0.0,0.0,0.9999999999999998
80.0,Trailing,35.5,36.0,35.75,0.0,0.0,0.9999999999999998
80.0,Trailing,36.0,36.5,36.25,0.0,0.0,0.9999999999999998
80.0,Trailing,36.5,37.0,36.75,0.0,0.0,0.9999999999999998
80.0,Trailing,37.0,37.5,37.25,0.0,0.0,0.9999999999999998
80.0,Trailing,37.5,38.0,37.75,0.0,0.0,0.9999999999999998
80.0,Trailing,38.0,38.5,38.25,0.0,0.0,0.9999999999999998
80.0,Trailing,38.5,39.0,38.75,0.0,0.0,0.9999999999999998
80.0,Trailing,39.0,39.5,39.25,0.0,0.0,0.9999999999999998
80.0,Trailing,39.5,40.0,39.75,0.0,0.0,0.9999999999999998
80.0,Trailing,40.0,40.5,40.25,0.0,0.0,0.9999999999999998
80.0,Trailing,40.5,41.0,40.75,0.0,0.0,0.9999999999999998
80.0,Trailing,41.0,41.5,41.25,0.0,0.0,0.9999999999999998
80.0,Trailing,41.5,42.0,41.75,0.0,0.0,0.9999999999999998
80.0,Trailing,42.0,42.5,42.25,0.0,0.0,0.9999999999999998
80.0,Trailing,42.5,43.0,42.75,0.0,0.0,0.9999999999999998
80.0,Trailing,43.0,43.5,43.25,0.0,0.0,0.9999999999999998
80.0,Trailing,43.5,44.0,43.75,0.0,0.0,0.9999999999999998
80.0,Trailing,44.0,44.5,44.25,0.0,0.0,0.9999999999999998
80.0,Trailing,44.5,45.0,44.75,0.0,0.0,0.9999999999999998
80.0,Trailing,45.0,45.5,45.25,0.0,0.0,0.9999999999999998
80.0,Trailing,45.5,46.0,45.75,0.0,0.0,0.9999999999999998
80.0,Trailing,46.0,46.5,46.25,0.0,0.0,0.9999999999999998
80.0,Trailing,46.5,47.0,46.75,0.0,0.0,0.9999999999999998
80.0,Trailing,47.0,47.5,47.25,0.0,0.0,0.9999999999999998
80.0,Trailing,47.5,48.0,47.75,0.0,0.0,0.9999999999999998
80.0,Trailing,48.0,48.5,48.25,0.0,0.0,0.9999999999999998
80.0,Trailing,48.5,49.0,48.75,0.0,0.0,0.9999999999999998
80.0,Trailing,49.0,49.5,49.25,0.0,0.0,0.9999999999999998
80.0,Trailing,49.5,50.0,49.75,0.0,0.0,0.9999999999999998
80.0,Trailing,50.0,50.5,50.25,0.0,0.0,0.9999999999999998
80.0,Trailing,50.5,51.0,50.75,0.0,0.0,0.9999999999999998
80.0,Trailing,51.0,51.5,51.25,0.0,0.0,0.9999999999999998
80.0,Trailing,51.5,52.0,51.75,0.0,0.0,0.9999999999999998
80.0,Trailing,52.0,52.5,52.25,0.0,0.0,0.9999999999999998
80.0,Trailing,52.5,53.0,52.75,0.0,0.0,0.9999999999999998
80.0,Trailing,53.0,53.5,53.25,0.0,0.0,0.9999999999999998
80.0,Trailing,53.5,54.0,53.75,0.0,0.0,0.9999999999999998
80.0,Trailing,54.0,54.5,54.25,0.0,0.0,0.9999999999999998
80.0,Trailing,54.5,55.0,54.75,0.0,0.0,0.9999999999999998
80.0,Trailing,55.0,55.5,55.25,0.0,0.0,0.9999999999999998
80.0,Trailing,55.5,56.0,55.75,0.0,0.0,0.9999999999999998
80.0,Trailing,56.0,56.5,56.25,0.0,0.0,0.9999999999999998
80.0,Trailing,56.5,57.0,56.75,0.0,0.0,0.9999999999999998
80.0,Trailing,57.0,57.5,57.25,0.0,0.0,0.9999999999999998
80.0,Trailing,57.5,58.0,57.75,0.0,0.0,0.9999999999999998
80.0,Trailing,58.0,58.5,58.25,0.0,0.0,0.9999999999999998
80.0,Trailing,58.5,59.0,58.75,0.0,0.0,0.9999999999999998
80.0,Trailing,59.0,59.5,59.25,0.0,0.0,0.9999999999999998
80.0,Trailing,59.5,60.0,59.75,0.0,0.0,0.9999999999999998
80.0,Trailing,60.0,60.5,60.25,0.0,0.0,0.9999999999999998
80.0,Trailing,60.5,61.0,60.75,0.0,0.0,0.9999999999999998
80.0,Trailing,61.0,61.5,61.25,0.0,0.0,0.9999999999999998
80.0,Trailing,61.5,62.0,61.75,0.0,0.0,0.9999999999999998
80.0,Trailing,62.0,62.5,62.25,0.0,0.0,0.9999999999999998
80.0,Trailing,62.5,63.0,62.75,0.0,0.0,0.9999999999999998
80.0,Trailing,63.0,63.5,63.25,0.0,0.0,0.9999999999999998
80.0,Trailing,63.5,64.0,63.75,0.0,0.0,0.9999999999999998
80.0,Trailing,64.0,64.5,64.25,0.0,0.0,0.9999999999999998
80.0,Trailing,64.5,65.0,64.75,0.0,0.0,0.9999999999999998
80.0,Trailing,65.0,65.5,65.25,0.0,0.0,0.9999999999999998
80.0,Trailing,65.5,66.0,65.75,0.0,0.0,0.9999999999999998
80.0,Trailing,66.0,66.5,66.25,0.0,0.0,0.9999999999999998
80.0,Trailing,66.5,67.0,66.75,0.0,0.0,0.9999999999999998
80.0,Trailing,67.0,67.5,67.25,0.0,0.0,0.9999999999999998
80.0,Trailing,67.5,68.0,67.75,0.0,0.0,0.9999999999999998
80.0,Trailing,68.0,68.5,68.25,0.0,0.0,0.9999999999999998
80.0,Trailing,68.5,69.0,68.75,0.0,0.0,0.9999999999999998
80.0,Trailing,69.0,69.5,69.25,0.0,0.0,0.9999999999999998
80.0,Trailing,69.5,70.0,69.75,0.0,0.0,0.9999999999999998
80.0,Trailing,70.0,70.5,70.25,0.0,0.0,0.9999999999999998
80.0,Trailing,70.5,71.0,70.75,0.0,0.0,0.9999999999999998
80.0,Trailing,71.0,71.5,71.25,0.0,0.0,0.9999999999999998
80.0,Trailing,71.5,72.0,71.75,0.0,0.0,0.9999999999999998
80.0,Trailing,72.0,72.5,72.25,0.0,0.0,0.9999999999999998
80.0,Trailing,72.5,73.0,72.75,0.0,0.0,0.9999999999999998
80.0,Trailing,73.0,73.5,73.25,0.0,0.0,0.9999999999999998
80.0,Trailing,73.5,74.0,73.75,0.0,0.0,0.9999999999999998
80.0,Trailing,74.0,74.5,74.25,0.0,0.0,0.9999999999999998
80.0,Trailing,74.5,75.0,74.75,0.0,0.0,0.9999999999999998
80.0,Trailing,75.0,75.5,75.25,0.0,0.0,0.9999999999999998
80.0,Trailing,75.5,76.0,75.75,0.0,0.0,0.9999999999999998
80.0,Trailing,76.0,76.5,76.25,0.0,0.0,0.9999999999999998
80.0,Trailing,76.5,77.0,76.75,0.0,0.0,0.9999999999999998
80.0,Trailing,77.0,77.5,77.25,0.0,0.0,0.9999999999999998
80.0,Trailing,77.5,78.0,77.75,0.0,0.0,0.9999999999999998
80.0,Trailing,78.0,78.5,78.25,0.0,0.0,0.9999999999999998
80.0,Trailing,78.5,79.0,78.75,0.0,0.0,0.9999999999999998
80.0,Trailing,79.0,79.5,79.25,0.0,0.0,0.9999999999999998
80.0,Trailing,79.5,80.0,79.75,0.0,0.0,0.9999999999999998
80.0,Trailing,80.0,80.5,80.25,0.0,0.0,0.9999999999999998
80.0,Trailing,80.5,81.0,80.75,0.0,0.0,0.9999999999999998
80.0,Trailing,81.0,81.5,81.25,0.0,0.0,0.9999999999999998
80.0,Trailing,81.5,82.0,81.75,0.0,0.0,0.9999999999999998
80.0,Trailing,82.0,82.5,82.25,0.0,0.0,0.9999999999999998
80.0,Trailing,82.5,83.0,82.75,0.0,0.0,0.9999999999999998
80.0,Trailing,83.0,83.5,83.25,0.0,0.0,0.9999999999999998
80.0,Trailing,83.5,84.0,83.75,0.0,0.0,0.9999999999999998
80.0,Trailing,84.0,84.5,84.25,0.0,0.0,0.9999999999999998
80.0,Trailing,84.5,85.0,84.75,0.0,0.0,0.9999999999999998
80.0,Trailing,85.0,85.5,85.25,0.0,0.0,0.9999999999999998
80.0,Trailing,85.5,86.0,85.75,0.0,0.0,0.9999999999999998
80.0,Trailing,86.0,86.5,86.25,0.0,0.0,0.9999999999999998
80.0,Trailing,86.5,87.0,86.75,0.0,0.0,0.9999999999999998
80.0,Trailing,87.0,87.5,87.25,0.0,0.0,0.9999999999999998
80.0,Trailing,87.5,88.0,87.75,0.0,0.0,0.9999999999999998
80.0,Trailing,88.0,88.5,88.25,0.0,0.0,0.9999999999999998
80.0,Trailing,88.5,89.0,88.75,0.0,0.0,0.9999999999999998
80.0,Trailing,89.0,89.5,89.25,0.0,0.0,0.9999999999999998
80.0,Trailing,89.5,90.0,89.75,0.0,0.0,0.9999999999999998
80.0,Anti-Mars,0.0,0.5,0.25,0.0,0.0,0.0
80.0,Anti-Mars,0.5,1.0,0.75,0.0,0.0,0.0
80.0,Anti-Mars,1.0,1.5,1.25,0.0,0.0,0.0
80.0,Anti-Mars,1.5,2.0,1.75,0.0,0.0,0.0
80.0,Anti-Mars,2.0,2.5,2.25,0.0,0.0,0.0
80.0,Anti-Mars,2.5,3.0,2.75,0.0,0.0,0.0
80.0,Anti-Mars,3.0,3.5,3.25,0.0,0.0,0.0
80.0,Anti-Mars,3.5,4.0,3.75,0.0,0.0,0.0
80.0,Anti-Mars,4.0,4.5,4.25,0.0,0.0,0.0
80.0,Anti-Mars,4.5,5.0,4.75,0.00013119268,0.0015420200462606037,0.0015420200462606037
80.0,Anti-Mars,5.0,5.5,5.25,0.001967890199999999,0.023130300693909044,0.02467232074016965
80.0,Anti-Mars,5.5,6.0,5.75,0.007609175439999993,0.08943716268311494,0.11410948342328459
80.0,Anti-Mars,6.0,6.5,6.25,0.009708258319999986,0.1141094834232845,0.2282189668465691
80.0,Anti-Mars,6.5,7.0,6.75,0.011348166819999977,0.13338473400154197,0.36160370084811105
80.0,Anti-Mars,7.0,7.5,7.25,0.01049541439999998,0.12336160370084807,0.48496530454895914
80.0,Anti-Mars,7.5,8.0,7.75,0.013972020419999965,0.1642251349267539,0.6491904394757131
80.0,Anti-Mars,8.0,8.5,8.25,0.009905047339999981,0.11642251349267536,0.7656129529683885
80.0,Anti-Mars,8.5,9.0,8.75,0.007346790079999992,0.0863531225905937,0.8519660755589822
80.0,Anti-Mars,9.0,9.5,9.25,0.005444496219999998,0.06399383191981503,0.9159599074787972
80.0,Anti-Mars,9.5,10.0,9.75,0.0029518353000000017,0.034695451040863606,0.9506553585196608
80.0,Anti-Mars,10.0,10.5,10.25,0.0013119267999999996,0.015420200462606032,0.9660755589822668
80.0,Anti-Mars,10.5,11.0,10.75,0.0010495414399999997,0.012336160370084826,0.9784117193523516
80.0,Anti-Mars,11.0,11.5,11.25,0.0011151377799999997,0.013107170393215128,0.9915188897455667
80.0,Anti-Mars,11.5,12.0,11.75,0.0007215597399999998,0.008481110254433318,1.0
80.0,Anti-Mars,12.0,12.5,12.25,0.0,0.0,1.0
80.0,Anti-Mars,12.5,13.0,12.75,0.0,0.0,1.0
80.0,Anti-Mars,13.0,13.5,13.25,0.0,0.0,1.0
80.0,Anti-Mars,13.5,14.0,13.75,0.0,0.0,1.0
80.0,Anti-Mars,14.0,14.5,14.25,0.0,0.0,1.0
80.0,Anti-Mars,14.5,15.0,14.75,0.0,0.0,1.0
80.0,Anti-Mars,15.0,15.5,15.25,0.0,0.0,1.0
80.0,Anti-Mars,15.5,16.0,15.75,0.0,0.0,1.0
80.0,Anti-Mars,16.0,16.5,16.25,0.0,0.0,1.0
80.0,Anti-Mars,16.5,17.0,16.75,0.0,0.0,1.0
80.0,Anti-Mars,17.0,17.5,17.25,0.0,0.0,1.0
80.0,Anti-Mars,17.5,18.0,17.75,0.0,0.0,1.0
80.0,Anti-Mars,18.0,18.5,18.25,0.0,0.0,1.0
80.0,Anti-Mars,18.5,19.0,18.75,0.0,0.0,1.0
80.0,Anti-Mars,19.0,19.5,19.25,0.0,0.0,1.0
80.0,Anti-Mars,19.5,20.0,19.75,0.0,0.0,1.0
80.0,Anti-Mars,20.0,20.5,20.25,0.0,0.0,1.0
80.0,Anti-Mars,20.5,21.0,20.75,0.0,0.0,1.0
80.0,Anti-Mars,21.0,21.5,21.25,0.0,0.0,1.0
80.0,Anti-Mars,21.5,22.0,21.75,0.0,0.0,1.0
80.0,Anti-Mars,22.0,22.5,22.25,0.0,0.0,1.0
80.0,Anti-Mars,22.5,23.0,22.75,0.0,0.0,1.0
80.0,Anti-Mars,23.0,23.5,23.25,0.0,0.0,1.0
80.0,Anti-Mars,23.5,24.0,23.75,0.0,0.0,1.0
80.0,Anti-Mars,24.0,24.5,24.25,0.0,0.0,1.0
80.0,Anti-Mars,24.5,25.0,24.75,0.0,0.0,1.0
80.0,Anti-Mars,25.0,25.5,25.25,0.0,0.0,1.0
80.0,Anti-Mars,25.5,26.0,25.75,0.0,0.0,1.0
80.0,Anti-Mars,26.0,26.5,26.25,0.0,0.0,1.0
80.0,Anti-Mars,26.5,27.0,26.75,0.0,0.0,1.0
80.0,Anti-Mars,27.0,27.5,27.25,0.0,0.0,1.0
80.0,Anti-Mars,27.5,28.0,27.75,0.0,0.0,1.0
80.0,Anti-Mars,28.0,28.5,28.25,0.0,0.0,1.0
80.0,Anti-Mars,28.5,29.0,28.75,0.0,0.0,1.0
80.0,Anti-Mars,29.0,29.5,29.25,0.0,0.0,1.0
80.0,Anti-Mars,29.5,30.0,29.75,0.0,0.0,1.0
80.0,Anti-Mars,30.0,30.5,30.25,0.0,0.0,1.0
80.0,Anti-Mars,30.5,31.0,30.75,0.0,0.0,1.0
80.0,Anti-Mars,31.0,31.5,31.25,0.0,0.0,1.0
80.0,Anti-Mars,31.5,32.0,31.75,0.0,0.0,1.0
80.0,Anti-Mars,32.0,32.5,32.25,0.0,0.0,1.0
80.0,Anti-Mars,32.5,33.0,32.75,0.0,0.0,1.0
80.0,Anti-Mars,33.0,33.5,33.25,0.0,0.0,1.0
80.0,Anti-Mars,33.5,34.0,33.75,0.0,0.0,1.0
80.0,Anti-Mars,34.0,34.5,34.25,0.0,0.0,1.0
80.0,Anti-Mars,34.5,35.0,34.75,0.0,0.0,1.0
80.0,Anti-Mars,35.0,35.5,35.25,0.0,0.0,1.0
80.0,Anti-Mars,35.5,36.0,35.75,0.0,0.0,1.0
80.0,Anti-Mars,36.0,36.5,36.25,0.0,0.0,1.0
80.0,Anti-Mars,36.5,37.0,36.75,0.0,0.0,1.0
80.0,Anti-Mars,37.0,37.5,37.25,0.0,0.0,1.0
80.0,Anti-Mars,37.5,38.0,37.75,0.0,0.0,1.0
80.0,Anti-Mars,38.0,38.5,38.25,0.0,0.0,1.0
80.0,Anti-Mars,38.5,39.0,38.75,0.0,0.0,1.0
80.0,Anti-Mars,39.0,39.5,39.25,0.0,0.0,1.0
80.0,Anti-Mars,39.5,40.0,39.75,0.0,0.0,1.0
80.0,Anti-Mars,40.0,40.5,40.25,0.0,0.0,1.0
80.0,Anti-Mars,40.5,41.0,40.75,0.0,0.0,1.0
80.0,Anti-Mars,41.0,41.5,41.25,0.0,0.0,1.0
80.0,Anti-Mars,41.5,42.0,41.75,0.0,0.0,1.0
80.0,Anti-Mars,42.0,42.5,42.25,0.0,0.0,1.0
80.0,Anti-Mars,42.5,43.0,42.75,0.0,0.0,1.0
80.0,Anti-Mars,43.0,43.5,43.25,0.0,0.0,1.0
80.0,Anti-Mars,43.5,44.0,43.75,0.0,0.0,1.0
80.0,Anti-Mars,44.0,44.5,44.25,0.0,0.0,1.0
80.0,Anti-Mars,44.5,45.0,44.75,0.0,0.0,1.0
80.0,Anti-Mars,45.0,45.5,45.25,0.0,0.0,1.0
80.0,Anti-Mars,45.5,46.0,45.75,0.0,0.0,1.0
80.0,Anti-Mars,46.0,46.5,46.25,0.0,0.0,1.0
80.0,Anti-Mars,46.5,47.0,46.75,0.0,0.0,1.0
80.0,Anti-Mars,47.0,47.5,47.25,0.0,0.0,1.0
80.0,Anti-Mars,47.5,48.0,47.75,0.0,0.0,1.0
80.0,Anti-Mars,48.0,48.5,48.25,0.0,0.0,1.0
80.0,Anti-Mars,48.5,49.0,48.75,0.0,0.0,1.0
80.0,Anti-Mars,49.0,49.5,49.25,0.0,0.0,1.0
80.0,Anti-Mars,49.5,50.0,49.75,0.0,0.0,1.0
80.0,Anti-Mars,50.0,50.5,50.25,0.0,0.0,1.0
80.0,Anti-Mars,50.5,51.0,50.75,0.0,0.0,1.0
80.0,Anti-Mars,51.0,51.5,51.25,0.0,0.0,1.0
80.0,Anti-Mars,51.5,52.0,51.75,0.0,0.0,1.0
80.0,Anti-Mars,52.0,52.5,52.25,0.0,0.0,1.0
80.0,Anti-Mars,52.5,53.0,52.75,0.0,0.0,1.0
80.0,Anti-Mars,53.0,53.5,53.25,0.0,0.0,1.0
80.0,Anti-Mars,53.5,54.0,53.75,0.0,0.0,1.0
80.0,Anti-Mars,54.0,54.5,54.25,0.0,0.0,1.0
80.0,Anti-Mars,54.5,55.0,54.75,0.0,0.0,1.0
80.0,Anti-Mars,55.0,55.5,55.25,0.0,0.0,1.0
80.0,Anti-Mars,55.5,56.0,55.75,0.0,0.0,1.0
80.0,Anti-Mars,56.0,56.5,56.25,0.0,0.0,1.0
80.0,Anti-Mars,56.5,57.0,56.75,0.0,0.0,1.0
80.0,Anti-Mars,57.0,57.5,57.25,0.0,0.0,1.0
80.0,Anti-Mars,57.5,58.0,57.75,0.0,0.0,1.0
80.0,Anti-Mars,58.0,58.5,58.25,0.0,0.0,1.0
80.0,Anti-Mars,58.5,59.0,58.75,0.0,0.0,1.0
80.0,Anti-Mars,59.0,59.5,59.25,0.0,0.0,1.0
80.0,Anti-Mars,59.5,60.0,59.75,0.0,0.0,1.0
80.0,Anti-Mars,60.0,60.5,60.25,0.0,0.0,1.0
80.0,Anti-Mars,60.5,61.0,60.75,0.0,0.0,1.0
80.0,Anti-Mars,61.0,61.5,61.25,0.0,0.0,1.0
80.0,Anti-Mars,61.5,62.0,61.75,0.0,0.0,1.0
80.0,Anti-Mars,62.0,62.5,62.25,0.0,0.0,1.0
80.0,Anti-Mars,62.5,63.0,62.75,0.0,0.0,1.0
80.0,Anti-Mars,63.0,63.5,63.25,0.0,0.0,1.0
80.0,Anti-Mars,63.5,64.0,63.75,0.0,0.0,1.0
80.0,Anti-Mars,64.0,64.5,64.25,0.0,0.0,1.0
80.0,Anti-Mars,64.5,65.0,64.75,0.0,0.0,1.0
80.0,Anti-Mars,65.0,65.5,65.25,0.0,0.0,1.0
80.0,Anti-Mars,65.5,66.0,65.75,0.0,0.0,1.0
80.0,Anti-Mars,66.0,66.5,66.25,0.0,0.0,1.0
80.0,Anti-Mars,66.5,67.0,66.75,0.0,0.0,1.0
80.0,Anti-Mars,67.0,67.5,67.25,0.0,0.0,1.0
80.0,Anti-Mars,67.5,68.0,67.75,0.0,0.0,1.0
80.0,Anti-Mars,68.0,68.5,68.25,0.0,0.0,1.0
80.0,Anti-Mars,68.5,69.0,68.75,0.0,0.0,1.0
80.0,Anti-Mars,69.0,69.5,69.25,0.0,0.0,1.0
80.0,Anti-Mars,69.5,70.0,69.75,0.0,0.0,1.0
80.0,Anti-Mars,70.0,70.5,70.25,0.0,0.0,1.0
80.0,Anti-Mars,70.5,71.0,70.75,0.0,0.0,1.0
80.0,Anti-Mars,71.0,71.5,71.25,0.0,0.0,1.0
80.0,Anti-Mars,71.5,72.0,71.75,0.0,0.0,1.0
80.0,Anti-Mars,72.0,72.5,72.25,0.0,0.0,1.0
80.0,Anti-Mars,72.5,73.0,72.75,0.0,0.0,1.0
80.0,Anti-Mars,73.0,73.5,73.25,0.0,0.0,1.0
80.0,Anti-Mars,73.5,74.0,73.75,0.0,0.0,1.0
80.0,Anti-Mars,74.0,74.5,74.25,0.0,0.0,1.0
80.0,Anti-Mars,74.5,75.0,74.75,0.0,0.0,1.0
80.0,Anti-Mars,75.0,75.5,75.25,0.0,0.0,1.0
80.0,Anti-Mars,75.5,76.0,75.75,0.0,0.0,1.0
80.0,Anti-Mars,76.0,76.5,76.25,0.0,0.0,1.0
80.0,Anti-Mars,76.5,77.0,76.75,0.0,0.0,1.0
80.0,Anti-Mars,77.0,77.5,77.25,0.0,0.0,1.0
80.0,Anti-Mars,77.5,78.0,77.75,0.0,0.0,1.0
80.0,Anti-Mars,78.0,78.5,78.25,0.0,0.0,1.0
80.0,Anti-Mars,78.5,79.0,78.75,0.0,0.0,1.0
80.0,Anti-Mars,79.0,79.5,79.25,0.0,0.0,1.0
80.0,Anti-Mars,79.5,80.0,79.75,0.0,0.0,1.0
80.0,Anti-Mars,80.0,80.5,80.25,0.0,0.0,1.0
80.0,Anti-Mars,80.5,81.0,80.75,0.0,0.0,1.0
80.0,Anti-Mars,81.0,81.5,81.25,0.0,0.0,1.0
80.0,Anti-Mars,81.5,82.0,81.75,0.0,0.0,1.0
80.0,Anti-Mars,82.0,82.5,82.25,0.0,0.0,1.0
80.0,Anti-Mars,82.5,83.0,82.75,0.0,0.0,1.0
80.0,Anti-Mars,83.0,83.5,83.25,0.0,0.0,1.0
80.0,Anti-Mars,83.5,84.0,83.75,0.0,0.0,1.0
80.0,Anti-Mars,84.0,84.5,84.25,0.0,0.0,1.0
80.0,Anti-Mars,84.5,85.0,84.75,0.0,0.0,1.0
80.0,Anti-Mars,85.0,85.5,85.25,0.0,0.0,1.0
80.0,Anti-Mars,85.5,86.0,85.75,0.0,0.0,1.0
80.0,Anti-Mars,86.0,86.5,86.25,0.0,0.0,1.0
80.0,Anti-Mars,86.5,87.0,86.75,0.0,0.0,1.0
80.0,Anti-Mars,87.0,87.5,87.25,0.0,0.0,1.0
80.0,Anti-Mars,87.5,88.0,87.75,0.0,0.0,1.0
80.0,Anti-Mars,88.0,88.5,88.25,0.0,0.0,1.0
80.0,Anti-Mars,88.5,89.0,88.75,0.0,0.0,1.0
80.0,Anti-Mars,89.0,89.5,89.25,0.0,0.0,1.0
80.0,Anti-Mars,89.5,90.0,89.75,0.0,0.0,1.0
100.0,Leading,0.0,0.5,0.25,0.0,0.0,0.0
100.0,Leading,0.5,1.0,0.75,0.0001967262,0.0031982942430703615,0.0031982942430703615
100.0,Leading,1.0,1.5,1.25,0.0005246032,0.00852878464818763,0.011727078891257991
100.0,Leading,1.5,2.0,1.75,0.00032787699999999996,0.005330490405117269,0.01705756929637526
100.0,Leading,2.0,2.5,2.25,0.0001967262,0.0031982942430703615,0.02025586353944562
100.0,Leading,2.5,3.0,2.75,0.0001311508,0.0021321961620469074,0.022388059701492526
100.0,Leading,3.0,3.5,3.25,0.0005246032,0.00852878464818763,0.030916844349680155
100.0,Leading,3.5,4.0,3.75,0.0001967262,0.0031982942430703615,0.03411513859275052
100.0,Leading,4.0,4.5,4.25,0.0005901786,0.009594882729211085,0.043710021321961605
100.0,Leading,4.5,5.0,4.75,0.000655754,0.01066098081023454,0.054371002132196145
100.0,Leading,5.0,5.5,5.25,0.0005246032,0.00852878464818763,0.06289978678038377
100.0,Leading,5.5,6.0,5.75,0.0001311508,0.0021321961620469074,0.06503198294243068
100.0,Leading,6.0,6.5,6.25,0.0005246032,0.00852878464818763,0.0735607675906183
100.0,Leading,6.5,7.0,6.75,0.00032787699999999996,0.005330490405117269,0.07889125799573557
100.0,Leading,7.0,7.5,7.25,0.0010492064000000001,0.017057569296375263,0.09594882729211084
100.0,Leading,7.5,8.0,7.75,0.0013770833999999998,0.02238805970149253,0.11833688699360337
100.0,Leading,8.0,8.5,8.25,0.0016393849999999995,0.02665245202558634,0.1449893390191897
100.0,Leading,8.5,9.0,8.75,0.0017049603999999994,0.027718550106609792,0.17270788912579949
100.0,Leading,9.0,9.5,9.25,0.0011147818,0.018123667377398716,0.1908315565031982
100.0,Leading,9.5,10.0,9.75,0.0020328373999999993,0.03304904051172706,0.22388059701492524
100.0,Leading,10.0,10.5,10.25,0.0034099208000000023,0.05543710021321964,0.27931769722814487
100.0,Leading,10.5,11.0,10.75,0.004065674800000004,0.0660980810234542,0.3454157782515991
100.0,Leading,11.0,11.5,11.25,0.003213194600000002,0.05223880597014927,0.3976545842217484
100.0,Leading,11.5,12.0,11.75,0.0038689486000000033,0.06289978678038383,0.4605543710021322
100.0,Leading,12.0,12.5,12.25,0.0034754962000000025,0.05650319829424309,0.5170575692963753
100.0,Leading,12.5,13.0,12.75,0.0024918652000000003,0.04051172707889125,0.5575692963752665
100.0,Leading,13.0,13.5,13.25,0.004065674800000004,0.0660980810234542,0.6236673773987207
100.0,Leading,13.5,14.0,13.75,0.003737797800000003,0.06076759061833692,0.6844349680170576
100.0,Leading,14.0,14.5,14.25,0.002295139,0.037313432835820885,0.7217484008528785
100.0,Leading,14.5,15.0,14.75,0.0020984127999999994,0.03411513859275051,0.755863539445629
100.0,Leading,15.0,15.5,15.25,0.003803373200000003,0.06183368869936037,0.8176972281449894
100.0,Leading,15.5,16.0,15.75,0.0014426587999999997,0.02345415778251598,0.8411513859275054
100.0,Leading,16.0,16.5,16.25,0.00045902779999999993,0.0074626865671641755,0.8486140724946696
100.0,Leading,16.5,17.0,16.75,0.00039345239999999995,0.006396588486140722,0.8550106609808104
100.0,Leading,17.0,17.5,17.25,0.0001967262,0.0031982942430703615,0.8582089552238807
100.0,Leading,17.5,18.0,17.75,0.0002623016,0.004264392324093815,0.8624733475479746
100.0,Leading,18.0,18.5,18.25,0.00032787699999999996,0.005330490405117269,0.8678038379530918
100.0,Leading,18.5,19.0,18.75,0.0002623016,0.004264392324093815,0.8720682302771856
100.0,Leading,19.0,19.5,19.25,0.00039345239999999995,0.006396588486140722,0.8784648187633264
100.0,Leading,19.5,20.0,19.75,0.00039345239999999995,0.006396588486140722,0.8848614072494672
100.0,Leading,20.0,20.5,20.25,0.00032787699999999996,0.005330490405117269,0.8901918976545844
100.0,Leading,20.5,21.0,20.75,0.00032787699999999996,0.005330490405117269,0.8955223880597016
100.0,Leading,21.0,21.5,21.25,0.00045902779999999993,0.0074626865671641755,0.9029850746268658
100.0,Leading,21.5,22.0,21.75,0.0005246032,0.00852878464818763,0.9115138592750535
100.0,Leading,22.0,22.5,22.25,0.0007869048000000001,0.012793176972281448,0.9243070362473349
100.0,Leading,22.5,23.0,22.75,0.0002623016,0.004264392324093815,0.9285714285714287
100.0,Leading,23.0,23.5,23.25,0.0008524802000000001,0.013859275053304903,0.9424307036247336
100.0,Leading,23.5,24.0,23.75,0.0005901786,0.009594882729211085,0.9520255863539446
100.0,Leading,24.0,24.5,24.25,0.00032787699999999996,0.005330490405117269,0.9573560767590619
100.0,Leading,24.5,25.0,24.75,0.0008524802000000001,0.013859275053304903,0.9712153518123667
100.0,Leading,25.0,25.5,25.25,0.000655754,0.01066098081023454,0.9818763326226013
100.0,Leading,25.5,26.0,25.75,0.0007869048000000001,0.012793176972281448,0.9946695095948828
100.0,Leading,26.0,26.5,26.25,0.00032787699999999996,0.005330490405117269,1.0
100.0,Leading,26.5,27.0,26.75,0.0,0.0,1.0
100.0,Leading,27.0,27.5,27.25,0.0,0.0,1.0
100.0,Leading,27.5,28.0,27.75,0.0,0.0,1.0
100.0,Leading,28.0,28.5,28.25,0.0,0.0,1.0
100.0,Leading,28.5,29.0,28.75,0.0,0.0,1.0
100.0,Leading,29.0,29.5,29.25,0.0,0.0,1.0
100.0,Leading,29.5,30.0,29.75,0.0,0.0,1.0
100.0,Leading,30.0,30.5,30.25,0.0,0.0,1.0
100.0,Leading,30.5,31.0,30.75,0.0,0.0,1.0
100.0,Leading,31.0,31.5,31.25,0.0,0.0,1.0
100.0,Leading,31.5,32.0,31.75,0.0,0.0,1.0
100.0,Leading,32.0,32.5,32.25,0.0,0.0,1.0
100.0,Leading,32.5,33.0,32.75,0.0,0.0,1.0
100.0,Leading,33.0,33.5,33.25,0.0,0.0,1.0
100.0,Leading,33.5,34.0,33.75,0.0,0.0,1.0
100.0,Leading,34.0,34.5,34.25,0.0,0.0,1.0
100.0,Leading,34.5,35.0,34.75,0.0,0.0,1.0
100.0,Leading,35.0,35.5,35.25,0.0,0.0,1.0
100.0,Leading,35.5,36.0,35.75,0.0,0.0,1.0
100.0,Leading,36.0,36.5,36.25,0.0,0.0,1.0
100.0,Leading,36.5,37.0,36.75,0.0,0.0,1.0
100.0,Leading,37.0,37.5,37.25,0.0,0.0,1.0
100.0,Leading,37.5,38.0,37.75,0.0,0.0,1.0
100.0,Leading,38.0,38.5,38.25,0.0,0.0,1.0
100.0,Leading,38.5,39.0,38.75,0.0,0.0,1.0
100.0,Leading,39.0,39.5,39.25,0.0,0.0,1.0
100.0,Leading,39.5,40.0,39.75,0.0,0.0,1.0
100.0,Leading,40.0,40.5,40.25,0.0,0.0,1.0
100.0,Leading,40.5,41.0,40.75,0.0,0.0,1.0
100.0,Leading,41.0,41.5,41.25,0.0,0.0,1.0
100.0,Leading,41.5,42.0,41.75,0.0,0.0,1.0
100.0,Leading,42.0,42.5,42.25,0.0,0.0,1.0
100.0,Leading,42.5,43.0,42.75,0.0,0.0,1.0
100.0,Leading,43.0,43.5,43.25,0.0,0.0,1.0
100.0,Leading,43.5,44.0,43.75,0.0,0.0,1.0
100.0,Leading,44.0,44.5,44.25,0.0,0.0,1.0
100.0,Leading,44.5,45.0,44.75,0.0,0.0,1.0
100.0,Leading,45.0,45.5,45.25,0.0,0.0,1.0
100.0,Leading,45.5,46.0,45.75,0.0,0.0,1.0
100.0,Leading,46.0,46.5,46.25,0.0,0.0,1.0
100.0,Leading,46.5,47.0,46.75,0.0,0.0,1.0
100.0,Leading,47.0,47.5,47.25,0.0,0.0,1.0
100.0,Leading,47.5,48.0,47.75,0.0,0.0,1.0
100.0,Leading,48.0,48.5,48.25,0.0,0.0,1.0
100.0,Leading,48.5,49.0,48.75,0.0,0.0,1.0
100.0,Leading,49.0,49.5,49.25,0.0,0.0,1.0
100.0,Leading,49.5,50.0,49.75,0.0,0.0,1.0
100.0,Leading,50.0,50.5,50.25,0.0,0.0,1.0
100.0,Leading,50.5,51.0,50.75,0.0,0.0,1.0
100.0,Leading,51.0,51.5,51.25,0.0,0.0,1.0
100.0,Leading,51.5,52.0,51.75,0.0,0.0,1.0
100.0,Leading,52.0,52.5,52.25,0.0,0.0,1.0
100.0,Leading,52.5,53.0,52.75,0.0,0.0,1.0
100.0,Leading,53.0,53.5,53.25,0.0,0.0,1.0
100.0,Leading,53.5,54.0,53.75,0.0,0.0,1.0
100.0,Leading,54.0,54.5,54.25,0.0,0.0,1.0
100.0,Leading,54.5,55.0,54.75,0.0,0.0,1.0
100.0,Leading,55.0,55.5,55.25,0.0,0.0,1.0
100.0,Leading,55.5,56.0,55.75,0.0,0.0,1.0
100.0,Leading,56.0,56.5,56.25,0.0,0.0,1.0
100.0,Leading,56.5,57.0,56.75,0.0,0.0,1.0
100.0,Leading,57.0,57.5,57.25,0.0,0.0,1.0
100.0,Leading,57.5,58.0,57.75,0.0,0.0,1.0
100.0,Leading,58.0,58.5,58.25,0.0,0.0,1.0
100.0,Leading,58.5,59.0,58.75,0.0,0.0,1.0
100.0,Leading,59.0,59.5,59.25,0.0,0.0,1.0
100.0,Leading,59.5,60.0,59.75,0.0,0.0,1.0
100.0,Leading,60.0,60.5,60.25,0.0,0.0,1.0
100.0,Leading,60.5,61.0,60.75,0.0,0.0,1.0
100.0,Leading,61.0,61.5,61.25,0.0,0.0,1.0
100.0,Leading,61.5,62.0,61.75,0.0,0.0,1.0
100.0,Leading,62.0,62.5,62.25,0.0,0.0,1.0
100.0,Leading,62.5,63.0,62.75,0.0,0.0,1.0
100.0,Leading,63.0,63.5,63.25,0.0,0.0,1.0
100.0,Leading,63.5,64.0,63.75,0.0,0.0,1.0
100.0,Leading,64.0,64.5,64.25,0.0,0.0,1.0
100.0,Leading,64.5,65.0,64.75,0.0,0.0,1.0
100.0,Leading,65.0,65.5,65.25,0.0,0.0,1.0
100.0,Leading,65.5,66.0,65.75,0.0,0.0,1.0
100.0,Leading,66.0,66.5,66.25,0.0,0.0,1.0
100.0,Leading,66.5,67.0,66.75,0.0,0.0,1.0
100.0,Leading,67.0,67.5,67.25,0.0,0.0,1.0
100.0,Leading,67.5,68.0,67.75,0.0,0.0,1.0
100.0,Leading,68.0,68.5,68.25,0.0,0.0,1.0
100.0,Leading,68.5,69.0,68.75,0.0,0.0,1.0
100.0,Leading,69.0,69.5,69.25,0.0,0.0,1.0
100.0,Leading,69.5,70.0,69.75,0.0,0.0,1.0
100.0,Leading,70.0,70.5,70.25,0.0,0.0,1.0
100.0,Leading,70.5,71.0,70.75,0.0,0.0,1.0
100.0,Leading,71.0,71.5,71.25,0.0,0.0,1.0
100.0,Leading,71.5,72.0,71.75,0.0,0.0,1.0
100.0,Leading,72.0,72.5,72.25,0.0,0.0,1.0
100.0,Leading,72.5,73.0,72.75,0.0,0.0,1.0
100.0,Leading,73.0,73.5,73.25,0.0,0.0,1.0
100.0,Leading,73.5,74.0,73.75,0.0,0.0,1.0
100.0,Leading,74.0,74.5,74.25,0.0,0.0,1.0
100.0,Leading,74.5,75.0,74.75,0.0,0.0,1.0
100.0,Leading,75.0,75.5,75.25,0.0,0.0,1.0
100.0,Leading,75.5,76.0,75.75,0.0,0.0,1.0
100.0,Leading,76.0,76.5,76.25,0.0,0.0,1.0
100.0,Leading,76.5,77.0,76.75,0.0,0.0,1.0
100.0,Leading,77.0,77.5,77.25,0.0,0.0,1.0
100.0,Leading,77.5,78.0,77.75,0.0,0.0,1.0
100.0,Leading,78.0,78.5,78.25,0.0,0.0,1.0
100.0,Leading,78.5,79.0,78.75,0.0,0.0,1.0
100.0,Leading,79.0,79.5,79.25,0.0,0.0,1.0
100.0,Leading,79.5,80.0,79.75,0.0,0.0,1.0
100.0,Leading,80.0,80.5,80.25,0.0,0.0,1.0
100.0,Leading,80.5,81.0,80.75,0.0,0.0,1.0
100.0,Leading,81.0,81.5,81.25,0.0,0.0,1.0
100.0,Leading,81.5,82.0,81.75,0.0,0.0,1.0
100.0,Leading,82.0,82.5,82.25,0.0,0.0,1.0
100.0,Leading,82.5,83.0,82.75,0.0,0.0,1.0
100.0,Leading,83.0,83.5,83.25,0.0,0.0,1.0
100.0,Leading,83.5,84.0,83.75,0.0,0.0,1.0
100.0,Leading,84.0,84.5,84.25,0.0,0.0,1.0
100.0,Leading,84.5,85.0,84.75,0.0,0.0,1.0
100.0,Leading,85.0,85.5,85.25,0.0,0.0,1.0
100.0,Leading,85.5,86.0,85.75,0.0,0.0,1.0
100.0,Leading,86.0,86.5,86.25,0.0,0.0,1.0
100.0,Leading,86.5,87.0,86.75,0.0,0.0,1.0
100.0,Leading,87.0,87.5,87.25,0.0,0.0,1.0
100.0,Leading,87.5,88.0,87.75,0.0,0.0,1.0
100.0,Leading,88.0,88.5,88.25,0.0,0.0,1.0
100.0,Leading,88.5,89.0,88.75,0.0,0.0,1.0
100.0,Leading,89.0,89.5,89.25,0.0,0.0,1.0
100.0,Leading,89.5,90.0,89.75,0.0,0.0,1.0
100.0,Sub-Mars,0.0,0.5,0.25,6.55754e-05,0.0008741258741258738,0.0008741258741258738
100.0,Sub-Mars,0.5,1.0,0.75,0.00039345239999999995,0.005244755244755242,0.006118881118881116
100.0,Sub-Mars,1.0,1.5,1.25,0.000655754,0.008741258741258738,0.014860139860139855
100.0,Sub-Mars,1.5,2.0,1.75,0.0017049603999999994,0.02272727272727271,0.037587412587412564
100.0,Sub-Mars,2.0,2.5,2.25,0.0024262898,0.03234265734265733,0.0699300699300699
100.0,Sub-Mars,2.5,3.0,2.75,0.0016393849999999995,0.02185314685314684,0.09178321678321673
100.0,Sub-Mars,3.0,3.5,3.25,0.0015082341999999996,0.020104895104895094,0.11188811188811182
100.0,Sub-Mars,3.5,4.0,3.75,0.0018361111999999993,0.02447552447552446,0.13636363636363627
100.0,Sub-Mars,4.0,4.5,4.25,0.0026230160000000006,0.03496503496503496,0.17132867132867124
100.0,Sub-Mars,4.5,5.0,4.75,0.0031476192000000017,0.04195804195804197,0.21328671328671323
100.0,Sub-Mars,5.0,5.5,5.25,0.0024918652000000003,0.03321678321678321,0.24650349650349643
100.0,Sub-Mars,5.5,6.0,5.75,0.0023607144,0.03146853146853146,0.2779720279720279
100.0,Sub-Mars,6.0,6.5,6.25,0.002885317600000001,0.038461538461538464,0.31643356643356635
100.0,Sub-Mars,6.5,7.0,6.75,0.0020328373999999993,0.02709790209790208,0.34353146853146843
100.0,Sub-Mars,7.0,7.5,7.25,0.0026885914000000007,0.03583916083916083,0.37937062937062926
100.0,Sub-Mars,7.5,8.0,7.75,0.003278770000000002,0.04370629370629372,0.42307692307692296
100.0,Sub-Mars,8.0,8.5,8.25,0.002819742200000001,0.037587412587412584,0.46066433566433557
100.0,Sub-Mars,8.5,9.0,8.75,0.003803373200000003,0.050699300699300724,0.5113636363636362
100.0,Sub-Mars,9.0,9.5,9.25,0.005114881200000006,0.06818181818181823,0.5795454545454545
100.0,Sub-Mars,9.5,10.0,9.75,0.003803373200000003,0.050699300699300724,0.6302447552447552
100.0,Sub-Mars,10.0,10.5,10.25,0.003278770000000002,0.04370629370629372,0.673951048951049
100.0,Sub-Mars,10.5,11.0,10.75,0.002819742200000001,0.037587412587412584,0.7115384615384616
100.0,Sub-Mars,11.0,11.5,11.25,0.0024918652000000003,0.03321678321678321,0.7447552447552448
100.0,Sub-Mars,11.5,12.0,11.75,0.0015738095999999996,0.020979020979020966,0.7657342657342657
100.0,Sub-Mars,12.0,12.5,12.25,0.0015082341999999996,0.020104895104895094,0.7858391608391608
100.0,Sub-Mars,12.5,13.0,12.75,0.0012459326,0.0166083916083916,0.8024475524475524
100.0,Sub-Mars,13.0,13.5,13.25,0.0009836310000000002,0.01311188811188811,0.8155594405594405
100.0,Sub-Mars,13.5,14.0,13.75,0.0007869048000000001,0.010489510489510486,0.826048951048951
100.0,Sub-Mars,14.0,14.5,14.25,0.0009180556000000002,0.012237762237762236,0.8382867132867132
100.0,Sub-Mars,14.5,15.0,14.75,0.000655754,0.008741258741258738,0.847027972027972
100.0,Sub-Mars,15.0,15.5,15.25,0.0013770833999999998,0.018356643356643346,0.8653846153846153
100.0,Sub-Mars,15.5,16.0,15.75,0.0010492064000000001,0.013986013986013983,0.8793706293706293
100.0,Sub-Mars,16.0,16.5,16.25,0.0010492064000000001,0.013986013986013983,0.8933566433566432
100.0,Sub-Mars,16.5,17.0,16.75,0.0002623016,0.003496503496503495,0.8968531468531468
100.0,Sub-Mars,17.0,17.5,17.25,0.0011147818,0.014860139860139857,0.9117132867132867
100.0,Sub-Mars,17.5,18.0,17.75,0.0013115079999999999,0.017482517482517473,0.9291958041958042
100.0,Sub-Mars,18.0,18.5,18.25,0.0007869048000000001,0.010489510489510486,0.9396853146853147
100.0,Sub-Mars,18.5,19.0,18.75,0.0002623016,0.003496503496503495,0.9431818181818182
100.0,Sub-Mars,19.0,19.5,19.25,0.0005901786,0.007867132867132864,0.951048951048951
100.0,Sub-Mars,19.5,20.0,19.75,0.0012459326,0.0166083916083916,0.9676573426573426
100.0,Sub-Mars,20.0,20.5,20.25,0.0009180556000000002,0.012237762237762236,0.9798951048951048
100.0,Sub-Mars,20.5,21.0,20.75,0.0007213294000000001,0.009615384615384612,0.9895104895104894
100.0,Sub-Mars,21.0,21.5,21.25,0.00032787699999999996,0.004370629370629368,0.9938811188811187
100.0,Sub-Mars,21.5,22.0,21.75,0.0002623016,0.003496503496503495,0.9973776223776223
100.0,Sub-Mars,22.0,22.5,22.25,0.0001967262,0.0026223776223776216,0.9999999999999999
100.0,Sub-Mars,22.5,23.0,22.75,0.0,0.0,0.9999999999999999
100.0,Sub-Mars,23.0,23.5,23.25,0.0,0.0,0.9999999999999999
100.0,Sub-Mars,23.5,24.0,23.75,0.0,0.0,0.9999999999999999
100.0,Sub-Mars,24.0,24.5,24.25,0.0,0.0,0.9999999999999999
100.0,Sub-Mars,24.5,25.0,24.75,0.0,0.0,0.9999999999999999
100.0,Sub-Mars,25.0,25.5,25.25,0.0,0.0,0.9999999999999999
100.0,Sub-Mars,25.5,26.0,25.75,0.0,0.0,0.9999999999999999
100.0,Sub-Mars,26.0,26.5,26.25,0.0,0.0,0.9999999999999999
100.0,Sub-Mars,26.5,27.0,26.75,0.0,0.0,0.9999999999999999
100.0,Sub-Mars,27.0,27.5,27.25,0.0,0.0,0.9999999999999999
100.0,Sub-Mars,27.5,28.0,27.75,0.0,0.0,0.9999999999999999
100.0,Sub-Mars,28.0,28.5,28.25,0.0,0.0,0.9999999999999999
100.0,Sub-Mars,28.5,29.0,28.75,0.0,0.0,0.9999999999999999
100.0,Sub-Mars,29.0,29.5,29.25,0.0,0.0,0.9999999999999999
100.0,Sub-Mars,29.5,30.0,29.75,0.0,0.0,0.9999999999999999
100.0,Sub-Mars,30.0,30.5,30.25,0.0,0.0,0.9999999999999999
100.0,Sub-Mars,30.5,31.0,30.75,0.0,0.0,0.9999999999999999
100.0,Sub-Mars,31.0,31.5,31.25,0.0,0.0,0.9999999999999999
100.0,Sub-Mars,31.5,32.0,31.75,0.0,0.0,0.9999999999999999
100.0,Sub-Mars,32.0,32.5,32.25,0.0,0.0,0.9999999999999999
100.0,Sub-Mars,32.5,33.0,32.75,0.0,0.0,0.9999999999999999
100.0,Sub-Mars,33.0,33.5,33.25,0.0,0.0,0.9999999999999999
100.0,Sub-Mars,33.5,34.0,33.75,0.0,0.0,0.9999999999999999
100.0,Sub-Mars,34.0,34.5,34.25,0.0,0.0,0.9999999999999999
100.0,Sub-Mars,34.5,35.0,34.75,0.0,0.0,0.9999999999999999
100.0,Sub-Mars,35.0,35.5,35.25,0.0,0.0,0.9999999999999999
100.0,Sub-Mars,35.5,36.0,35.75,0.0,0.0,0.9999999999999999
100.0,Sub-Mars,36.0,36.5,36.25,0.0,0.0,0.9999999999999999
100.0,Sub-Mars,36.5,37.0,36.75,0.0,0.0,0.9999999999999999
100.0,Sub-Mars,37.0,37.5,37.25,0.0,0.0,0.9999999999999999
100.0,Sub-Mars,37.5,38.0,37.75,0.0,0.0,0.9999999999999999
100.0,Sub-Mars,38.0,38.5,38.25,0.0,0.0,0.9999999999999999
100.0,Sub-Mars,38.5,39.0,38.75,0.0,0.0,0.9999999999999999
100.0,Sub-Mars,39.0,39.5,39.25,0.0,0.0,0.9999999999999999
100.0,Sub-Mars,39.5,40.0,39.75,0.0,0.0,0.9999999999999999
100.0,Sub-Mars,40.0,40.5,40.25,0.0,0.0,0.9999999999999999
100.0,Sub-Mars,40.5,41.0,40.75,0.0,0.0,0.9999999999999999
100.0,Sub-Mars,41.0,41.5,41.25,0.0,0.0,0.9999999999999999
100.0,Sub-Mars,41.5,42.0,41.75,0.0,0.0,0.9999999999999999
100.0,Sub-Mars,42.0,42.5,42.25,0.0,0.0,0.9999999999999999
100.0,Sub-Mars,42.5,43.0,42.75,0.0,0.0,0.9999999999999999
100.0,Sub-Mars,43.0,43.5,43.25,0.0,0.0,0.9999999999999999
100.0,Sub-Mars,43.5,44.0,43.75,0.0,0.0,0.9999999999999999
100.0,Sub-Mars,44.0,44.5,44.25,0.0,0.0,0.9999999999999999
100.0,Sub-Mars,44.5,45.0,44.75,0.0,0.0,0.9999999999999999
100.0,Sub-Mars,45.0,45.5,45.25,0.0,0.0,0.9999999999999999
100.0,Sub-Mars,45.5,46.0,45.75,0.0,0.0,0.9999999999999999
100.0,Sub-Mars,46.0,46.5,46.25,0.0,0.0,0.9999999999999999
100.0,Sub-Mars,46.5,47.0,46.75,0.0,0.0,0.9999999999999999
100.0,Sub-Mars,47.0,47.5,47.25,0.0,0.0,0.9999999999999999
100.0,Sub-Mars,47.5,48.0,47.75,0.0,0.0,0.9999999999999999
100.0,Sub-Mars,48.0,48.5,48.25,0.0,0.0,0.9999999999999999
100.0,Sub-Mars,48.5,49.0,48.75,0.0,0.0,0.9999999999999999
100.0,Sub-Mars,49.0,49.5,49.25,0.0,0.0,0.9999999999999999
100.0,Sub-Mars,49.5,50.0,49.75,0.0,0.0,0.9999999999999999
100.0,Sub-Mars,50.0,50.5,50.25,0.0,0.0,0.9999999999999999
100.0,Sub-Mars,50.5,51.0,50.75,0.0,0.0,0.9999999999999999
100.0,Sub-Mars,51.0,51.5,51.25,0.0,0.0,0.9999999999999999
100.0,Sub-Mars,51.5,52.0,51.75,0.0,0.0,0.9999999999999999
100.0,Sub-Mars,52.0,52.5,52.25,0.0,0.0,0.9999999999999999
100.0,Sub-Mars,52.5,53.0,52.75,0.0,0.0,0.9999999999999999
100.0,Sub-Mars,53.0,53.5,53.25,0.0,0.0,0.9999999999999999
100.0,Sub-Mars,53.5,54.0,53.75,0.0,0.0,0.9999999999999999
100.0,Sub-Mars,54.0,54.5,54.25,0.0,0.0,0.9999999999999999
100.0,Sub-Mars,54.5,55.0,54.75,0.0,0.0,0.9999999999999999
100.0,Sub-Mars,55.0,55.5,55.25,0.0,0.0,0.9999999999999999
100.0,Sub-Mars,55.5,56.0,55.75,0.0,0.0,0.9999999999999999
100.0,Sub-Mars,56.0,56.5,56.25,0.0,0.0,0.9999999999999999
100.0,Sub-Mars,56.5,57.0,56.75,0.0,0.0,0.9999999999999999
100.0,Sub-Mars,57.0,57.5,57.25,0.0,0.0,0.9999999999999999
100.0,Sub-Mars,57.5,58.0,57.75,0.0,0.0,0.9999999999999999
100.0,Sub-Mars,58.0,58.5,58.25,0.0,0.0,0.9999999999999999
100.0,Sub-Mars,58.5,59.0,58.75,0.0,0.0,0.9999999999999999
100.0,Sub-Mars,59.0,59.5,59.25,0.0,0.0,0.9999999999999999
100.0,Sub-Mars,59.5,60.0,59.75,0.0,0.0,0.9999999999999999
100.0,Sub-Mars,60.0,60.5,60.25,0.0,0.0,0.9999999999999999
100.0,Sub-Mars,60.5,61.0,60.75,0.0,0.0,0.9999999999999999
100.0,Sub-Mars,61.0,61.5,61.25,0.0,0.0,0.9999999999999999
100.0,Sub-Mars,61.5,62.0,61.75,0.0,0.0,0.9999999999999999
100.0,Sub-Mars,62.0,62.5,62.25,0.0,0.0,0.9999999999999999
100.0,Sub-Mars,62.5,63.0,62.75,0.0,0.0,0.9999999999999999
100.0,Sub-Mars,63.0,63.5,63.25,0.0,0.0,0.9999999999999999
100.0,Sub-Mars,63.5,64.0,63.75,0.0,0.0,0.9999999999999999
100.0,Sub-Mars,64.0,64.5,64.25,0.0,0.0,0.9999999999999999
100.0,Sub-Mars,64.5,65.0,64.75,0.0,0.0,0.9999999999999999
100.0,Sub-Mars,65.0,65.5,65.25,0.0,0.0,0.9999999999999999
100.0,Sub-Mars,65.5,66.0,65.75,0.0,0.0,0.9999999999999999
100.0,Sub-Mars,66.0,66.5,66.25,0.0,0.0,0.9999999999999999
100.0,Sub-Mars,66.5,67.0,66.75,0.0,0.0,0.9999999999999999
100.0,Sub-Mars,67.0,67.5,67.25,0.0,0.0,0.9999999999999999
100.0,Sub-Mars,67.5,68.0,67.75,0.0,0.0,0.9999999999999999
100.0,Sub-Mars,68.0,68.5,68.25,0.0,0.0,0.9999999999999999
100.0,Sub-Mars,68.5,69.0,68.75,0.0,0.0,0.9999999999999999
100.0,Sub-Mars,69.0,69.5,69.25,0.0,0.0,0.9999999999999999
100.0,Sub-Mars,69.5,70.0,69.75,0.0,0.0,0.9999999999999999
100.0,Sub-Mars,70.0,70.5,70.25,0.0,0.0,0.9999999999999999
100.0,Sub-Mars,70.5,71.0,70.75,0.0,0.0,0.9999999999999999
100.0,Sub-Mars,71.0,71.5,71.25,0.0,0.0,0.9999999999999999
100.0,Sub-Mars,71.5,72.0,71.75,0.0,0.0,0.9999999999999999
100.0,Sub-Mars,72.0,72.5,72.25,0.0,0.0,0.9999999999999999
100.0,Sub-Mars,72.5,73.0,72.75,0.0,0.0,0.9999999999999999
100.0,Sub-Mars,73.0,73.5,73.25,0.0,0.0,0.9999999999999999
100.0,Sub-Mars,73.5,74.0,73.75,0.0,0.0,0.9999999999999999
100.0,Sub-Mars,74.0,74.5,74.25,0.0,0.0,0.9999999999999999
100.0,Sub-Mars,74.5,75.0,74.75,0.0,0.0,0.9999999999999999
100.0,Sub-Mars,75.0,75.5,75.25,0.0,0.0,0.9999999999999999
100.0,Sub-Mars,75.5,76.0,75.75,0.0,0.0,0.9999999999999999
100.0,Sub-Mars,76.0,76.5,76.25,0.0,0.0,0.9999999999999999
100.0,Sub-Mars,76.5,77.0,76.75,0.0,0.0,0.9999999999999999
100.0,Sub-Mars,77.0,77.5,77.25,0.0,0.0,0.9999999999999999
100.0,Sub-Mars,77.5,78.0,77.75,0.0,0.0,0.9999999999999999
100.0,Sub-Mars,78.0,78.5,78.25,0.0,0.0,0.9999999999999999
100.0,Sub-Mars,78.5,79.0,78.75,0.0,0.0,0.9999999999999999
100.0,Sub-Mars,79.0,79.5,79.25,0.0,0.0,0.9999999999999999
100.0,Sub-Mars,79.5,80.0,79.75,0.0,0.0,0.9999999999999999
100.0,Sub-Mars,80.0,80.5,80.25,0.0,0.0,0.9999999999999999
100.0,Sub-Mars,80.5,81.0,80.75,0.0,0.0,0.9999999999999999
100.0,Sub-Mars,81.0,81.5,81.25,0.0,0.0,0.9999999999999999
100.0,Sub-Mars,81.5,82.0,81.75,0.0,0.0,0.9999999999999999
100.0,Sub-Mars,82.0,82.5,82.25,0.0,0.0,0.9999999999999999
100.0,Sub-Mars,82.5,83.0,82.75,0.0,0.0,0.9999999999999999
100.0,Sub-Mars,83.0,83.5,83.25,0.0,0.0,0.9999999999999999
100.0,Sub-Mars,83.5,84.0,83.75,0.0,0.0,0.9999999999999999
100.0,Sub-Mars,84.0,84.5,84.25,0.0,0.0,0.9999999999999999
100.0,Sub-Mars,84.5,85.0,84.75,0.0,0.0,0.9999999999999999
100.0,Sub-Mars,85.0,85.5,85.25,0.0,0.0,0.9999999999999999
100.0,Sub-Mars,85.5,86.0,85.75,0.0,0.0,0.9999999999999999
100.0,Sub-Mars,86.0,86.5,86.25,0.0,0.0,0.9999999999999999
100.0,Sub-Mars,86.5,87.0,86.75,0.0,0.0,0.9999999999999999
100.0,Sub-Mars,87.0,87.5,87.25,0.0,0.0,0.9999999999999999
100.0,Sub-Mars,87.5,88.0,87.75,0.0,0.0,0.9999999999999999
100.0,Sub-Mars,88.0,88.5,88.25,0.0,0.0,0.9999999999999999
100.0,Sub-Mars,88.5,89.0,88.75,0.0,0.0,0.9999999999999999
100.0,Sub-Mars,89.0,89.5,89.25,0.0,0.0,0.9999999999999999
100.0,Sub-Mars,89.5,90.0,89.75,0.0,0.0,0.9999999999999999
100.0,Trailing,0.0,0.5,0.25,0.0,0.0,0.0
100.0,Trailing,0.5,1.0,0.75,0.0,0.0,0.0
100.0,Trailing,1.0,1.5,1.25,0.0,0.0,0.0
100.0,Trailing,1.5,2.0,1.75,0.0,0.0,0.0
100.0,Trailing,2.0,2.5,2.25,0.0,0.0,0.0
100.0,Trailing,2.5,3.0,2.75,0.00032787699999999996,0.0043630017452006955,0.0043630017452006955
100.0,Trailing,3.0,3.5,3.25,0.0011803572,0.015706806282722505,0.0200698080279232
100.0,Trailing,3.5,4.0,3.75,0.0026230160000000006,0.03490401396160558,0.05497382198952878
100.0,Trailing,4.0,4.5,4.25,0.004655853400000005,0.06195462478184995,0.11692844677137873
100.0,Trailing,4.5,5.0,4.75,0.007475595600000011,0.09947643979057602,0.21640488656195475
100.0,Trailing,5.0,5.5,5.25,0.005442758200000007,0.07242582897033165,0.2888307155322864
100.0,Trailing,5.5,6.0,5.75,0.003737797800000003,0.049738219895287976,0.3385689354275744
100.0,Trailing,6.0,6.5,6.25,0.003278770000000002,0.04363001745200699,0.3821989528795814
100.0,Trailing,6.5,7.0,6.75,0.004131250200000004,0.054973821989528826,0.4371727748691102
100.0,Trailing,7.0,7.5,7.25,0.004327976400000004,0.05759162303664925,0.49476439790575943
100.0,Trailing,7.5,8.0,7.75,0.0038689486000000033,0.05148342059336826,0.5462478184991277
100.0,Trailing,8.0,8.5,8.25,0.0030164684000000015,0.04013961605584642,0.5863874345549741
100.0,Trailing,8.5,9.0,8.75,0.0034754962000000025,0.04624781849912741,0.6326352530541015
100.0,Trailing,9.0,9.5,9.25,0.002819742200000001,0.037521815008726,0.6701570680628275
100.0,Trailing,9.5,10.0,9.75,0.003803373200000003,0.050610820244328114,0.7207678883071555
100.0,Trailing,10.0,10.5,10.25,0.0026885914000000007,0.035776614310645716,0.7565445026178013
100.0,Trailing,10.5,11.0,10.75,0.0026885914000000007,0.035776614310645716,0.792321116928447
100.0,Trailing,11.0,11.5,11.25,0.0023607144,0.03141361256544501,0.823734729493892
100.0,Trailing,11.5,12.0,11.75,0.0020328373999999993,0.027050610820244306,0.8507853403141363
100.0,Trailing,12.0,12.5,12.25,0.0024918652000000003,0.033158813263525294,0.8839441535776617
100.0,Trailing,12.5,13.0,12.75,0.0021639881999999996,0.02879581151832459,0.9127399650959862
100.0,Trailing,13.0,13.5,13.25,0.0013770833999999998,0.01832460732984292,0.9310645724258291
100.0,Trailing,13.5,14.0,13.75,0.002295139,0.030541012216404873,0.961605584642234
100.0,Trailing,14.0,14.5,14.25,0.0009180556000000002,0.01221640488656195,0.973821989528796
100.0,Trailing,14.5,15.0,14.75,0.0017705357999999994,0.02356020942408375,0.9973821989528797
100.0,Trailing,15.0,15.5,15.25,0.0001967262,0.0026178010471204177,1.0000000000000002
100.0,Trailing,15.5,16.0,15.75,0.0,0.0,1.0000000000000002
100.0,Trailing,16.0,16.5,16.25,0.0,0.0,1.0000000000000002
100.0,Trailing,16.5,17.0,16.75,0.0,0.0,1.0000000000000002
100.0,Trailing,17.0,17.5,17.25,0.0,0.0,1.0000000000000002
100.0,Trailing,17.5,18.0,17.75,0.0,0.0,1.0000000000000002
100.0,Trailing,18.0,18.5,18.25,0.0,0.0,1.0000000000000002
100.0,Trailing,18.5,19.0,18.75,0.0,0.0,1.0000000000000002
100.0,Trailing,19.0,19.5,19.25,0.0,0.0,1.0000000000000002
100.0,Trailing,19.5,20.0,19.75,0.0,0.0,1.0000000000000002
100.0,Trailing,20.0,20.5,20.25,0.0,0.0,1.0000000000000002
100.0,Trailing,20.5,21.0,20.75,0.0,0.0,1.0000000000000002
100.0,Trailing,21.0,21.5,21.25,0.0,0.0,1.0000000000000002
100.0,Trailing,21.5,22.0,21.75,0.0,0.0,1.0000000000000002
100.0,Trailing,22.0,22.5,22.25,0.0,0.0,1.0000000000000002
100.0,Trailing,22.5,23.0,22.75,0.0,0.0,1.0000000000000002
100.0,Trailing,23.0,23.5,23.25,0.0,0.0,1.0000000000000002
100.0,Trailing,23.5,24.0,23.75,0.0,0.0,1.0000000000000002
100.0,Trailing,24.0,24.5,24.25,0.0,0.0,1.0000000000000002
100.0,Trailing,24.5,25.0,24.75,0.0,0.0,1.0000000000000002
100.0,Trailing,25.0,25.5,25.25,0.0,0.0,1.0000000000000002
100.0,Trailing,25.5,26.0,25.75,0.0,0.0,1.0000000000000002
100.0,Trailing,26.0,26.5,26.25,0.0,0.0,1.0000000000000002
100.0,Trailing,26.5,27.0,26.75,0.0,0.0,1.0000000000000002
100.0,Trailing,27.0,27.5,27.25,0.0,0.0,1.0000000000000002
100.0,Trailing,27.5,28.0,27.75,0.0,0.0,1.0000000000000002
100.0,Trailing,28.0,28.5,28.25,0.0,0.0,1.0000000000000002
100.0,Trailing,28.5,29.0,28.75,0.0,0.0,1.0000000000000002
100.0,Trailing,29.0,29.5,29.25,0.0,0.0,1.0000000000000002
100.0,Trailing,29.5,30.0,29.75,0.0,0.0,1.0000000000000002
100.0,Trailing,30.0,30.5,30.25,0.0,0.0,1.0000000000000002
100.0,Trailing,30.5,31.0,30.75,0.0,0.0,1.0000000000000002
100.0,Trailing,31.0,31.5,31.25,0.0,0.0,1.0000000000000002
100.0,Trailing,31.5,32.0,31.75,0.0,0.0,1.0000000000000002
100.0,Trailing,32.0,32.5,32.25,0.0,0.0,1.0000000000000002
100.0,Trailing,32.5,33.0,32.75,0.0,0.0,1.0000000000000002
100.0,Trailing,33.0,33.5,33.25,0.0,0.0,1.0000000000000002
100.0,Trailing,33.5,34.0,33.75,0.0,0.0,1.0000000000000002
100.0,Trailing,34.0,34.5,34.25,0.0,0.0,1.0000000000000002
100.0,Trailing,34.5,35.0,34.75,0.0,0.0,1.0000000000000002
100.0,Trailing,35.0,35.5,35.25,0.0,0.0,1.0000000000000002
100.0,Trailing,35.5,36.0,35.75,0.0,0.0,1.0000000000000002
100.0,Trailing,36.0,36.5,36.25,0.0,0.0,1.0000000000000002
100.0,Trailing,36.5,37.0,36.75,0.0,0.0,1.0000000000000002
100.0,Trailing,37.0,37.5,37.25,0.0,0.0,1.0000000000000002
100.0,Trailing,37.5,38.0,37.75,0.0,0.0,1.0000000000000002
100.0,Trailing,38.0,38.5,38.25,0.0,0.0,1.0000000000000002
100.0,Trailing,38.5,39.0,38.75,0.0,0.0,1.0000000000000002
100.0,Trailing,39.0,39.5,39.25,0.0,0.0,1.0000000000000002
100.0,Trailing,39.5,40.0,39.75,0.0,0.0,1.0000000000000002
100.0,Trailing,40.0,40.5,40.25,0.0,0.0,1.0000000000000002
100.0,Trailing,40.5,41.0,40.75,0.0,0.0,1.0000000000000002
100.0,Trailing,41.0,41.5,41.25,0.0,0.0,1.0000000000000002
100.0,Trailing,41.5,42.0,41.75,0.0,0.0,1.0000000000000002
100.0,Trailing,42.0,42.5,42.25,0.0,0.0,1.0000000000000002
100.0,Trailing,42.5,43.0,42.75,0.0,0.0,1.0000000000000002
100.0,Trailing,43.0,43.5,43.25,0.0,0.0,1.0000000000000002
100.0,Trailing,43.5,44.0,43.75,0.0,0.0,1.0000000000000002
100.0,Trailing,44.0,44.5,44.25,0.0,0.0,1.0000000000000002
100.0,Trailing,44.5,45.0,44.75,0.0,0.0,1.0000000000000002
100.0,Trailing,45.0,45.5,45.25,0.0,0.0,1.0000000000000002
100.0,Trailing,45.5,46.0,45.75,0.0,0.0,1.0000000000000002
100.0,Trailing,46.0,46.5,46.25,0.0,0.0,1.0000000000000002
100.0,Trailing,46.5,47.0,46.75,0.0,0.0,1.0000000000000002
100.0,Trailing,47.0,47.5,47.25,0.0,0.0,1.0000000000000002
100.0,Trailing,47.5,48.0,47.75,0.0,0.0,1.0000000000000002
100.0,Trailing,48.0,48.5,48.25,0.0,0.0,1.0000000000000002
100.0,Trailing,48.5,49.0,48.75,0.0,0.0,1.0000000000000002
100.0,Trailing,49.0,49.5,49.25,0.0,0.0,1.0000000000000002
100.0,Trailing,49.5,50.0,49.75,0.0,0.0,1.0000000000000002
100.0,Trailing,50.0,50.5,50.25,0.0,0.0,1.0000000000000002
100.0,Trailing,50.5,51.0,50.75,0.0,0.0,1.0000000000000002
100.0,Trailing,51.0,51.5,51.25,0.0,0.0,1.0000000000000002
100.0,Trailing,51.5,52.0,51.75,0.0,0.0,1.0000000000000002
100.0,Trailing,52.0,52.5,52.25,0.0,0.0,1.0000000000000002
100.0,Trailing,52.5,53.0,52.75,0.0,0.0,1.0000000000000002
100.0,Trailing,53.0,53.5,53.25,0.0,0.0,1.0000000000000002
100.0,Trailing,53.5,54.0,53.75,0.0,0.0,1.0000000000000002
100.0,Trailing,54.0,54.5,54.25,0.0,0.0,1.0000000000000002
100.0,Trailing,54.5,55.0,54.75,0.0,0.0,1.0000000000000002
100.0,Trailing,55.0,55.5,55.25,0.0,0.0,1.0000000000000002
100.0,Trailing,55.5,56.0,55.75,0.0,0.0,1.0000000000000002
100.0,Trailing,56.0,56.5,56.25,0.0,0.0,1.0000000000000002
100.0,Trailing,56.5,57.0,56.75,0.0,0.0,1.0000000000000002
100.0,Trailing,57.0,57.5,57.25,0.0,0.0,1.0000000000000002
100.0,Trailing,57.5,58.0,57.75,0.0,0.0,1.0000000000000002
100.0,Trailing,58.0,58.5,58.25,0.0,0.0,1.0000000000000002
100.0,Trailing,58.5,59.0,58.75,0.0,0.0,1.0000000000000002
100.0,Trailing,59.0,59.5,59.25,0.0,0.0,1.0000000000000002
100.0,Trailing,59.5,60.0,59.75,0.0,0.0,1.0000000000000002
100.0,Trailing,60.0,60.5,60.25,0.0,0.0,1.0000000000000002
100.0,Trailing,60.5,61.0,60.75,0.0,0.0,1.0000000000000002
100.0,Trailing,61.0,61.5,61.25,0.0,0.0,1.0000000000000002
100.0,Trailing,61.5,62.0,61.75,0.0,0.0,1.0000000000000002
100.0,Trailing,62.0,62.5,62.25,0.0,0.0,1.0000000000000002
100.0,Trailing,62.5,63.0,62.75,0.0,0.0,1.0000000000000002
100.0,Trailing,63.0,63.5,63.25,0.0,0.0,1.0000000000000002
100.0,Trailing,63.5,64.0,63.75,0.0,0.0,1.0000000000000002
100.0,Trailing,64.0,64.5,64.25,0.0,0.0,1.0000000000000002
100.0,Trailing,64.5,65.0,64.75,0.0,0.0,1.0000000000000002
100.0,Trailing,65.0,65.5,65.25,0.0,0.0,1.0000000000000002
100.0,Trailing,65.5,66.0,65.75,0.0,0.0,1.0000000000000002
100.0,Trailing,66.0,66.5,66.25,0.0,0.0,1.0000000000000002
100.0,Trailing,66.5,67.0,66.75,0.0,0.0,1.0000000000000002
100.0,Trailing,67.0,67.5,67.25,0.0,0.0,1.0000000000000002
100.0,Trailing,67.5,68.0,67.75,0.0,0.0,1.0000000000000002
100.0,Trailing,68.0,68.5,68.25,0.0,0.0,1.0000000000000002
100.0,Trailing,68.5,69.0,68.75,0.0,0.0,1.0000000000000002
100.0,Trailing,69.0,69.5,69.25,0.0,0.0,1.0000000000000002
100.0,Trailing,69.5,70.0,69.75,0.0,0.0,1.0000000000000002
100.0,Trailing,70.0,70.5,70.25,0.0,0.0,1.0000000000000002
100.0,Trailing,70.5,71.0,70.75,0.0,0.0,1.0000000000000002
100.0,Trailing,71.0,71.5,71.25,0.0,0.0,1.0000000000000002
100.0,Trailing,71.5,72.0,71.75,0.0,0.0,1.0000000000000002
100.0,Trailing,72.0,72.5,72.25,0.0,0.0,1.0000000000000002
100.0,Trailing,72.5,73.0,72.75,0.0,0.0,1.0000000000000002
100.0,Trailing,73.0,73.5,73.25,0.0,0.0,1.0000000000000002
100.0,Trailing,73.5,74.0,73.75,0.0,0.0,1.0000000000000002
100.0,Trailing,74.0,74.5,74.25,0.0,0.0,1.0000000000000002
100.0,Trailing,74.5,75.0,74.75,0.0,0.0,1.0000000000000002
100.0,Trailing,75.0,75.5,75.25,0.0,0.0,1.0000000000000002
100.0,Trailing,75.5,76.0,75.75,0.0,0.0,1.0000000000000002
100.0,Trailing,76.0,76.5,76.25,0.0,0.0,1.0000000000000002
100.0,Trailing,76.5,77.0,76.75,0.0,0.0,1.0000000000000002
100.0,Trailing,77.0,77.5,77.25,0.0,0.0,1.0000000000000002
100.0,Trailing,77.5,78.0,77.75,0.0,0.0,1.0000000000000002
100.0,Trailing,78.0,78.5,78.25,0.0,0.0,1.0000000000000002
100.0,Trailing,78.5,79.0,78.75,0.0,0.0,1.0000000000000002
100.0,Trailing,79.0,79.5,79.25,0.0,0.0,1.0000000000000002
100.0,Trailing,79.5,80.0,79.75,0.0,0.0,1.0000000000000002
100.0,Trailing,80.0,80.5,80.25,0.0,0.0,1.0000000000000002
100.0,Trailing,80.5,81.0,80.75,0.0,0.0,1.0000000000000002
100.0,Trailing,81.0,81.5,81.25,0.0,0.0,1.0000000000000002
100.0,Trailing,81.5,82.0,81.75,0.0,0.0,1.0000000000000002
100.0,Trailing,82.0,82.5,82.25,0.0,0.0,1.0000000000000002
100.0,Trailing,82.5,83.0,82.75,0.0,0.0,1.0000000000000002
100.0,Trailing,83.0,83.5,83.25,0.0,0.0,1.0000000000000002
100.0,Trailing,83.5,84.0,83.75,0.0,0.0,1.0000000000000002
100.0,Trailing,84.0,84.5,84.25,0.0,0.0,1.0000000000000002
100.0,Trailing,84.5,85.0,84.75,0.0,0.0,1.0000000000000002
100.0,Trailing,85.0,85.5,85.25,0.0,0.0,1.0000000000000002
100.0,Trailing,85.5,86.0,85.75,0.0,0.0,1.0000000000000002
100.0,Trailing,86.0,86.5,86.25,0.0,0.0,1.0000000000000002
100.0,Trailing,86.5,87.0,86.75,0.0,0.0,1.0000000000000002
100.0,Trailing,87.0,87.5,87.25,0.0,0.0,1.0000000000000002
100.0,Trailing,87.5,88.0,87.75,0.0,0.0,1.0000000000000002
100.0,Trailing,88.0,88.5,88.25,0.0,0.0,1.0000000000000002
100.0,Trailing,88.5,89.0,88.75,0.0,0.0,1.0000000000000002
100.0,Trailing,89.0,89.5,89.25,0.0,0.0,1.0000000000000002
100.0,Trailing,89.5,90.0,89.75,0.0,0.0,1.0000000000000002
100.0,Anti-Mars,0.0,0.5,0.25,0.0,0.0,0.0
100.0,Anti-Mars,0.5,1.0,0.75,0.0,0.0,0.0
100.0,Anti-Mars,1.0,1.5,1.25,0.0,0.0,0.0
100.0,Anti-Mars,1.5,2.0,1.75,0.0,0.0,0.0
100.0,Anti-Mars,2.0,2.5,2.25,0.0,0.0,0.0
100.0,Anti-Mars,2.5,3.0,2.75,0.0,0.0,0.0
100.0,Anti-Mars,3.0,3.5,3.25,0.0,0.0,0.0
100.0,Anti-Mars,3.5,4.0,3.75,0.0,0.0,0.0
100.0,Anti-Mars,4.0,4.5,4.25,0.0,0.0,0.0
100.0,Anti-Mars,4.5,5.0,4.75,0.0,0.0,0.0
100.0,Anti-Mars,5.0,5.5,5.25,0.0005901786,0.006939090208172696,0.006939090208172696
100.0,Anti-Mars,5.5,6.0,5.75,0.008393651200000012,0.09868928296067848,0.10562837316885118
100.0,Anti-Mars,6.0,6.5,6.25,0.010754365600000017,0.12644564379336934,0.23207401696222052
100.0,Anti-Mars,6.5,7.0,6.75,0.010033036200000015,0.11796453353893602,0.3500385505011565
100.0,Anti-Mars,7.0,7.5,7.25,0.01167242120000002,0.13723978411719356,0.4872783346183501
100.0,Anti-Mars,7.5,8.0,7.75,0.014557738800000027,0.17116422513492682,0.6584425597532769
100.0,Anti-Mars,8.0,8.5,8.25,0.010033036200000017,0.11796453353893603,0.7764070932922129
100.0,Anti-Mars,8.5,9.0,8.75,0.006491964600000009,0.07632999228989977,0.8527370855821127
100.0,Anti-Mars,9.0,9.5,9.25,0.005639484400000007,0.06630686198920585,0.9190439475713186
100.0,Anti-Mars,9.5,10.0,9.75,0.002819742200000001,0.0331534309946029,0.9521973785659215
100.0,Anti-Mars,10.0,10.5,10.25,0.0013115079999999999,0.01542020046260599,0.9676175790285274
100.0,Anti-Mars,10.5,11.0,10.75,0.0012459326,0.014649190439475691,0.9822667694680031
100.0,Anti-Mars,11.0,11.5,11.25,0.0011147818,0.013107170393215094,0.9953739398612181
100.0,Anti-Mars,11.5,12.0,11.75,0.00039345239999999995,0.004626060138781797,0.9999999999999999
100.0,Anti-Mars,12.0,12.5,12.25,0.0,0.0,0.9999999999999999
100.0,Anti-Mars,12.5,13.0,12.75,0.0,0.0,0.9999999999999999
100.0,Anti-Mars,13.0,13.5,13.25,0.0,0.0,0.9999999999999999
100.0,Anti-Mars,13.5,14.0,13.75,0.0,0.0,0.9999999999999999
100.0,Anti-Mars,14.0,14.5,14.25,0.0,0.0,0.9999999999999999
100.0,Anti-Mars,14.5,15.0,14.75,0.0,0.0,0.9999999999999999
100.0,Anti-Mars,15.0,15.5,15.25,0.0,0.0,0.9999999999999999
100.0,Anti-Mars,15.5,16.0,15.75,0.0,0.0,0.9999999999999999
100.0,Anti-Mars,16.0,16.5,16.25,0.0,0.0,0.9999999999999999
100.0,Anti-Mars,16.5,17.0,16.75,0.0,0.0,0.9999999999999999
100.0,Anti-Mars,17.0,17.5,17.25,0.0,0.0,0.9999999999999999
100.0,Anti-Mars,17.5,18.0,17.75,0.0,0.0,0.9999999999999999
100.0,Anti-Mars,18.0,18.5,18.25,0.0,0.0,0.9999999999999999
100.0,Anti-Mars,18.5,19.0,18.75,0.0,0.0,0.9999999999999999
100.0,Anti-Mars,19.0,19.5,19.25,0.0,0.0,0.9999999999999999
100.0,Anti-Mars,19.5,20.0,19.75,0.0,0.0,0.9999999999999999
100.0,Anti-Mars,20.0,20.5,20.25,0.0,0.0,0.9999999999999999
100.0,Anti-Mars,20.5,21.0,20.75,0.0,0.0,0.9999999999999999
100.0,Anti-Mars,21.0,21.5,21.25,0.0,0.0,0.9999999999999999
100.0,Anti-Mars,21.5,22.0,21.75,0.0,0.0,0.9999999999999999
100.0,Anti-Mars,22.0,22.5,22.25,0.0,0.0,0.9999999999999999
100.0,Anti-Mars,22.5,23.0,22.75,0.0,0.0,0.9999999999999999
100.0,Anti-Mars,23.0,23.5,23.25,0.0,0.0,0.9999999999999999
100.0,Anti-Mars,23.5,24.0,23.75,0.0,0.0,0.9999999999999999
100.0,Anti-Mars,24.0,24.5,24.25,0.0,0.0,0.9999999999999999
100.0,Anti-Mars,24.5,25.0,24.75,0.0,0.0,0.9999999999999999
100.0,Anti-Mars,25.0,25.5,25.25,0.0,0.0,0.9999999999999999
100.0,Anti-Mars,25.5,26.0,25.75,0.0,0.0,0.9999999999999999
100.0,Anti-Mars,26.0,26.5,26.25,0.0,0.0,0.9999999999999999
100.0,Anti-Mars,26.5,27.0,26.75,0.0,0.0,0.9999999999999999
100.0,Anti-Mars,27.0,27.5,27.25,0.0,0.0,0.9999999999999999
100.0,Anti-Mars,27.5,28.0,27.75,0.0,0.0,0.9999999999999999
100.0,Anti-Mars,28.0,28.5,28.25,0.0,0.0,0.9999999999999999
100.0,Anti-Mars,28.5,29.0,28.75,0.0,0.0,0.9999999999999999
100.0,Anti-Mars,29.0,29.5,29.25,0.0,0.0,0.9999999999999999
100.0,Anti-Mars,29.5,30.0,29.75,0.0,0.0,0.9999999999999999
100.0,Anti-Mars,30.0,30.5,30.25,0.0,0.0,0.9999999999999999
100.0,Anti-Mars,30.5,31.0,30.75,0.0,0.0,0.9999999999999999
100.0,Anti-Mars,31.0,31.5,31.25,0.0,0.0,0.9999999999999999
100.0,Anti-Mars,31.5,32.0,31.75,0.0,0.0,0.9999999999999999
100.0,Anti-Mars,32.0,32.5,32.25,0.0,0.0,0.9999999999999999
100.0,Anti-Mars,32.5,33.0,32.75,0.0,0.0,0.9999999999999999
100.0,Anti-Mars,33.0,33.5,33.25,0.0,0.0,0.9999999999999999
100.0,Anti-Mars,33.5,34.0,33.75,0.0,0.0,0.9999999999999999
100.0,Anti-Mars,34.0,34.5,34.25,0.0,0.0,0.9999999999999999
100.0,Anti-Mars,34.5,35.0,34.75,0.0,0.0,0.9999999999999999
100.0,Anti-Mars,35.0,35.5,35.25,0.0,0.0,0.9999999999999999
100.0,Anti-Mars,35.5,36.0,35.75,0.0,0.0,0.9999999999999999
100.0,Anti-Mars,36.0,36.5,36.25,0.0,0.0,0.9999999999999999
100.0,Anti-Mars,36.5,37.0,36.75,0.0,0.0,0.9999999999999999
100.0,Anti-Mars,37.0,37.5,37.25,0.0,0.0,0.9999999999999999
100.0,Anti-Mars,37.5,38.0,37.75,0.0,0.0,0.9999999999999999
100.0,Anti-Mars,38.0,38.5,38.25,0.0,0.0,0.9999999999999999
100.0,Anti-Mars,38.5,39.0,38.75,0.0,0.0,0.9999999999999999
100.0,Anti-Mars,39.0,39.5,39.25,0.0,0.0,0.9999999999999999
100.0,Anti-Mars,39.5,40.0,39.75,0.0,0.0,0.9999999999999999
100.0,Anti-Mars,40.0,40.5,40.25,0.0,0.0,0.9999999999999999
100.0,Anti-Mars,40.5,41.0,40.75,0.0,0.0,0.9999999999999999
100.0,Anti-Mars,41.0,41.5,41.25,0.0,0.0,0.9999999999999999
100.0,Anti-Mars,41.5,42.0,41.75,0.0,0.0,0.9999999999999999
100.0,Anti-Mars,42.0,42.5,42.25,0.0,0.0,0.9999999999999999
100.0,Anti-Mars,42.5,43.0,42.75,0.0,0.0,0.9999999999999999
100.0,Anti-Mars,43.0,43.5,43.25,0.0,0.0,0.9999999999999999
100.0,Anti-Mars,43.5,44.0,43.75,0.0,0.0,0.9999999999999999
100.0,Anti-Mars,44.0,44.5,44.25,0.0,0.0,0.9999999999999999
100.0,Anti-Mars,44.5,45.0,44.75,0.0,0.0,0.9999999999999999
100.0,Anti-Mars,45.0,45.5,45.25,0.0,0.0,0.9999999999999999
100.0,Anti-Mars,45.5,46.0,45.75,0.0,0.0,0.9999999999999999
100.0,Anti-Mars,46.0,46.5,46.25,0.0,0.0,0.9999999999999999
100.0,Anti-Mars,46.5,47.0,46.75,0.0,0.0,0.9999999999999999
100.0,Anti-Mars,47.0,47.5,47.25,0.0,0.0,0.9999999999999999
100.0,Anti-Mars,47.5,48.0,47.75,0.0,0.0,0.9999999999999999
100.0,Anti-Mars,48.0,48.5,48.25,0.0,0.0,0.9999999999999999
100.0,Anti-Mars,48.5,49.0,48.75,0.0,0.0,0.9999999999999999
100.0,Anti-Mars,49.0,49.5,49.25,0.0,0.0,0.9999999999999999
100.0,Anti-Mars,49.5,50.0,49.75,0.0,0.0,0.9999999999999999
100.0,Anti-Mars,50.0,50.5,50.25,0.0,0.0,0.9999999999999999
100.0,Anti-Mars,50.5,51.0,50.75,0.0,0.0,0.9999999999999999
100.0,Anti-Mars,51.0,51.5,51.25,0.0,0.0,0.9999999999999999
100.0,Anti-Mars,51.5,52.0,51.75,0.0,0.0,0.9999999999999999
100.0,Anti-Mars,52.0,52.5,52.25,0.0,0.0,0.9999999999999999
100.0,Anti-Mars,52.5,53.0,52.75,0.0,0.0,0.9999999999999999
100.0,Anti-Mars,53.0,53.5,53.25,0.0,0.0,0.9999999999999999
100.0,Anti-Mars,53.5,54.0,53.75,0.0,0.0,0.9999999999999999
100.0,Anti-Mars,54.0,54.5,54.25,0.0,0.0,0.9999999999999999
100.0,Anti-Mars,54.5,55.0,54.75,0.0,0.0,0.9999999999999999
100.0,Anti-Mars,55.0,55.5,55.25,0.0,0.0,0.9999999999999999
100.0,Anti-Mars,55.5,56.0,55.75,0.0,0.0,0.9999999999999999
100.0,Anti-Mars,56.0,56.5,56.25,0.0,0.0,0.9999999999999999
100.0,Anti-Mars,56.5,57.0,56.75,0.0,0.0,0.9999999999999999
100.0,Anti-Mars,57.0,57.5,57.25,0.0,0.0,0.9999999999999999
100.0,Anti-Mars,57.5,58.0,57.75,0.0,0.0,0.9999999999999999
100.0,Anti-Mars,58.0,58.5,58.25,0.0,0.0,0.9999999999999999
100.0,Anti-Mars,58.5,59.0,58.75,0.0,0.0,0.9999999999999999
100.0,Anti-Mars,59.0,59.5,59.25,0.0,0.0,0.9999999999999999
100.0,Anti-Mars,59.5,60.0,59.75,0.0,0.0,0.9999999999999999
100.0,Anti-Mars,60.0,60.5,60.25,0.0,0.0,0.9999999999999999
100.0,Anti-Mars,60.5,61.0,60.75,0.0,0.0,0.9999999999999999
100.0,Anti-Mars,61.0,61.5,61.25,0.0,0.0,0.9999999999999999
100.0,Anti-Mars,61.5,62.0,61.75,0.0,0.0,0.9999999999999999
100.0,Anti-Mars,62.0,62.5,62.25,0.0,0.0,0.9999999999999999
100.0,Anti-Mars,62.5,63.0,62.75,0.0,0.0,0.9999999999999999
100.0,Anti-Mars,63.0,63.5,63.25,0.0,0.0,0.9999999999999999
100.0,Anti-Mars,63.5,64.0,63.75,0.0,0.0,0.9999999999999999
100.0,Anti-Mars,64.0,64.5,64.25,0.0,0.0,0.9999999999999999
100.0,Anti-Mars,64.5,65.0,64.75,0.0,0.0,0.9999999999999999
100.0,Anti-Mars,65.0,65.5,65.25,0.0,0.0,0.9999999999999999
100.0,Anti-Mars,65.5,66.0,65.75,0.0,0.0,0.9999999999999999
100.0,Anti-Mars,66.0,66.5,66.25,0.0,0.0,0.9999999999999999
100.0,Anti-Mars,66.5,67.0,66.75,0.0,0.0,0.9999999999999999
100.0,Anti-Mars,67.0,67.5,67.25,0.0,0.0,0.9999999999999999
100.0,Anti-Mars,67.5,68.0,67.75,0.0,0.0,0.9999999999999999
100.0,Anti-Mars,68.0,68.5,68.25,0.0,0.0,0.9999999999999999
100.0,Anti-Mars,68.5,69.0,68.75,0.0,0.0,0.9999999999999999
100.0,Anti-Mars,69.0,69.5,69.25,0.0,0.0,0.9999999999999999
100.0,Anti-Mars,69.5,70.0,69.75,0.0,0.0,0.9999999999999999
100.0,Anti-Mars,70.0,70.5,70.25,0.0,0.0,0.9999999999999999
100.0,Anti-Mars,70.5,71.0,70.75,0.0,0.0,0.9999999999999999
100.0,Anti-Mars,71.0,71.5,71.25,0.0,0.0,0.9999999999999999
100.0,Anti-Mars,71.5,72.0,71.75,0.0,0.0,0.9999999999999999
100.0,Anti-Mars,72.0,72.5,72.25,0.0,0.0,0.9999999999999999
100.0,Anti-Mars,72.5,73.0,72.75,0.0,0.0,0.9999999999999999
100.0,Anti-Mars,73.0,73.5,73.25,0.0,0.0,0.9999999999999999
100.0,Anti-Mars,73.5,74.0,73.75,0.0,0.0,0.9999999999999999
100.0,Anti-Mars,74.0,74.5,74.25,0.0,0.0,0.9999999999999999
100.0,Anti-Mars,74.5,75.0,74.75,0.0,0.0,0.9999999999999999
100.0,Anti-Mars,75.0,75.5,75.25,0.0,0.0,0.9999999999999999
100.0,Anti-Mars,75.5,76.0,75.75,0.0,0.0,0.9999999999999999
100.0,Anti-Mars,76.0,76.5,76.25,0.0,0.0,0.9999999999999999
100.0,Anti-Mars,76.5,77.0,76.75,0.0,0.0,0.9999999999999999
100.0,Anti-Mars,77.0,77.5,77.25,0.0,0.0,0.9999999999999999
100.0,Anti-Mars,77.5,78.0,77.75,0.0,0.0,0.9999999999999999
100.0,Anti-Mars,78.0,78.5,78.25,0.0,0.0,0.9999999999999999
100.0,Anti-Mars,78.5,79.0,78.75,0.0,0.0,0.9999999999999999
100.0,Anti-Mars,79.0,79.5,79.25,0.0,0.0,0.9999999999999999
100.0,Anti-Mars,79.5,80.0,79.75,0.0,0.0,0.9999999999999999
100.0,Anti-Mars,80.0,80.5,80.25,0.0,0.0,0.9999999999999999
100.0,Anti-Mars,80.5,81.0,80.75,0.0,0.0,0.9999999999999999
100.0,Anti-Mars,81.0,81.5,81.25,0.0,0.0,0.9999999999999999
100.0,Anti-Mars,81.5,82.0,81.75,0.0,0.0,0.9999999999999999
100.0,Anti-Mars,82.0,82.5,82.25,0.0,0.0,0.9999999999999999
100.0,Anti-Mars,82.5,83.0,82.75,0.0,0.0,0.9999999999999999
100.0,Anti-Mars,83.0,83.5,83.25,0.0,0.0,0.9999999999999999
100.0,Anti-Mars,83.5,84.0,83.75,0.0,0.0,0.9999999999999999
100.0,Anti-Mars,84.0,84.5,84.25,0.0,0.0,0.9999999999999999
100.0,Anti-Mars,84.5,85.0,84.75,0.0,0.0,0.9999999999999999
100.0,Anti-Mars,85.0,85.5,85.25,0.0,0.0,0.9999999999999999
100.0,Anti-Mars,85.5,86.0,85.75,0.0,0.0,0.9999999999999999
100.0,Anti-Mars,86.0,86.5,86.25,0.0,0.0,0.9999999999999999
100.0,Anti-Mars,86.5,87.0,86.75,0.0,0.0,0.9999999999999999
100.0,Anti-Mars,87.0,87.5,87.25,0.0,0.0,0.9999999999999999
100.0,Anti-Mars,87.5,88.0,87.75,0.0,0.0,0.9999999999999999
100.0,Anti-Mars,88.0,88.5,88.25,0.0,0.0,0.9999999999999999
100.0,Anti-Mars,88.5,89.0,88.75,0.0,0.0,0.9999999999999999
100.0,Anti-Mars,89.0,89.5,89.25,0.0,0.0,0.9999999999999999
100.0,Anti-Mars,89.5,90.0,89.75,0.0,0.0,0.9999999999999999
125.0,Leading,0.0,0.5,0.25,0.0,0.0,0.0
125.0,Leading,0.5,1.0,0.75,0.000262196,0.004264392324093819,0.004264392324093819
125.0,Leading,1.0,1.5,1.25,0.00032774500000000005,0.005330490405117274,0.009594882729211093
125.0,Leading,1.5,2.0,1.75,0.0004588430000000001,0.007462686567164185,0.01705756929637528
125.0,Leading,2.0,2.5,2.25,0.000131098,0.0021321961620469096,0.01918976545842219
125.0,Leading,2.5,3.0,2.75,0.0003932940000000001,0.006396588486140729,0.02558635394456292
125.0,Leading,3.0,3.5,3.25,0.0003932940000000001,0.006396588486140729,0.03198294243070365
125.0,Leading,3.5,4.0,3.75,0.0003932940000000001,0.006396588486140729,0.03837953091684437
125.0,Leading,4.0,4.5,4.25,0.0006554900000000002,0.01066098081023455,0.04904051172707892
125.0,Leading,4.5,5.0,4.75,0.0004588430000000001,0.007462686567164185,0.05650319829424311
125.0,Leading,5.0,5.5,5.25,0.0004588430000000001,0.007462686567164185,0.0639658848614073
125.0,Leading,5.5,6.0,5.75,0.00032774500000000005,0.005330490405117274,0.06929637526652457
125.0,Leading,6.0,6.5,6.25,0.0005243920000000002,0.00852878464818764,0.07782515991471221
125.0,Leading,6.5,7.0,6.75,0.0005243920000000002,0.00852878464818764,0.08635394456289985
125.0,Leading,7.0,7.5,7.25,0.0011143330000000003,0.018123667377398737,0.10447761194029859
125.0,Leading,7.5,8.0,7.75,0.0012454310000000004,0.020255863539445647,0.12473347547974423
125.0,Leading,8.0,8.5,8.25,0.0016387250000000006,0.026652452025586377,0.15138592750533061
125.0,Leading,8.5,9.0,8.75,0.0015076270000000005,0.024520255863539467,0.1759061833688701
125.0,Leading,9.0,9.5,9.25,0.0013765290000000005,0.022388059701492557,0.19829424307036264
125.0,Leading,9.5,10.0,9.75,0.0020320190000000004,0.0330490405117271,0.23134328358208975
125.0,Leading,10.0,10.5,10.25,0.003539645999999996,0.05756929637526649,0.28891257995735625
125.0,Leading,10.5,11.0,10.75,0.0038018419999999954,0.0618336886993603,0.35074626865671654
125.0,Leading,11.0,11.5,11.25,0.0037362929999999956,0.06076759061833684,0.4115138592750534
125.0,Leading,11.5,12.0,11.75,0.003932939999999995,0.0639658848614072,0.4754797441364606
125.0,Leading,12.0,12.5,12.25,0.003539645999999996,0.05756929637526649,0.5330490405117271
125.0,Leading,12.5,13.0,12.75,0.0034085479999999965,0.055437100213219584,0.5884861407249466
125.0,Leading,13.0,13.5,13.25,0.004522880999999993,0.07356076759061826,0.6620469083155649
125.0,Leading,13.5,14.0,13.75,0.0027530579999999983,0.04477611940298507,0.70682302771855
125.0,Leading,14.0,14.5,14.25,0.0023597639999999994,0.03837953091684436,0.7452025586353943
125.0,Leading,14.5,15.0,14.75,0.0026875089999999985,0.04371002132196162,0.788912579957356
125.0,Leading,15.0,15.5,15.25,0.003539645999999996,0.05756929637526649,0.8464818763326225
125.0,Leading,15.5,16.0,15.75,0.00032774500000000005,0.005330490405117274,0.8518123667377397
125.0,Leading,16.0,16.5,16.25,0.00032774500000000005,0.005330490405117274,0.857142857142857
125.0,Leading,16.5,17.0,16.75,6.5549e-05,0.0010660980810234548,0.8582089552238804
125.0,Leading,17.0,17.5,17.25,0.00032774500000000005,0.005330490405117274,0.8635394456289976
125.0,Leading,17.5,18.0,17.75,0.0003932940000000001,0.006396588486140729,0.8699360341151384
125.0,Leading,18.0,18.5,18.25,0.000131098,0.0021321961620469096,0.8720682302771854
125.0,Leading,18.5,19.0,18.75,0.0005243920000000002,0.00852878464818764,0.880597014925373
125.0,Leading,19.0,19.5,19.25,0.000262196,0.004264392324093819,0.8848614072494668
125.0,Leading,19.5,20.0,19.75,0.0003932940000000001,0.006396588486140729,0.8912579957356076
125.0,Leading,20.0,20.5,20.25,0.0004588430000000001,0.007462686567164185,0.8987206823027718
125.0,Leading,20.5,21.0,20.75,0.0003932940000000001,0.006396588486140729,0.9051172707889126
125.0,Leading,21.0,21.5,21.25,0.000262196,0.004264392324093819,0.9093816631130064
125.0,Leading,21.5,22.0,21.75,0.0007210390000000003,0.011727078891258005,0.9211087420042644
125.0,Leading,22.0,22.5,22.25,0.0008521370000000003,0.013859275053304917,0.9349680170575693
125.0,Leading,22.5,23.0,22.75,0.0006554900000000002,0.01066098081023455,0.9456289978678039
125.0,Leading,23.0,23.5,23.25,0.0005243920000000002,0.00852878464818764,0.9541577825159915
125.0,Leading,23.5,24.0,23.75,0.0005243920000000002,0.00852878464818764,0.9626865671641791
125.0,Leading,24.0,24.5,24.25,0.0007210390000000003,0.011727078891258005,0.9744136460554371
125.0,Leading,24.5,25.0,24.75,0.0006554900000000002,0.01066098081023455,0.9850746268656717
125.0,Leading,25.0,25.5,25.25,0.0005899410000000002,0.009594882729211095,0.9946695095948828
125.0,Leading,25.5,26.0,25.75,0.00032774500000000005,0.005330490405117274,1.0
125.0,Leading,26.0,26.5,26.25,0.0,0.0,1.0
125.0,Leading,26.5,27.0,26.75,0.0,0.0,1.0
125.0,Leading,27.0,27.5,27.25,0.0,0.0,1.0
125.0,Leading,27.5,28.0,27.75,0.0,0.0,1.0
125.0,Leading,28.0,28.5,28.25,0.0,0.0,1.0
125.0,Leading,28.5,29.0,28.75,0.0,0.0,1.0
125.0,Leading,29.0,29.5,29.25,0.0,0.0,1.0
125.0,Leading,29.5,30.0,29.75,0.0,0.0,1.0
125.0,Leading,30.0,30.5,30.25,0.0,0.0,1.0
125.0,Leading,30.5,31.0,30.75,0.0,0.0,1.0
125.0,Leading,31.0,31.5,31.25,0.0,0.0,1.0
125.0,Leading,31.5,32.0,31.75,0.0,0.0,1.0
125.0,Leading,32.0,32.5,32.25,0.0,0.0,1.0
125.0,Leading,32.5,33.0,32.75,0.0,0.0,1.0
125.0,Leading,33.0,33.5,33.25,0.0,0.0,1.0
125.0,Leading,33.5,34.0,33.75,0.0,0.0,1.0
125.0,Leading,34.0,34.5,34.25,0.0,0.0,1.0
125.0,Leading,34.5,35.0,34.75,0.0,0.0,1.0
125.0,Leading,35.0,35.5,35.25,0.0,0.0,1.0
125.0,Leading,35.5,36.0,35.75,0.0,0.0,1.0
125.0,Leading,36.0,36.5,36.25,0.0,0.0,1.0
125.0,Leading,36.5,37.0,36.75,0.0,0.0,1.0
125.0,Leading,37.0,37.5,37.25,0.0,0.0,1.0
125.0,Leading,37.5,38.0,37.75,0.0,0.0,1.0
125.0,Leading,38.0,38.5,38.25,0.0,0.0,1.0
125.0,Leading,38.5,39.0,38.75,0.0,0.0,1.0
125.0,Leading,39.0,39.5,39.25,0.0,0.0,1.0
125.0,Leading,39.5,40.0,39.75,0.0,0.0,1.0
125.0,Leading,40.0,40.5,40.25,0.0,0.0,1.0
125.0,Leading,40.5,41.0,40.75,0.0,0.0,1.0
125.0,Leading,41.0,41.5,41.25,0.0,0.0,1.0
125.0,Leading,41.5,42.0,41.75,0.0,0.0,1.0
125.0,Leading,42.0,42.5,42.25,0.0,0.0,1.0
125.0,Leading,42.5,43.0,42.75,0.0,0.0,1.0
125.0,Leading,43.0,43.5,43.25,0.0,0.0,1.0
125.0,Leading,43.5,44.0,43.75,0.0,0.0,1.0
125.0,Leading,44.0,44.5,44.25,0.0,0.0,1.0
125.0,Leading,44.5,45.0,44.75,0.0,0.0,1.0
125.0,Leading,45.0,45.5,45.25,0.0,0.0,1.0
125.0,Leading,45.5,46.0,45.75,0.0,0.0,1.0
125.0,Leading,46.0,46.5,46.25,0.0,0.0,1.0
125.0,Leading,46.5,47.0,46.75,0.0,0.0,1.0
125.0,Leading,47.0,47.5,47.25,0.0,0.0,1.0
125.0,Leading,47.5,48.0,47.75,0.0,0.0,1.0
125.0,Leading,48.0,48.5,48.25,0.0,0.0,1.0
125.0,Leading,48.5,49.0,48.75,0.0,0.0,1.0
125.0,Leading,49.0,49.5,49.25,0.0,0.0,1.0
125.0,Leading,49.5,50.0,49.75,0.0,0.0,1.0
125.0,Leading,50.0,50.5,50.25,0.0,0.0,1.0
125.0,Leading,50.5,51.0,50.75,0.0,0.0,1.0
125.0,Leading,51.0,51.5,51.25,0.0,0.0,1.0
125.0,Leading,51.5,52.0,51.75,0.0,0.0,1.0
125.0,Leading,52.0,52.5,52.25,0.0,0.0,1.0
125.0,Leading,52.5,53.0,52.75,0.0,0.0,1.0
125.0,Leading,53.0,53.5,53.25,0.0,0.0,1.0
125.0,Leading,53.5,54.0,53.75,0.0,0.0,1.0
125.0,Leading,54.0,54.5,54.25,0.0,0.0,1.0
125.0,Leading,54.5,55.0,54.75,0.0,0.0,1.0
125.0,Leading,55.0,55.5,55.25,0.0,0.0,1.0
125.0,Leading,55.5,56.0,55.75,0.0,0.0,1.0
125.0,Leading,56.0,56.5,56.25,0.0,0.0,1.0
125.0,Leading,56.5,57.0,56.75,0.0,0.0,1.0
125.0,Leading,57.0,57.5,57.25,0.0,0.0,1.0
125.0,Leading,57.5,58.0,57.75,0.0,0.0,1.0
125.0,Leading,58.0,58.5,58.25,0.0,0.0,1.0
125.0,Leading,58.5,59.0,58.75,0.0,0.0,1.0
125.0,Leading,59.0,59.5,59.25,0.0,0.0,1.0
125.0,Leading,59.5,60.0,59.75,0.0,0.0,1.0
125.0,Leading,60.0,60.5,60.25,0.0,0.0,1.0
125.0,Leading,60.5,61.0,60.75,0.0,0.0,1.0
125.0,Leading,61.0,61.5,61.25,0.0,0.0,1.0
125.0,Leading,61.5,62.0,61.75,0.0,0.0,1.0
125.0,Leading,62.0,62.5,62.25,0.0,0.0,1.0
125.0,Leading,62.5,63.0,62.75,0.0,0.0,1.0
125.0,Leading,63.0,63.5,63.25,0.0,0.0,1.0
125.0,Leading,63.5,64.0,63.75,0.0,0.0,1.0
125.0,Leading,64.0,64.5,64.25,0.0,0.0,1.0
125.0,Leading,64.5,65.0,64.75,0.0,0.0,1.0
125.0,Leading,65.0,65.5,65.25,0.0,0.0,1.0
125.0,Leading,65.5,66.0,65.75,0.0,0.0,1.0
125.0,Leading,66.0,66.5,66.25,0.0,0.0,1.0
125.0,Leading,66.5,67.0,66.75,0.0,0.0,1.0
125.0,Leading,67.0,67.5,67.25,0.0,0.0,1.0
125.0,Leading,67.5,68.0,67.75,0.0,0.0,1.0
125.0,Leading,68.0,68.5,68.25,0.0,0.0,1.0
125.0,Leading,68.5,69.0,68.75,0.0,0.0,1.0
125.0,Leading,69.0,69.5,69.25,0.0,0.0,1.0
125.0,Leading,69.5,70.0,69.75,0.0,0.0,1.0
125.0,Leading,70.0,70.5,70.25,0.0,0.0,1.0
125.0,Leading,70.5,71.0,70.75,0.0,0.0,1.0
125.0,Leading,71.0,71.5,71.25,0.0,0.0,1.0
125.0,Leading,71.5,72.0,71.75,0.0,0.0,1.0
125.0,Leading,72.0,72.5,72.25,0.0,0.0,1.0
125.0,Leading,72.5,73.0,72.75,0.0,0.0,1.0
125.0,Leading,73.0,73.5,73.25,0.0,0.0,1.0
125.0,Leading,73.5,74.0,73.75,0.0,0.0,1.0
125.0,Leading,74.0,74.5,74.25,0.0,0.0,1.0
125.0,Leading,74.5,75.0,74.75,0.0,0.0,1.0
125.0,Leading,75.0,75.5,75.25,0.0,0.0,1.0
125.0,Leading,75.5,76.0,75.75,0.0,0.0,1.0
125.0,Leading,76.0,76.5,76.25,0.0,0.0,1.0
125.0,Leading,76.5,77.0,76.75,0.0,0.0,1.0
125.0,Leading,77.0,77.5,77.25,0.0,0.0,1.0
125.0,Leading,77.5,78.0,77.75,0.0,0.0,1.0
125.0,Leading,78.0,78.5,78.25,0.0,0.0,1.0
125.0,Leading,78.5,79.0,78.75,0.0,0.0,1.0
125.0,Leading,79.0,79.5,79.25,0.0,0.0,1.0
125.0,Leading,79.5,80.0,79.75,0.0,0.0,1.0
125.0,Leading,80.0,80.5,80.25,0.0,0.0,1.0
125.0,Leading,80.5,81.0,80.75,0.0,0.0,1.0
125.0,Leading,81.0,81.5,81.25,0.0,0.0,1.0
125.0,Leading,81.5,82.0,81.75,0.0,0.0,1.0
125.0,Leading,82.0,82.5,82.25,0.0,0.0,1.0
125.0,Leading,82.5,83.0,82.75,0.0,0.0,1.0
125.0,Leading,83.0,83.5,83.25,0.0,0.0,1.0
125.0,Leading,83.5,84.0,83.75,0.0,0.0,1.0
125.0,Leading,84.0,84.5,84.25,0.0,0.0,1.0
125.0,Leading,84.5,85.0,84.75,0.0,0.0,1.0
125.0,Leading,85.0,85.5,85.25,0.0,0.0,1.0
125.0,Leading,85.5,86.0,85.75,0.0,0.0,1.0
125.0,Leading,86.0,86.5,86.25,0.0,0.0,1.0
125.0,Leading,86.5,87.0,86.75,0.0,0.0,1.0
125.0,Leading,87.0,87.5,87.25,0.0,0.0,1.0
125.0,Leading,87.5,88.0,87.75,0.0,0.0,1.0
125.0,Leading,88.0,88.5,88.25,0.0,0.0,1.0
125.0,Leading,88.5,89.0,88.75,0.0,0.0,1.0
125.0,Leading,89.0,89.5,89.25,0.0,0.0,1.0
125.0,Leading,89.5,90.0,89.75,0.0,0.0,1.0
125.0,Sub-Mars,0.0,0.5,0.25,0.000131098,0.0017482517482517491,0.0017482517482517491
125.0,Sub-Mars,0.5,1.0,0.75,0.00032774500000000005,0.0043706293706293736,0.0061188811188811225
125.0,Sub-Mars,1.0,1.5,1.25,0.0009176860000000003,0.012237762237762247,0.01835664335664337
125.0,Sub-Mars,1.5,2.0,1.75,0.002097568,0.027972027972027986,0.046328671328671356
125.0,Sub-Mars,2.0,2.5,2.25,0.0020320190000000004,0.027097902097902114,0.07342657342657347
125.0,Sub-Mars,2.5,3.0,2.75,0.0015731760000000006,0.020979020979020994,0.09440559440559446
125.0,Sub-Mars,3.0,3.5,3.25,0.0017042740000000006,0.022727272727272745,0.1171328671328672
125.0,Sub-Mars,3.5,4.0,3.75,0.002163117,0.028846153846153858,0.14597902097902107
125.0,Sub-Mars,4.0,4.5,4.25,0.0026219599999999987,0.03496503496503496,0.18094405594405605
125.0,Sub-Mars,4.5,5.0,4.75,0.0027530579999999983,0.036713286713286705,0.21765734265734277
125.0,Sub-Mars,5.0,5.5,5.25,0.0024253129999999993,0.032342657342657344,0.2500000000000001
125.0,Sub-Mars,5.5,6.0,5.75,0.0026875089999999985,0.03583916083916083,0.28583916083916094
125.0,Sub-Mars,6.0,6.5,6.25,0.002097568,0.027972027972027986,0.3138111888111889
125.0,Sub-Mars,6.5,7.0,6.75,0.0027530579999999983,0.036713286713286705,0.35052447552447563
125.0,Sub-Mars,7.0,7.5,7.25,0.0030808029999999974,0.04108391608391607,0.39160839160839167
125.0,Sub-Mars,7.5,8.0,7.75,0.0031463519999999972,0.04195804195804194,0.4335664335664336
125.0,Sub-Mars,8.0,8.5,8.25,0.0030808029999999974,0.04108391608391607,0.4746503496503497
125.0,Sub-Mars,8.5,9.0,8.75,0.0036707439999999958,0.04895104895104892,0.5236013986013986
125.0,Sub-Mars,9.0,9.5,9.25,0.005964958999999989,0.07954545454545443,0.6031468531468531
125.0,Sub-Mars,9.5,10.0,9.75,0.003539645999999996,0.04720279720279717,0.6503496503496503
125.0,Sub-Mars,10.0,10.5,10.25,0.003605194999999996,0.048076923076923045,0.6984265734265733
125.0,Sub-Mars,10.5,11.0,10.75,0.0026875089999999985,0.03583916083916083,0.7342657342657342
125.0,Sub-Mars,11.0,11.5,11.25,0.0019664700000000005,0.02622377622377624,0.7604895104895104
125.0,Sub-Mars,11.5,12.0,11.75,0.0015076270000000005,0.02010489510489512,0.7805944055944055
125.0,Sub-Mars,12.0,12.5,12.25,0.0009176860000000003,0.012237762237762247,0.7928321678321678
125.0,Sub-Mars,12.5,13.0,12.75,0.0007865880000000003,0.010489510489510497,0.8033216783216783
125.0,Sub-Mars,13.0,13.5,13.25,0.0009176860000000003,0.012237762237762247,0.8155594405594406
125.0,Sub-Mars,13.5,14.0,13.75,0.0009832350000000003,0.01311188811188812,0.8286713286713288
125.0,Sub-Mars,14.0,14.5,14.25,0.0009176860000000003,0.012237762237762247,0.840909090909091
125.0,Sub-Mars,14.5,15.0,14.75,0.0006554900000000002,0.008741258741258747,0.8496503496503498
125.0,Sub-Mars,15.0,15.5,15.25,0.0013109800000000004,0.017482517482517494,0.8671328671328673
125.0,Sub-Mars,15.5,16.0,15.75,0.0015731760000000006,0.020979020979020994,0.8881118881118883
125.0,Sub-Mars,16.0,16.5,16.25,0.0005243920000000002,0.006993006993006998,0.8951048951048953
125.0,Sub-Mars,16.5,17.0,16.75,0.0008521370000000003,0.011363636363636373,0.9064685314685317
125.0,Sub-Mars,17.0,17.5,17.25,0.0011143330000000003,0.01486013986013987,0.9213286713286716
125.0,Sub-Mars,17.5,18.0,17.75,0.0011798820000000004,0.015734265734265746,0.9370629370629373
125.0,Sub-Mars,18.0,18.5,18.25,0.0005243920000000002,0.006993006993006998,0.9440559440559443
125.0,Sub-Mars,18.5,19.0,18.75,0.0005243920000000002,0.006993006993006998,0.9510489510489513
125.0,Sub-Mars,19.0,19.5,19.25,0.0010487840000000003,0.013986013986013996,0.9650349650349652
125.0,Sub-Mars,19.5,20.0,19.75,0.0013765290000000005,0.01835664335664337,0.9833916083916086
125.0,Sub-Mars,20.0,20.5,20.25,0.0004588430000000001,0.006118881118881123,0.9895104895104897
125.0,Sub-Mars,20.5,21.0,20.75,0.0005243920000000002,0.006993006993006998,0.9965034965034967
125.0,Sub-Mars,21.0,21.5,21.25,0.000262196,0.0034965034965034982,1.0000000000000002
125.0,Sub-Mars,21.5,22.0,21.75,0.0,0.0,1.0000000000000002
125.0,Sub-Mars,22.0,22.5,22.25,0.0,0.0,1.0000000000000002
125.0,Sub-Mars,22.5,23.0,22.75,0.0,0.0,1.0000000000000002
125.0,Sub-Mars,23.0,23.5,23.25,0.0,0.0,1.0000000000000002
125.0,Sub-Mars,23.5,24.0,23.75,0.0,0.0,1.0000000000000002
125.0,Sub-Mars,24.0,24.5,24.25,0.0,0.0,1.0000000000000002
125.0,Sub-Mars,24.5,25.0,24.75,0.0,0.0,1.0000000000000002
125.0,Sub-Mars,25.0,25.5,25.25,0.0,0.0,1.0000000000000002
125.0,Sub-Mars,25.5,26.0,25.75,0.0,0.0,1.0000000000000002
125.0,Sub-Mars,26.0,26.5,26.25,0.0,0.0,1.0000000000000002
125.0,Sub-Mars,26.5,27.0,26.75,0.0,0.0,1.0000000000000002
125.0,Sub-Mars,27.0,27.5,27.25,0.0,0.0,1.0000000000000002
125.0,Sub-Mars,27.5,28.0,27.75,0.0,0.0,1.0000000000000002
125.0,Sub-Mars,28.0,28.5,28.25,0.0,0.0,1.0000000000000002
125.0,Sub-Mars,28.5,29.0,28.75,0.0,0.0,1.0000000000000002
125.0,Sub-Mars,29.0,29.5,29.25,0.0,0.0,1.0000000000000002
125.0,Sub-Mars,29.5,30.0,29.75,0.0,0.0,1.0000000000000002
125.0,Sub-Mars,30.0,30.5,30.25,0.0,0.0,1.0000000000000002
125.0,Sub-Mars,30.5,31.0,30.75,0.0,0.0,1.0000000000000002
125.0,Sub-Mars,31.0,31.5,31.25,0.0,0.0,1.0000000000000002
125.0,Sub-Mars,31.5,32.0,31.75,0.0,0.0,1.0000000000000002
125.0,Sub-Mars,32.0,32.5,32.25,0.0,0.0,1.0000000000000002
125.0,Sub-Mars,32.5,33.0,32.75,0.0,0.0,1.0000000000000002
125.0,Sub-Mars,33.0,33.5,33.25,0.0,0.0,1.0000000000000002
125.0,Sub-Mars,33.5,34.0,33.75,0.0,0.0,1.0000000000000002
125.0,Sub-Mars,34.0,34.5,34.25,0.0,0.0,1.0000000000000002
125.0,Sub-Mars,34.5,35.0,34.75,0.0,0.0,1.0000000000000002
125.0,Sub-Mars,35.0,35.5,35.25,0.0,0.0,1.0000000000000002
125.0,Sub-Mars,35.5,36.0,35.75,0.0,0.0,1.0000000000000002
125.0,Sub-Mars,36.0,36.5,36.25,0.0,0.0,1.0000000000000002
125.0,Sub-Mars,36.5,37.0,36.75,0.0,0.0,1.0000000000000002
125.0,Sub-Mars,37.0,37.5,37.25,0.0,0.0,1.0000000000000002
125.0,Sub-Mars,37.5,38.0,37.75,0.0,0.0,1.0000000000000002
125.0,Sub-Mars,38.0,38.5,38.25,0.0,0.0,1.0000000000000002
125.0,Sub-Mars,38.5,39.0,38.75,0.0,0.0,1.0000000000000002
125.0,Sub-Mars,39.0,39.5,39.25,0.0,0.0,1.0000000000000002
125.0,Sub-Mars,39.5,40.0,39.75,0.0,0.0,1.0000000000000002
125.0,Sub-Mars,40.0,40.5,40.25,0.0,0.0,1.0000000000000002
125.0,Sub-Mars,40.5,41.0,40.75,0.0,0.0,1.0000000000000002
125.0,Sub-Mars,41.0,41.5,41.25,0.0,0.0,1.0000000000000002
125.0,Sub-Mars,41.5,42.0,41.75,0.0,0.0,1.0000000000000002
125.0,Sub-Mars,42.0,42.5,42.25,0.0,0.0,1.0000000000000002
125.0,Sub-Mars,42.5,43.0,42.75,0.0,0.0,1.0000000000000002
125.0,Sub-Mars,43.0,43.5,43.25,0.0,0.0,1.0000000000000002
125.0,Sub-Mars,43.5,44.0,43.75,0.0,0.0,1.0000000000000002
125.0,Sub-Mars,44.0,44.5,44.25,0.0,0.0,1.0000000000000002
125.0,Sub-Mars,44.5,45.0,44.75,0.0,0.0,1.0000000000000002
125.0,Sub-Mars,45.0,45.5,45.25,0.0,0.0,1.0000000000000002
125.0,Sub-Mars,45.5,46.0,45.75,0.0,0.0,1.0000000000000002
125.0,Sub-Mars,46.0,46.5,46.25,0.0,0.0,1.0000000000000002
125.0,Sub-Mars,46.5,47.0,46.75,0.0,0.0,1.0000000000000002
125.0,Sub-Mars,47.0,47.5,47.25,0.0,0.0,1.0000000000000002
125.0,Sub-Mars,47.5,48.0,47.75,0.0,0.0,1.0000000000000002
125.0,Sub-Mars,48.0,48.5,48.25,0.0,0.0,1.0000000000000002
125.0,Sub-Mars,48.5,49.0,48.75,0.0,0.0,1.0000000000000002
125.0,Sub-Mars,49.0,49.5,49.25,0.0,0.0,1.0000000000000002
125.0,Sub-Mars,49.5,50.0,49.75,0.0,0.0,1.0000000000000002
125.0,Sub-Mars,50.0,50.5,50.25,0.0,0.0,1.0000000000000002
125.0,Sub-Mars,50.5,51.0,50.75,0.0,0.0,1.0000000000000002
125.0,Sub-Mars,51.0,51.5,51.25,0.0,0.0,1.0000000000000002
125.0,Sub-Mars,51.5,52.0,51.75,0.0,0.0,1.0000000000000002
125.0,Sub-Mars,52.0,52.5,52.25,0.0,0.0,1.0000000000000002
125.0,Sub-Mars,52.5,53.0,52.75,0.0,0.0,1.0000000000000002
125.0,Sub-Mars,53.0,53.5,53.25,0.0,0.0,1.0000000000000002
125.0,Sub-Mars,53.5,54.0,53.75,0.0,0.0,1.0000000000000002
125.0,Sub-Mars,54.0,54.5,54.25,0.0,0.0,1.0000000000000002
125.0,Sub-Mars,54.5,55.0,54.75,0.0,0.0,1.0000000000000002
125.0,Sub-Mars,55.0,55.5,55.25,0.0,0.0,1.0000000000000002
125.0,Sub-Mars,55.5,56.0,55.75,0.0,0.0,1.0000000000000002
125.0,Sub-Mars,56.0,56.5,56.25,0.0,0.0,1.0000000000000002
125.0,Sub-Mars,56.5,57.0,56.75,0.0,0.0,1.0000000000000002
125.0,Sub-Mars,57.0,57.5,57.25,0.0,0.0,1.0000000000000002
125.0,Sub-Mars,57.5,58.0,57.75,0.0,0.0,1.0000000000000002
125.0,Sub-Mars,58.0,58.5,58.25,0.0,0.0,1.0000000000000002
125.0,Sub-Mars,58.5,59.0,58.75,0.0,0.0,1.0000000000000002
125.0,Sub-Mars,59.0,59.5,59.25,0.0,0.0,1.0000000000000002
125.0,Sub-Mars,59.5,60.0,59.75,0.0,0.0,1.0000000000000002
125.0,Sub-Mars,60.0,60.5,60.25,0.0,0.0,1.0000000000000002
125.0,Sub-Mars,60.5,61.0,60.75,0.0,0.0,1.0000000000000002
125.0,Sub-Mars,61.0,61.5,61.25,0.0,0.0,1.0000000000000002
125.0,Sub-Mars,61.5,62.0,61.75,0.0,0.0,1.0000000000000002
125.0,Sub-Mars,62.0,62.5,62.25,0.0,0.0,1.0000000000000002
125.0,Sub-Mars,62.5,63.0,62.75,0.0,0.0,1.0000000000000002
125.0,Sub-Mars,63.0,63.5,63.25,0.0,0.0,1.0000000000000002
125.0,Sub-Mars,63.5,64.0,63.75,0.0,0.0,1.0000000000000002
125.0,Sub-Mars,64.0,64.5,64.25,0.0,0.0,1.0000000000000002
125.0,Sub-Mars,64.5,65.0,64.75,0.0,0.0,1.0000000000000002
125.0,Sub-Mars,65.0,65.5,65.25,0.0,0.0,1.0000000000000002
125.0,Sub-Mars,65.5,66.0,65.75,0.0,0.0,1.0000000000000002
125.0,Sub-Mars,66.0,66.5,66.25,0.0,0.0,1.0000000000000002
125.0,Sub-Mars,66.5,67.0,66.75,0.0,0.0,1.0000000000000002
125.0,Sub-Mars,67.0,67.5,67.25,0.0,0.0,1.0000000000000002
125.0,Sub-Mars,67.5,68.0,67.75,0.0,0.0,1.0000000000000002
125.0,Sub-Mars,68.0,68.5,68.25,0.0,0.0,1.0000000000000002
125.0,Sub-Mars,68.5,69.0,68.75,0.0,0.0,1.0000000000000002
125.0,Sub-Mars,69.0,69.5,69.25,0.0,0.0,1.0000000000000002
125.0,Sub-Mars,69.5,70.0,69.75,0.0,0.0,1.0000000000000002
125.0,Sub-Mars,70.0,70.5,70.25,0.0,0.0,1.0000000000000002
125.0,Sub-Mars,70.5,71.0,70.75,0.0,0.0,1.0000000000000002
125.0,Sub-Mars,71.0,71.5,71.25,0.0,0.0,1.0000000000000002
125.0,Sub-Mars,71.5,72.0,71.75,0.0,0.0,1.0000000000000002
125.0,Sub-Mars,72.0,72.5,72.25,0.0,0.0,1.0000000000000002
125.0,Sub-Mars,72.5,73.0,72.75,0.0,0.0,1.0000000000000002
125.0,Sub-Mars,73.0,73.5,73.25,0.0,0.0,1.0000000000000002
125.0,Sub-Mars,73.5,74.0,73.75,0.0,0.0,1.0000000000000002
125.0,Sub-Mars,74.0,74.5,74.25,0.0,0.0,1.0000000000000002
125.0,Sub-Mars,74.5,75.0,74.75,0.0,0.0,1.0000000000000002
125.0,Sub-Mars,75.0,75.5,75.25,0.0,0.0,1.0000000000000002
125.0,Sub-Mars,75.5,76.0,75.75,0.0,0.0,1.0000000000000002
125.0,Sub-Mars,76.0,76.5,76.25,0.0,0.0,1.0000000000000002
125.0,Sub-Mars,76.5,77.0,76.75,0.0,0.0,1.0000000000000002
125.0,Sub-Mars,77.0,77.5,77.25,0.0,0.0,1.0000000000000002
125.0,Sub-Mars,77.5,78.0,77.75,0.0,0.0,1.0000000000000002
125.0,Sub-Mars,78.0,78.5,78.25,0.0,0.0,1.0000000000000002
125.0,Sub-Mars,78.5,79.0,78.75,0.0,0.0,1.0000000000000002
125.0,Sub-Mars,79.0,79.5,79.25,0.0,0.0,1.0000000000000002
125.0,Sub-Mars,79.5,80.0,79.75,0.0,0.0,1.0000000000000002
125.0,Sub-Mars,80.0,80.5,80.25,0.0,0.0,1.0000000000000002
125.0,Sub-Mars,80.5,81.0,80.75,0.0,0.0,1.0000000000000002
125.0,Sub-Mars,81.0,81.5,81.25,0.0,0.0,1.0000000000000002
125.0,Sub-Mars,81.5,82.0,81.75,0.0,0.0,1.0000000000000002
125.0,Sub-Mars,82.0,82.5,82.25,0.0,0.0,1.0000000000000002
125.0,Sub-Mars,82.5,83.0,82.75,0.0,0.0,1.0000000000000002
125.0,Sub-Mars,83.0,83.5,83.25,0.0,0.0,1.0000000000000002
125.0,Sub-Mars,83.5,84.0,83.75,0.0,0.0,1.0000000000000002
125.0,Sub-Mars,84.0,84.5,84.25,0.0,0.0,1.0000000000000002
125.0,Sub-Mars,84.5,85.0,84.75,0.0,0.0,1.0000000000000002
125.0,Sub-Mars,85.0,85.5,85.25,0.0,0.0,1.0000000000000002
125.0,Sub-Mars,85.5,86.0,85.75,0.0,0.0,1.0000000000000002
125.0,Sub-Mars,86.0,86.5,86.25,0.0,0.0,1.0000000000000002
125.0,Sub-Mars,86.5,87.0,86.75,0.0,0.0,1.0000000000000002
125.0,Sub-Mars,87.0,87.5,87.25,0.0,0.0,1.0000000000000002
125.0,Sub-Mars,87.5,88.0,87.75,0.0,0.0,1.0000000000000002
125.0,Sub-Mars,88.0,88.5,88.25,0.0,0.0,1.0000000000000002
125.0,Sub-Mars,88.5,89.0,88.75,0.0,0.0,1.0000000000000002
125.0,Sub-Mars,89.0,89.5,89.25,0.0,0.0,1.0000000000000002
125.0,Sub-Mars,89.5,90.0,89.75,0.0,0.0,1.0000000000000002
125.0,Trailing,0.0,0.5,0.25,0.0,0.0,0.0
125.0,Trailing,0.5,1.0,0.75,0.0,0.0,0.0
125.0,Trailing,1.0,1.5,1.25,0.0,0.0,0.0
125.0,Trailing,1.5,2.0,1.75,0.0,0.0,0.0
125.0,Trailing,2.0,2.5,2.25,0.0,0.0,0.0
125.0,Trailing,2.5,3.0,2.75,0.0,0.0,0.0
125.0,Trailing,3.0,3.5,3.25,0.0010487840000000003,0.013961605584642251,0.013961605584642251
125.0,Trailing,3.5,4.0,3.75,0.0022942149999999996,0.03054101221640491,0.04450261780104716
125.0,Trailing,4.0,4.5,4.25,0.005309468999999991,0.07068062827225126,0.11518324607329841
125.0,Trailing,4.5,5.0,4.75,0.007734781999999984,0.10296684118673637,0.21815008726003476
125.0,Trailing,5.0,5.5,5.25,0.004916174999999992,0.06544502617801043,0.2835951134380452
125.0,Trailing,5.5,6.0,5.75,0.0041295869999999945,0.05497382198952878,0.338568935427574
125.0,Trailing,6.0,6.5,6.25,0.0034740969999999963,0.046247818499127395,0.3848167539267014
125.0,Trailing,6.5,7.0,6.75,0.0038018419999999954,0.050610820244328086,0.4354275741710295
125.0,Trailing,7.0,7.5,7.25,0.0041295869999999945,0.05497382198952878,0.4904013961605583
125.0,Trailing,7.5,8.0,7.75,0.004064037999999995,0.05410122164048864,0.5445026178010469
125.0,Trailing,8.0,8.5,8.25,0.003539645999999996,0.04712041884816753,0.5916230366492145
125.0,Trailing,8.5,9.0,8.75,0.0030152539999999976,0.04013961605584643,0.6317626527050608
125.0,Trailing,9.0,9.5,9.25,0.002818606999999998,0.03752181500872602,0.6692844677137868
125.0,Trailing,9.5,10.0,9.75,0.003539645999999996,0.04712041884816753,0.7164048865619543
125.0,Trailing,10.0,10.5,10.25,0.0029497049999999978,0.03926701570680629,0.7556719022687606
125.0,Trailing,10.5,11.0,10.75,0.0023597639999999994,0.03141361256544505,0.7870855148342056
125.0,Trailing,11.0,11.5,11.25,0.0027530579999999983,0.03664921465968588,0.8237347294938915
125.0,Trailing,11.5,12.0,11.75,0.0024253129999999993,0.03228621291448519,0.8560209424083767
125.0,Trailing,12.0,12.5,12.25,0.0024253129999999993,0.03228621291448519,0.8883071553228619
125.0,Trailing,12.5,13.0,12.75,0.002097568,0.0279232111692845,0.9162303664921464
125.0,Trailing,13.0,13.5,13.25,0.0020320190000000004,0.02705061082024436,0.9432809773123908
125.0,Trailing,13.5,14.0,13.75,0.0017042740000000006,0.02268760907504366,0.9659685863874344
125.0,Trailing,14.0,14.5,14.25,0.0017042740000000006,0.02268760907504366,0.9886561954624781
125.0,Trailing,14.5,15.0,14.75,0.0008521370000000003,0.01134380453752183,0.9999999999999999
125.0,Trailing,15.0,15.5,15.25,0.0,0.0,0.9999999999999999
125.0,Trailing,15.5,16.0,15.75,0.0,0.0,0.9999999999999999
125.0,Trailing,16.0,16.5,16.25,0.0,0.0,0.9999999999999999
125.0,Trailing,16.5,17.0,16.75,0.0,0.0,0.9999999999999999
125.0,Trailing,17.0,17.5,17.25,0.0,0.0,0.9999999999999999
125.0,Trailing,17.5,18.0,17.75,0.0,0.0,0.9999999999999999
125.0,Trailing,18.0,18.5,18.25,0.0,0.0,0.9999999999999999
125.0,Trailing,18.5,19.0,18.75,0.0,0.0,0.9999999999999999
125.0,Trailing,19.0,19.5,19.25,0.0,0.0,0.9999999999999999
125.0,Trailing,19.5,20.0,19.75,0.0,0.0,0.9999999999999999
125.0,Trailing,20.0,20.5,20.25,0.0,0.0,0.9999999999999999
125.0,Trailing,20.5,21.0,20.75,0.0,0.0,0.9999999999999999
125.0,Trailing,21.0,21.5,21.25,0.0,0.0,0.9999999999999999
125.0,Trailing,21.5,22.0,21.75,0.0,0.0,0.9999999999999999
125.0,Trailing,22.0,22.5,22.25,0.0,0.0,0.9999999999999999
125.0,Trailing,22.5,23.0,22.75,0.0,0.0,0.9999999999999999
125.0,Trailing,23.0,23.5,23.25,0.0,0.0,0.9999999999999999
125.0,Trailing,23.5,24.0,23.75,0.0,0.0,0.9999999999999999
125.0,Trailing,24.0,24.5,24.25,0.0,0.0,0.9999999999999999
125.0,Trailing,24.5,25.0,24.75,0.0,0.0,0.9999999999999999
125.0,Trailing,25.0,25.5,25.25,0.0,0.0,0.9999999999999999
125.0,Trailing,25.5,26.0,25.75,0.0,0.0,0.9999999999999999
125.0,Trailing,26.0,26.5,26.25,0.0,0.0,0.9999999999999999
125.0,Trailing,26.5,27.0,26.75,0.0,0.0,0.9999999999999999
125.0,Trailing,27.0,27.5,27.25,0.0,0.0,0.9999999999999999
125.0,Trailing,27.5,28.0,27.75,0.0,0.0,0.9999999999999999
125.0,Trailing,28.0,28.5,28.25,0.0,0.0,0.9999999999999999
125.0,Trailing,28.5,29.0,28.75,0.0,0.0,0.9999999999999999
125.0,Trailing,29.0,29.5,29.25,0.0,0.0,0.9999999999999999
125.0,Trailing,29.5,30.0,29.75,0.0,0.0,0.9999999999999999
125.0,Trailing,30.0,30.5,30.25,0.0,0.0,0.9999999999999999
125.0,Trailing,30.5,31.0,30.75,0.0,0.0,0.9999999999999999
125.0,Trailing,31.0,31.5,31.25,0.0,0.0,0.9999999999999999
125.0,Trailing,31.5,32.0,31.75,0.0,0.0,0.9999999999999999
125.0,Trailing,32.0,32.5,32.25,0.0,0.0,0.9999999999999999
125.0,Trailing,32.5,33.0,32.75,0.0,0.0,0.9999999999999999
125.0,Trailing,33.0,33.5,33.25,0.0,0.0,0.9999999999999999
125.0,Trailing,33.5,34.0,33.75,0.0,0.0,0.9999999999999999
125.0,Trailing,34.0,34.5,34.25,0.0,0.0,0.9999999999999999
125.0,Trailing,34.5,35.0,34.75,0.0,0.0,0.9999999999999999
125.0,Trailing,35.0,35.5,35.25,0.0,0.0,0.9999999999999999
125.0,Trailing,35.5,36.0,35.75,0.0,0.0,0.9999999999999999
125.0,Trailing,36.0,36.5,36.25,0.0,0.0,0.9999999999999999
125.0,Trailing,36.5,37.0,36.75,0.0,0.0,0.9999999999999999
125.0,Trailing,37.0,37.5,37.25,0.0,0.0,0.9999999999999999
125.0,Trailing,37.5,38.0,37.75,0.0,0.0,0.9999999999999999
125.0,Trailing,38.0,38.5,38.25,0.0,0.0,0.9999999999999999
125.0,Trailing,38.5,39.0,38.75,0.0,0.0,0.9999999999999999
125.0,Trailing,39.0,39.5,39.25,0.0,0.0,0.9999999999999999
125.0,Trailing,39.5,40.0,39.75,0.0,0.0,0.9999999999999999
125.0,Trailing,40.0,40.5,40.25,0.0,0.0,0.9999999999999999
125.0,Trailing,40.5,41.0,40.75,0.0,0.0,0.9999999999999999
125.0,Trailing,41.0,41.5,41.25,0.0,0.0,0.9999999999999999
125.0,Trailing,41.5,42.0,41.75,0.0,0.0,0.9999999999999999
125.0,Trailing,42.0,42.5,42.25,0.0,0.0,0.9999999999999999
125.0,Trailing,42.5,43.0,42.75,0.0,0.0,0.9999999999999999
125.0,Trailing,43.0,43.5,43.25,0.0,0.0,0.9999999999999999
125.0,Trailing,43.5,44.0,43.75,0.0,0.0,0.9999999999999999
125.0,Trailing,44.0,44.5,44.25,0.0,0.0,0.9999999999999999
125.0,Trailing,44.5,45.0,44.75,0.0,0.0,0.9999999999999999
125.0,Trailing,45.0,45.5,45.25,0.0,0.0,0.9999999999999999
125.0,Trailing,45.5,46.0,45.75,0.0,0.0,0.9999999999999999
125.0,Trailing,46.0,46.5,46.25,0.0,0.0,0.9999999999999999
125.0,Trailing,46.5,47.0,46.75,0.0,0.0,0.9999999999999999
125.0,Trailing,47.0,47.5,47.25,0.0,0.0,0.9999999999999999
125.0,Trailing,47.5,48.0,47.75,0.0,0.0,0.9999999999999999
125.0,Trailing,48.0,48.5,48.25,0.0,0.0,0.9999999999999999
125.0,Trailing,48.5,49.0,48.75,0.0,0.0,0.9999999999999999
125.0,Trailing,49.0,49.5,49.25,0.0,0.0,0.9999999999999999
125.0,Trailing,49.5,50.0,49.75,0.0,0.0,0.9999999999999999
125.0,Trailing,50.0,50.5,50.25,0.0,0.0,0.9999999999999999
125.0,Trailing,50.5,51.0,50.75,0.0,0.0,0.9999999999999999
125.0,Trailing,51.0,51.5,51.25,0.0,0.0,0.9999999999999999
125.0,Trailing,51.5,52.0,51.75,0.0,0.0,0.9999999999999999
125.0,Trailing,52.0,52.5,52.25,0.0,0.0,0.9999999999999999
125.0,Trailing,52.5,53.0,52.75,0.0,0.0,0.9999999999999999
125.0,Trailing,53.0,53.5,53.25,0.0,0.0,0.9999999999999999
125.0,Trailing,53.5,54.0,53.75,0.0,0.0,0.9999999999999999
125.0,Trailing,54.0,54.5,54.25,0.0,0.0,0.9999999999999999
125.0,Trailing,54.5,55.0,54.75,0.0,0.0,0.9999999999999999
125.0,Trailing,55.0,55.5,55.25,0.0,0.0,0.9999999999999999
125.0,Trailing,55.5,56.0,55.75,0.0,0.0,0.9999999999999999
125.0,Trailing,56.0,56.5,56.25,0.0,0.0,0.9999999999999999
125.0,Trailing,56.5,57.0,56.75,0.0,0.0,0.9999999999999999
125.0,Trailing,57.0,57.5,57.25,0.0,0.0,0.9999999999999999
125.0,Trailing,57.5,58.0,57.75,0.0,0.0,0.9999999999999999
125.0,Trailing,58.0,58.5,58.25,0.0,0.0,0.9999999999999999
125.0,Trailing,58.5,59.0,58.75,0.0,0.0,0.9999999999999999
125.0,Trailing,59.0,59.5,59.25,0.0,0.0,0.9999999999999999
125.0,Trailing,59.5,60.0,59.75,0.0,0.0,0.9999999999999999
125.0,Trailing,60.0,60.5,60.25,0.0,0.0,0.9999999999999999
125.0,Trailing,60.5,61.0,60.75,0.0,0.0,0.9999999999999999
125.0,Trailing,61.0,61.5,61.25,0.0,0.0,0.9999999999999999
125.0,Trailing,61.5,62.0,61.75,0.0,0.0,0.9999999999999999
125.0,Trailing,62.0,62.5,62.25,0.0,0.0,0.9999999999999999
125.0,Trailing,62.5,63.0,62.75,0.0,0.0,0.9999999999999999
125.0,Trailing,63.0,63.5,63.25,0.0,0.0,0.9999999999999999
125.0,Trailing,63.5,64.0,63.75,0.0,0.0,0.9999999999999999
125.0,Trailing,64.0,64.5,64.25,0.0,0.0,0.9999999999999999
125.0,Trailing,64.5,65.0,64.75,0.0,0.0,0.9999999999999999
125.0,Trailing,65.0,65.5,65.25,0.0,0.0,0.9999999999999999
125.0,Trailing,65.5,66.0,65.75,0.0,0.0,0.9999999999999999
125.0,Trailing,66.0,66.5,66.25,0.0,0.0,0.9999999999999999
125.0,Trailing,66.5,67.0,66.75,0.0,0.0,0.9999999999999999
125.0,Trailing,67.0,67.5,67.25,0.0,0.0,0.9999999999999999
125.0,Trailing,67.5,68.0,67.75,0.0,0.0,0.9999999999999999
125.0,Trailing,68.0,68.5,68.25,0.0,0.0,0.9999999999999999
125.0,Trailing,68.5,69.0,68.75,0.0,0.0,0.9999999999999999
125.0,Trailing,69.0,69.5,69.25,0.0,0.0,0.9999999999999999
125.0,Trailing,69.5,70.0,69.75,0.0,0.0,0.9999999999999999
125.0,Trailing,70.0,70.5,70.25,0.0,0.0,0.9999999999999999
125.0,Trailing,70.5,71.0,70.75,0.0,0.0,0.9999999999999999
125.0,Trailing,71.0,71.5,71.25,0.0,0.0,0.9999999999999999
125.0,Trailing,71.5,72.0,71.75,0.0,0.0,0.9999999999999999
125.0,Trailing,72.0,72.5,72.25,0.0,0.0,0.9999999999999999
125.0,Trailing,72.5,73.0,72.75,0.0,0.0,0.9999999999999999
125.0,Trailing,73.0,73.5,73.25,0.0,0.0,0.9999999999999999
125.0,Trailing,73.5,74.0,73.75,0.0,0.0,0.9999999999999999
125.0,Trailing,74.0,74.5,74.25,0.0,0.0,0.9999999999999999
125.0,Trailing,74.5,75.0,74.75,0.0,0.0,0.9999999999999999
125.0,Trailing,75.0,75.5,75.25,0.0,0.0,0.9999999999999999
125.0,Trailing,75.5,76.0,75.75,0.0,0.0,0.9999999999999999
125.0,Trailing,76.0,76.5,76.25,0.0,0.0,0.9999999999999999
125.0,Trailing,76.5,77.0,76.75,0.0,0.0,0.9999999999999999
125.0,Trailing,77.0,77.5,77.25,0.0,0.0,0.9999999999999999
125.0,Trailing,77.5,78.0,77.75,0.0,0.0,0.9999999999999999
125.0,Trailing,78.0,78.5,78.25,0.0,0.0,0.9999999999999999
125.0,Trailing,78.5,79.0,78.75,0.0,0.0,0.9999999999999999
125.0,Trailing,79.0,79.5,79.25,0.0,0.0,0.9999999999999999
125.0,Trailing,79.5,80.0,79.75,0.0,0.0,0.9999999999999999
125.0,Trailing,80.0,80.5,80.25,0.0,0.0,0.9999999999999999
125.0,Trailing,80.5,81.0,80.75,0.0,0.0,0.9999999999999999
125.0,Trailing,81.0,81.5,81.25,0.0,0.0,0.9999999999999999
125.0,Trailing,81.5,82.0,81.75,0.0,0.0,0.9999999999999999
125.0,Trailing,82.0,82.5,82.25,0.0,0.0,0.9999999999999999
125.0,Trailing,82.5,83.0,82.75,0.0,0.0,0.9999999999999999
125.0,Trailing,83.0,83.5,83.25,0.0,0.0,0.9999999999999999
125.0,Trailing,83.5,84.0,83.75,0.0,0.0,0.9999999999999999
125.0,Trailing,84.0,84.5,84.25,0.0,0.0,0.9999999999999999
125.0,Trailing,84.5,85.0,84.75,0.0,0.0,0.9999999999999999
125.0,Trailing,85.0,85.5,85.25,0.0,0.0,0.9999999999999999
125.0,Trailing,85.5,86.0,85.75,0.0,0.0,0.9999999999999999
125.0,Trailing,86.0,86.5,86.25,0.0,0.0,0.9999999999999999
125.0,Trailing,86.5,87.0,86.75,0.0,0.0,0.9999999999999999
125.0,Trailing,87.0,87.5,87.25,0.0,0.0,0.9999999999999999
125.0,Trailing,87.5,88.0,87.75,0.0,0.0,0.9999999999999999
125.0,Trailing,88.0,88.5,88.25,0.0,0.0,0.9999999999999999
125.0,Trailing,88.5,89.0,88.75,0.0,0.0,0.9999999999999999
125.0,Trailing,89.0,89.5,89.25,0.0,0.0,0.9999999999999999
125.0,Trailing,89.5,90.0,89.75,0.0,0.0,0.9999999999999999
125.0,Anti-Mars,0.0,0.5,0.25,0.0,0.0,0.0
125.0,Anti-Mars,0.5,1.0,0.75,0.0,0.0,0.0
125.0,Anti-Mars,1.0,1.5,1.25,0.0,0.0,0.0
125.0,Anti-Mars,1.5,2.0,1.75,0.0,0.0,0.0
125.0,Anti-Mars,2.0,2.5,2.25,0.0,0.0,0.0
125.0,Anti-Mars,2.5,3.0,2.75,0.0,0.0,0.0
125.0,Anti-Mars,3.0,3.5,3.25,0.0,0.0,0.0
125.0,Anti-Mars,3.5,4.0,3.75,0.0,0.0,0.0
125.0,Anti-Mars,4.0,4.5,4.25,0.0,0.0,0.0
125.0,Anti-Mars,4.5,5.0,4.75,0.0,0.0,0.0
125.0,Anti-Mars,5.0,5.5,5.25,0.0003932940000000001,0.004626060138781814,0.004626060138781814
125.0,Anti-Mars,5.5,6.0,5.75,0.007275938999999988,0.0855821125674634,0.0902081727062452
125.0,Anti-Mars,6.0,6.5,6.25,0.011536623999999978,0.13569776407093292,0.22590593677717813
125.0,Anti-Mars,6.5,7.0,6.75,0.009635702999999982,0.1133384734001542,0.3392444101773323
125.0,Anti-Mars,7.0,7.5,7.25,0.012782054999999971,0.15034695451040858,0.4895913646877409
125.0,Anti-Mars,7.5,8.0,7.75,0.014682975999999966,0.17270624518118727,0.6622976098689282
125.0,Anti-Mars,8.0,8.5,8.25,0.010356741999999978,0.12181958365458748,0.7841171935235156
125.0,Anti-Mars,8.5,9.0,8.75,0.007144840999999986,0.08404009252120277,0.8681572860447184
125.0,Anti-Mars,9.0,9.5,9.25,0.0051783709999999915,0.060909791827293766,0.9290670778720121
125.0,Anti-Mars,9.5,10.0,9.75,0.002097568,0.02467232074016967,0.9537393986121818
125.0,Anti-Mars,10.0,10.5,10.25,0.0015731760000000006,0.01850424055512726,0.972243639167309
125.0,Anti-Mars,10.5,11.0,10.75,0.0011798820000000004,0.013878180416345443,0.9861218195836545
125.0,Anti-Mars,11.0,11.5,11.25,0.0007865880000000003,0.00925212027756363,0.9953739398612181
125.0,Anti-Mars,11.5,12.0,11.75,0.0003932940000000001,0.004626060138781814,1.0
125.0,Anti-Mars,12.0,12.5,12.25,0.0,0.0,1.0
125.0,Anti-Mars,12.5,13.0,12.75,0.0,0.0,1.0
125.0,Anti-Mars,13.0,13.5,13.25,0.0,0.0,1.0
125.0,Anti-Mars,13.5,14.0,13.75,0.0,0.0,1.0
125.0,Anti-Mars,14.0,14.5,14.25,0.0,0.0,1.0
125.0,Anti-Mars,14.5,15.0,14.75,0.0,0.0,1.0
125.0,Anti-Mars,15.0,15.5,15.25,0.0,0.0,1.0
125.0,Anti-Mars,15.5,16.0,15.75,0.0,0.0,1.0
125.0,Anti-Mars,16.0,16.5,16.25,0.0,0.0,1.0
125.0,Anti-Mars,16.5,17.0,16.75,0.0,0.0,1.0
125.0,Anti-Mars,17.0,17.5,17.25,0.0,0.0,1.0
125.0,Anti-Mars,17.5,18.0,17.75,0.0,0.0,1.0
125.0,Anti-Mars,18.0,18.5,18.25,0.0,0.0,1.0
125.0,Anti-Mars,18.5,19.0,18.75,0.0,0.0,1.0
125.0,Anti-Mars,19.0,19.5,19.25,0.0,0.0,1.0
125.0,Anti-Mars,19.5,20.0,19.75,0.0,0.0,1.0
125.0,Anti-Mars,20.0,20.5,20.25,0.0,0.0,1.0
125.0,Anti-Mars,20.5,21.0,20.75,0.0,0.0,1.0
125.0,Anti-Mars,21.0,21.5,21.25,0.0,0.0,1.0
125.0,Anti-Mars,21.5,22.0,21.75,0.0,0.0,1.0
125.0,Anti-Mars,22.0,22.5,22.25,0.0,0.0,1.0
125.0,Anti-Mars,22.5,23.0,22.75,0.0,0.0,1.0
125.0,Anti-Mars,23.0,23.5,23.25,0.0,0.0,1.0
125.0,Anti-Mars,23.5,24.0,23.75,0.0,0.0,1.0
125.0,Anti-Mars,24.0,24.5,24.25,0.0,0.0,1.0
125.0,Anti-Mars,24.5,25.0,24.75,0.0,0.0,1.0
125.0,Anti-Mars,25.0,25.5,25.25,0.0,0.0,1.0
125.0,Anti-Mars,25.5,26.0,25.75,0.0,0.0,1.0
125.0,Anti-Mars,26.0,26.5,26.25,0.0,0.0,1.0
125.0,Anti-Mars,26.5,27.0,26.75,0.0,0.0,1.0
125.0,Anti-Mars,27.0,27.5,27.25,0.0,0.0,1.0
125.0,Anti-Mars,27.5,28.0,27.75,0.0,0.0,1.0
125.0,Anti-Mars,28.0,28.5,28.25,0.0,0.0,1.0
125.0,Anti-Mars,28.5,29.0,28.75,0.0,0.0,1.0
125.0,Anti-Mars,29.0,29.5,29.25,0.0,0.0,1.0
125.0,Anti-Mars,29.5,30.0,29.75,0.0,0.0,1.0
125.0,Anti-Mars,30.0,30.5,30.25,0.0,0.0,1.0
125.0,Anti-Mars,30.5,31.0,30.75,0.0,0.0,1.0
125.0,Anti-Mars,31.0,31.5,31.25,0.0,0.0,1.0
125.0,Anti-Mars,31.5,32.0,31.75,0.0,0.0,1.0
125.0,Anti-Mars,32.0,32.5,32.25,0.0,0.0,1.0
125.0,Anti-Mars,32.5,33.0,32.75,0.0,0.0,1.0
125.0,Anti-Mars,33.0,33.5,33.25,0.0,0.0,1.0
125.0,Anti-Mars,33.5,34.0,33.75,0.0,0.0,1.0
125.0,Anti-Mars,34.0,34.5,34.25,0.0,0.0,1.0
125.0,Anti-Mars,34.5,35.0,34.75,0.0,0.0,1.0
125.0,Anti-Mars,35.0,35.5,35.25,0.0,0.0,1.0
125.0,Anti-Mars,35.5,36.0,35.75,0.0,0.0,1.0
125.0,Anti-Mars,36.0,36.5,36.25,0.0,0.0,1.0
125.0,Anti-Mars,36.5,37.0,36.75,0.0,0.0,1.0
125.0,Anti-Mars,37.0,37.5,37.25,0.0,0.0,1.0
125.0,Anti-Mars,37.5,38.0,37.75,0.0,0.0,1.0
125.0,Anti-Mars,38.0,38.5,38.25,0.0,0.0,1.0
125.0,Anti-Mars,38.5,39.0,38.75,0.0,0.0,1.0
125.0,Anti-Mars,39.0,39.5,39.25,0.0,0.0,1.0
125.0,Anti-Mars,39.5,40.0,39.75,0.0,0.0,1.0
125.0,Anti-Mars,40.0,40.5,40.25,0.0,0.0,1.0
125.0,Anti-Mars,40.5,41.0,40.75,0.0,0.0,1.0
125.0,Anti-Mars,41.0,41.5,41.25,0.0,0.0,1.0
125.0,Anti-Mars,41.5,42.0,41.75,0.0,0.0,1.0
125.0,Anti-Mars,42.0,42.5,42.25,0.0,0.0,1.0
125.0,Anti-Mars,42.5,43.0,42.75,0.0,0.0,1.0
125.0,Anti-Mars,43.0,43.5,43.25,0.0,0.0,1.0
125.0,Anti-Mars,43.5,44.0,43.75,0.0,0.0,1.0
125.0,Anti-Mars,44.0,44.5,44.25,0.0,0.0,1.0
125.0,Anti-Mars,44.5,45.0,44.75,0.0,0.0,1.0
125.0,Anti-Mars,45.0,45.5,45.25,0.0,0.0,1.0
125.0,Anti-Mars,45.5,46.0,45.75,0.0,0.0,1.0
125.0,Anti-Mars,46.0,46.5,46.25,0.0,0.0,1.0
125.0,Anti-Mars,46.5,47.0,46.75,0.0,0.0,1.0
125.0,Anti-Mars,47.0,47.5,47.25,0.0,0.0,1.0
125.0,Anti-Mars,47.5,48.0,47.75,0.0,0.0,1.0
125.0,Anti-Mars,48.0,48.5,48.25,0.0,0.0,1.0
125.0,Anti-Mars,48.5,49.0,48.75,0.0,0.0,1.0
125.0,Anti-Mars,49.0,49.5,49.25,0.0,0.0,1.0
125.0,Anti-Mars,49.5,50.0,49.75,0.0,0.0,1.0
125.0,Anti-Mars,50.0,50.5,50.25,0.0,0.0,1.0
125.0,Anti-Mars,50.5,51.0,50.75,0.0,0.0,1.0
125.0,Anti-Mars,51.0,51.5,51.25,0.0,0.0,1.0
125.0,Anti-Mars,51.5,52.0,51.75,0.0,0.0,1.0
125.0,Anti-Mars,52.0,52.5,52.25,0.0,0.0,1.0
125.0,Anti-Mars,52.5,53.0,52.75,0.0,0.0,1.0
125.0,Anti-Mars,53.0,53.5,53.25,0.0,0.0,1.0
125.0,Anti-Mars,53.5,54.0,53.75,0.0,0.0,1.0
125.0,Anti-Mars,54.0,54.5,54.25,0.0,0.0,1.0
125.0,Anti-Mars,54.5,55.0,54.75,0.0,0.0,1.0
125.0,Anti-Mars,55.0,55.5,55.25,0.0,0.0,1.0
125.0,Anti-Mars,55.5,56.0,55.75,0.0,0.0,1.0
125.0,Anti-Mars,56.0,56.5,56.25,0.0,0.0,1.0
125.0,Anti-Mars,56.5,57.0,56.75,0.0,0.0,1.0
125.0,Anti-Mars,57.0,57.5,57.25,0.0,0.0,1.0
125.0,Anti-Mars,57.5,58.0,57.75,0.0,0.0,1.0
125.0,Anti-Mars,58.0,58.5,58.25,0.0,0.0,1.0
125.0,Anti-Mars,58.5,59.0,58.75,0.0,0.0,1.0
125.0,Anti-Mars,59.0,59.5,59.25,0.0,0.0,1.0
125.0,Anti-Mars,59.5,60.0,59.75,0.0,0.0,1.0
125.0,Anti-Mars,60.0,60.5,60.25,0.0,0.0,1.0
125.0,Anti-Mars,60.5,61.0,60.75,0.0,0.0,1.0
125.0,Anti-Mars,61.0,61.5,61.25,0.0,0.0,1.0
125.0,Anti-Mars,61.5,62.0,61.75,0.0,0.0,1.0
125.0,Anti-Mars,62.0,62.5,62.25,0.0,0.0,1.0
125.0,Anti-Mars,62.5,63.0,62.75,0.0,0.0,1.0
125.0,Anti-Mars,63.0,63.5,63.25,0.0,0.0,1.0
125.0,Anti-Mars,63.5,64.0,63.75,0.0,0.0,1.0
125.0,Anti-Mars,64.0,64.5,64.25,0.0,0.0,1.0
125.0,Anti-Mars,64.5,65.0,64.75,0.0,0.0,1.0
125.0,Anti-Mars,65.0,65.5,65.25,0.0,0.0,1.0
125.0,Anti-Mars,65.5,66.0,65.75,0.0,0.0,1.0
125.0,Anti-Mars,66.0,66.5,66.25,0.0,0.0,1.0
125.0,Anti-Mars,66.5,67.0,66.75,0.0,0.0,1.0
125.0,Anti-Mars,67.0,67.5,67.25,0.0,0.0,1.0
125.0,Anti-Mars,67.5,68.0,67.75,0.0,0.0,1.0
125.0,Anti-Mars,68.0,68.5,68.25,0.0,0.0,1.0
125.0,Anti-Mars,68.5,69.0,68.75,0.0,0.0,1.0
125.0,Anti-Mars,69.0,69.5,69.25,0.0,0.0,1.0
125.0,Anti-Mars,69.5,70.0,69.75,0.0,0.0,1.0
125.0,Anti-Mars,70.0,70.5,70.25,0.0,0.0,1.0
125.0,Anti-Mars,70.5,71.0,70.75,0.0,0.0,1.0
125.0,Anti-Mars,71.0,71.5,71.25,0.0,0.0,1.0
125.0,Anti-Mars,71.5,72.0,71.75,0.0,0.0,1.0
125.0,Anti-Mars,72.0,72.5,72.25,0.0,0.0,1.0
125.0,Anti-Mars,72.5,73.0,72.75,0.0,0.0,1.0
125.0,Anti-Mars,73.0,73.5,73.25,0.0,0.0,1.0
125.0,Anti-Mars,73.5,74.0,73.75,0.0,0.0,1.0
125.0,Anti-Mars,74.0,74.5,74.25,0.0,0.0,1.0
125.0,Anti-Mars,74.5,75.0,74.75,0.0,0.0,1.0
125.0,Anti-Mars,75.0,75.5,75.25,0.0,0.0,1.0
125.0,Anti-Mars,75.5,76.0,75.75,0.0,0.0,1.0
125.0,Anti-Mars,76.0,76.5,76.25,0.0,0.0,1.0
125.0,Anti-Mars,76.5,77.0,76.75,0.0,0.0,1.0
125.0,Anti-Mars,77.0,77.5,77.25,0.0,0.0,1.0
125.0,Anti-Mars,77.5,78.0,77.75,0.0,0.0,1.0
125.0,Anti-Mars,78.0,78.5,78.25,0.0,0.0,1.0
125.0,Anti-Mars,78.5,79.0,78.75,0.0,0.0,1.0
125.0,Anti-Mars,79.0,79.5,79.25,0.0,0.0,1.0
125.0,Anti-Mars,79.5,80.0,79.75,0.0,0.0,1.0
125.0,Anti-Mars,80.0,80.5,80.25,0.0,0.0,1.0
125.0,Anti-Mars,80.5,81.0,80.75,0.0,0.0,1.0
125.0,Anti-Mars,81.0,81.5,81.25,0.0,0.0,1.0
125.0,Anti-Mars,81.5,82.0,81.75,0.0,0.0,1.0
125.0,Anti-Mars,82.0,82.5,82.25,0.0,0.0,1.0
125.0,Anti-Mars,82.5,83.0,82.75,0.0,0.0,1.0
125.0,Anti-Mars,83.0,83.5,83.25,0.0,0.0,1.0
125.0,Anti-Mars,83.5,84.0,83.75,0.0,0.0,1.0
125.0,Anti-Mars,84.0,84.5,84.25,0.0,0.0,1.0
125.0,Anti-Mars,84.5,85.0,84.75,0.0,0.0,1.0
125.0,Anti-Mars,85.0,85.5,85.25,0.0,0.0,1.0
125.0,Anti-Mars,85.5,86.0,85.75,0.0,0.0,1.0
125.0,Anti-Mars,86.0,86.5,86.25,0.0,0.0,1.0
125.0,Anti-Mars,86.5,87.0,86.75,0.0,0.0,1.0
125.0,Anti-Mars,87.0,87.5,87.25,0.0,0.0,1.0
125.0,Anti-Mars,87.5,88.0,87.75,0.0,0.0,1.0
125.0,Anti-Mars,88.0,88.5,88.25,0.0,0.0,1.0
125.0,Anti-Mars,88.5,89.0,88.75,0.0,0.0,1.0
125.0,Anti-Mars,89.0,89.5,89.25,0.0,0.0,1.0
125.0,Anti-Mars,89.5,90.0,89.75,0.0,0.0,1.0
150.0,Leading,0.0,0.5,0.25,6.552522e-05,0.0010660980810234544,0.0010660980810234544
150.0,Leading,0.5,1.0,0.75,0.00019657565999999999,0.0031982942430703633,0.004264392324093817
150.0,Leading,1.0,1.5,1.25,0.00032762609999999995,0.0053304904051172716,0.00959488272921109
150.0,Leading,1.5,2.0,1.75,0.0003931513199999999,0.006396588486140726,0.015991471215351816
150.0,Leading,2.0,2.5,2.25,0.00026210088,0.004264392324093817,0.020255863539445633
150.0,Leading,2.5,3.0,2.75,0.0004586765399999999,0.00746268656716418,0.027718550106609813
150.0,Leading,3.0,3.5,3.25,0.0003931513199999999,0.006396588486140726,0.03411513859275054
150.0,Leading,3.5,4.0,3.75,0.0004586765399999999,0.00746268656716418,0.04157782515991472
150.0,Leading,4.0,4.5,4.25,0.0006552521999999998,0.010660980810234541,0.05223880597014926
150.0,Leading,4.5,5.0,4.75,0.0005242017599999999,0.008528784648187633,0.06076759061833689
150.0,Leading,5.0,5.5,5.25,0.0004586765399999999,0.00746268656716418,0.06823027718550106
150.0,Leading,5.5,6.0,5.75,0.0004586765399999999,0.00746268656716418,0.07569296375266524
150.0,Leading,6.0,6.5,6.25,0.0006552521999999998,0.010660980810234541,0.08635394456289978
150.0,Leading,6.5,7.0,6.75,0.0005897269799999998,0.009594882729211088,0.09594882729211088
150.0,Leading,7.0,7.5,7.25,0.00137602962,0.022388059701492546,0.11833688699360342
150.0,Leading,7.5,8.0,7.75,0.0013105044,0.02132196162046909,0.13965884861407252
150.0,Leading,8.0,8.5,8.25,0.0011794539599999999,0.01918976545842218,0.1588486140724947
150.0,Leading,8.5,9.0,8.75,0.0009828782999999996,0.015991471215351813,0.1748400852878465
150.0,Leading,9.0,9.5,9.25,0.00222785748,0.03624733475479745,0.21108742004264397
150.0,Leading,9.5,10.0,9.75,0.00216233226,0.035181236673774,0.24626865671641796
150.0,Leading,10.0,10.5,10.25,0.003210735779999998,0.05223880597014924,0.2985074626865672
150.0,Leading,10.5,11.0,10.75,0.004259139299999998,0.06929637526652452,0.3678038379530917
150.0,Leading,11.0,11.5,11.25,0.003997038419999997,0.06503198294243068,0.43283582089552236
150.0,Leading,11.5,12.0,11.75,0.004193614079999998,0.06823027718550105,0.5010660980810234
150.0,Leading,12.0,12.5,12.25,0.003603887099999997,0.05863539445628995,0.5597014925373134
150.0,Leading,12.5,13.0,12.75,0.004193614079999998,0.06823027718550105,0.6279317697228144
150.0,Leading,13.0,13.5,13.25,0.004128088859999998,0.0671641791044776,0.695095948827292
150.0,Leading,13.5,14.0,13.75,0.0024899583599999994,0.040511727078891266,0.7356076759061833
150.0,Leading,14.0,14.5,14.25,0.0024244331399999996,0.03944562899786781,0.7750533049040511
150.0,Leading,14.5,15.0,14.75,0.0029486348999999985,0.04797441364605543,0.8230277185501066
150.0,Leading,15.0,15.5,15.25,0.0019002313800000007,0.030916844349680193,0.8539445628997868
150.0,Leading,15.5,16.0,15.75,0.00019657565999999999,0.0031982942430703633,0.8571428571428572
150.0,Leading,16.0,16.5,16.25,0.00026210088,0.004264392324093817,0.861407249466951
150.0,Leading,16.5,17.0,16.75,0.0003931513199999999,0.006396588486140726,0.8678038379530918
150.0,Leading,17.0,17.5,17.25,0.00026210088,0.004264392324093817,0.8720682302771856
150.0,Leading,17.5,18.0,17.75,0.00026210088,0.004264392324093817,0.8763326226012794
150.0,Leading,18.0,18.5,18.25,0.0003931513199999999,0.006396588486140726,0.8827292110874202
150.0,Leading,18.5,19.0,18.75,0.0003931513199999999,0.006396588486140726,0.889125799573561
150.0,Leading,19.0,19.5,19.25,0.0003931513199999999,0.006396588486140726,0.8955223880597017
150.0,Leading,19.5,20.0,19.75,0.0003931513199999999,0.006396588486140726,0.9019189765458425
150.0,Leading,20.0,20.5,20.25,0.00019657565999999999,0.0031982942430703633,0.9051172707889129
150.0,Leading,20.5,21.0,20.75,0.0005897269799999998,0.009594882729211088,0.914712153518124
150.0,Leading,21.0,21.5,21.25,0.0007207774199999998,0.011727078891257996,0.926439232409382
150.0,Leading,21.5,22.0,21.75,0.0008518278599999997,0.013859275053304905,0.9402985074626868
150.0,Leading,22.0,22.5,22.25,0.0004586765399999999,0.00746268656716418,0.947761194029851
150.0,Leading,22.5,23.0,22.75,0.0006552521999999998,0.010660980810234541,0.9584221748400856
150.0,Leading,23.0,23.5,23.25,0.0005242017599999999,0.008528784648187633,0.9669509594882733
150.0,Leading,23.5,24.0,23.75,0.0009173530799999997,0.014925373134328358,0.9818763326226017
150.0,Leading,24.0,24.5,24.25,0.0005897269799999998,0.009594882729211088,0.9914712153518127
150.0,Leading,24.5,25.0,24.75,0.0004586765399999999,0.00746268656716418,0.9989339019189769
150.0,Leading,25.0,25.5,25.25,6.552522e-05,0.0010660980810234544,1.0000000000000004
150.0,Leading,25.5,26.0,25.75,0.0,0.0,1.0000000000000004
150.0,Leading,26.0,26.5,26.25,0.0,0.0,1.0000000000000004
150.0,Leading,26.5,27.0,26.75,0.0,0.0,1.0000000000000004
150.0,Leading,27.0,27.5,27.25,0.0,0.0,1.0000000000000004
150.0,Leading,27.5,28.0,27.75,0.0,0.0,1.0000000000000004
150.0,Leading,28.0,28.5,28.25,0.0,0.0,1.0000000000000004
150.0,Leading,28.5,29.0,28.75,0.0,0.0,1.0000000000000004
150.0,Leading,29.0,29.5,29.25,0.0,0.0,1.0000000000000004
150.0,Leading,29.5,30.0,29.75,0.0,0.0,1.0000000000000004
150.0,Leading,30.0,30.5,30.25,0.0,0.0,1.0000000000000004
150.0,Leading,30.5,31.0,30.75,0.0,0.0,1.0000000000000004
150.0,Leading,31.0,31.5,31.25,0.0,0.0,1.0000000000000004
150.0,Leading,31.5,32.0,31.75,0.0,0.0,1.0000000000000004
150.0,Leading,32.0,32.5,32.25,0.0,0.0,1.0000000000000004
150.0,Leading,32.5,33.0,32.75,0.0,0.0,1.0000000000000004
150.0,Leading,33.0,33.5,33.25,0.0,0.0,1.0000000000000004
150.0,Leading,33.5,34.0,33.75,0.0,0.0,1.0000000000000004
150.0,Leading,34.0,34.5,34.25,0.0,0.0,1.0000000000000004
150.0,Leading,34.5,35.0,34.75,0.0,0.0,1.0000000000000004
150.0,Leading,35.0,35.5,35.25,0.0,0.0,1.0000000000000004
150.0,Leading,35.5,36.0,35.75,0.0,0.0,1.0000000000000004
150.0,Leading,36.0,36.5,36.25,0.0,0.0,1.0000000000000004
150.0,Leading,36.5,37.0,36.75,0.0,0.0,1.0000000000000004
150.0,Leading,37.0,37.5,37.25,0.0,0.0,1.0000000000000004
150.0,Leading,37.5,38.0,37.75,0.0,0.0,1.0000000000000004
150.0,Leading,38.0,38.5,38.25,0.0,0.0,1.0000000000000004
150.0,Leading,38.5,39.0,38.75,0.0,0.0,1.0000000000000004
150.0,Leading,39.0,39.5,39.25,0.0,0.0,1.0000000000000004
150.0,Leading,39.5,40.0,39.75,0.0,0.0,1.0000000000000004
150.0,Leading,40.0,40.5,40.25,0.0,0.0,1.0000000000000004
150.0,Leading,40.5,41.0,40.75,0.0,0.0,1.0000000000000004
150.0,Leading,41.0,41.5,41.25,0.0,0.0,1.0000000000000004
150.0,Leading,41.5,42.0,41.75,0.0,0.0,1.0000000000000004
150.0,Leading,42.0,42.5,42.25,0.0,0.0,1.0000000000000004
150.0,Leading,42.5,43.0,42.75,0.0,0.0,1.0000000000000004
150.0,Leading,43.0,43.5,43.25,0.0,0.0,1.0000000000000004
150.0,Leading,43.5,44.0,43.75,0.0,0.0,1.0000000000000004
150.0,Leading,44.0,44.5,44.25,0.0,0.0,1.0000000000000004
150.0,Leading,44.5,45.0,44.75,0.0,0.0,1.0000000000000004
150.0,Leading,45.0,45.5,45.25,0.0,0.0,1.0000000000000004
150.0,Leading,45.5,46.0,45.75,0.0,0.0,1.0000000000000004
150.0,Leading,46.0,46.5,46.25,0.0,0.0,1.0000000000000004
150.0,Leading,46.5,47.0,46.75,0.0,0.0,1.0000000000000004
150.0,Leading,47.0,47.5,47.25,0.0,0.0,1.0000000000000004
150.0,Leading,47.5,48.0,47.75,0.0,0.0,1.0000000000000004
150.0,Leading,48.0,48.5,48.25,0.0,0.0,1.0000000000000004
150.0,Leading,48.5,49.0,48.75,0.0,0.0,1.0000000000000004
150.0,Leading,49.0,49.5,49.25,0.0,0.0,1.0000000000000004
150.0,Leading,49.5,50.0,49.75,0.0,0.0,1.0000000000000004
150.0,Leading,50.0,50.5,50.25,0.0,0.0,1.0000000000000004
150.0,Leading,50.5,51.0,50.75,0.0,0.0,1.0000000000000004
150.0,Leading,51.0,51.5,51.25,0.0,0.0,1.0000000000000004
150.0,Leading,51.5,52.0,51.75,0.0,0.0,1.0000000000000004
150.0,Leading,52.0,52.5,52.25,0.0,0.0,1.0000000000000004
150.0,Leading,52.5,53.0,52.75,0.0,0.0,1.0000000000000004
150.0,Leading,53.0,53.5,53.25,0.0,0.0,1.0000000000000004
150.0,Leading,53.5,54.0,53.75,0.0,0.0,1.0000000000000004
150.0,Leading,54.0,54.5,54.25,0.0,0.0,1.0000000000000004
150.0,Leading,54.5,55.0,54.75,0.0,0.0,1.0000000000000004
150.0,Leading,55.0,55.5,55.25,0.0,0.0,1.0000000000000004
150.0,Leading,55.5,56.0,55.75,0.0,0.0,1.0000000000000004
150.0,Leading,56.0,56.5,56.25,0.0,0.0,1.0000000000000004
150.0,Leading,56.5,57.0,56.75,0.0,0.0,1.0000000000000004
150.0,Leading,57.0,57.5,57.25,0.0,0.0,1.0000000000000004
150.0,Leading,57.5,58.0,57.75,0.0,0.0,1.0000000000000004
150.0,Leading,58.0,58.5,58.25,0.0,0.0,1.0000000000000004
150.0,Leading,58.5,59.0,58.75,0.0,0.0,1.0000000000000004
150.0,Leading,59.0,59.5,59.25,0.0,0.0,1.0000000000000004
150.0,Leading,59.5,60.0,59.75,0.0,0.0,1.0000000000000004
150.0,Leading,60.0,60.5,60.25,0.0,0.0,1.0000000000000004
150.0,Leading,60.5,61.0,60.75,0.0,0.0,1.0000000000000004
150.0,Leading,61.0,61.5,61.25,0.0,0.0,1.0000000000000004
150.0,Leading,61.5,62.0,61.75,0.0,0.0,1.0000000000000004
150.0,Leading,62.0,62.5,62.25,0.0,0.0,1.0000000000000004
150.0,Leading,62.5,63.0,62.75,0.0,0.0,1.0000000000000004
150.0,Leading,63.0,63.5,63.25,0.0,0.0,1.0000000000000004
150.0,Leading,63.5,64.0,63.75,0.0,0.0,1.0000000000000004
150.0,Leading,64.0,64.5,64.25,0.0,0.0,1.0000000000000004
150.0,Leading,64.5,65.0,64.75,0.0,0.0,1.0000000000000004
150.0,Leading,65.0,65.5,65.25,0.0,0.0,1.0000000000000004
150.0,Leading,65.5,66.0,65.75,0.0,0.0,1.0000000000000004
150.0,Leading,66.0,66.5,66.25,0.0,0.0,1.0000000000000004
150.0,Leading,66.5,67.0,66.75,0.0,0.0,1.0000000000000004
150.0,Leading,67.0,67.5,67.25,0.0,0.0,1.0000000000000004
150.0,Leading,67.5,68.0,67.75,0.0,0.0,1.0000000000000004
150.0,Leading,68.0,68.5,68.25,0.0,0.0,1.0000000000000004
150.0,Leading,68.5,69.0,68.75,0.0,0.0,1.0000000000000004
150.0,Leading,69.0,69.5,69.25,0.0,0.0,1.0000000000000004
150.0,Leading,69.5,70.0,69.75,0.0,0.0,1.0000000000000004
150.0,Leading,70.0,70.5,70.25,0.0,0.0,1.0000000000000004
150.0,Leading,70.5,71.0,70.75,0.0,0.0,1.0000000000000004
150.0,Leading,71.0,71.5,71.25,0.0,0.0,1.0000000000000004
150.0,Leading,71.5,72.0,71.75,0.0,0.0,1.0000000000000004
150.0,Leading,72.0,72.5,72.25,0.0,0.0,1.0000000000000004
150.0,Leading,72.5,73.0,72.75,0.0,0.0,1.0000000000000004
150.0,Leading,73.0,73.5,73.25,0.0,0.0,1.0000000000000004
150.0,Leading,73.5,74.0,73.75,0.0,0.0,1.0000000000000004
150.0,Leading,74.0,74.5,74.25,0.0,0.0,1.0000000000000004
150.0,Leading,74.5,75.0,74.75,0.0,0.0,1.0000000000000004
150.0,Leading,75.0,75.5,75.25,0.0,0.0,1.0000000000000004
150.0,Leading,75.5,76.0,75.75,0.0,0.0,1.0000000000000004
150.0,Leading,76.0,76.5,76.25,0.0,0.0,1.0000000000000004
150.0,Leading,76.5,77.0,76.75,0.0,0.0,1.0000000000000004
150.0,Leading,77.0,77.5,77.25,0.0,0.0,1.0000000000000004
150.0,Leading,77.5,78.0,77.75,0.0,0.0,1.0000000000000004
150.0,Leading,78.0,78.5,78.25,0.0,0.0,1.0000000000000004
150.0,Leading,78.5,79.0,78.75,0.0,0.0,1.0000000000000004
150.0,Leading,79.0,79.5,79.25,0.0,0.0,1.0000000000000004
150.0,Leading,79.5,80.0,79.75,0.0,0.0,1.0000000000000004
150.0,Leading,80.0,80.5,80.25,0.0,0.0,1.0000000000000004
150.0,Leading,80.5,81.0,80.75,0.0,0.0,1.0000000000000004
150.0,Leading,81.0,81.5,81.25,0.0,0.0,1.0000000000000004
150.0,Leading,81.5,82.0,81.75,0.0,0.0,1.0000000000000004
150.0,Leading,82.0,82.5,82.25,0.0,0.0,1.0000000000000004
150.0,Leading,82.5,83.0,82.75,0.0,0.0,1.0000000000000004
150.0,Leading,83.0,83.5,83.25,0.0,0.0,1.0000000000000004
150.0,Leading,83.5,84.0,83.75,0.0,0.0,1.0000000000000004
150.0,Leading,84.0,84.5,84.25,0.0,0.0,1.0000000000000004
150.0,Leading,84.5,85.0,84.75,0.0,0.0,1.0000000000000004
150.0,Leading,85.0,85.5,85.25,0.0,0.0,1.0000000000000004
150.0,Leading,85.5,86.0,85.75,0.0,0.0,1.0000000000000004
150.0,Leading,86.0,86.5,86.25,0.0,0.0,1.0000000000000004
150.0,Leading,86.5,87.0,86.75,0.0,0.0,1.0000000000000004
150.0,Leading,87.0,87.5,87.25,0.0,0.0,1.0000000000000004
150.0,Leading,87.5,88.0,87.75,0.0,0.0,1.0000000000000004
150.0,Leading,88.0,88.5,88.25,0.0,0.0,1.0000000000000004
150.0,Leading,88.5,89.0,88.75,0.0,0.0,1.0000000000000004
150.0,Leading,89.0,89.5,89.25,0.0,0.0,1.0000000000000004
150.0,Leading,89.5,90.0,89.75,0.0,0.0,1.0000000000000004
150.0,Sub-Mars,0.0,0.5,0.25,0.00013105044,0.0017482517482517485,0.0017482517482517485
150.0,Sub-Mars,0.5,1.0,0.75,0.0005897269799999998,0.007867132867132866,0.009615384615384614
150.0,Sub-Mars,1.0,1.5,1.25,0.0009173530799999997,0.012237762237762236,0.02185314685314685
150.0,Sub-Mars,1.5,2.0,1.75,0.0022933827,0.0305944055944056,0.05244755244755245
150.0,Sub-Mars,2.0,2.5,2.25,0.0017691809400000006,0.023601398601398614,0.07604895104895107
150.0,Sub-Mars,2.5,3.0,2.75,0.0017036557200000005,0.02272727272727274,0.0987762237762238
150.0,Sub-Mars,3.0,3.5,3.25,0.0017036557200000005,0.02272727272727274,0.12150349650349654
150.0,Sub-Mars,3.5,4.0,3.75,0.0022933827,0.0305944055944056,0.15209790209790214
150.0,Sub-Mars,4.0,4.5,4.25,0.0024244331399999996,0.032342657342657344,0.18444055944055948
150.0,Sub-Mars,4.5,5.0,4.75,0.0030141601199999983,0.040209790209790194,0.2246503496503497
150.0,Sub-Mars,5.0,5.5,5.25,0.002686534019999999,0.03583916083916083,0.2604895104895105
150.0,Sub-Mars,5.5,6.0,5.75,0.0020968070400000003,0.027972027972027982,0.2884615384615385
150.0,Sub-Mars,6.0,6.5,6.25,0.0024244331399999996,0.032342657342657344,0.32080419580419584
150.0,Sub-Mars,6.5,7.0,6.75,0.003603887099999997,0.04807692307692305,0.3688811188811189
150.0,Sub-Mars,7.0,7.5,7.25,0.0028175844599999987,0.03758741258741258,0.40646853146853146
150.0,Sub-Mars,7.5,8.0,7.75,0.0029486348999999985,0.03933566433566432,0.4458041958041958
150.0,Sub-Mars,8.0,8.5,8.25,0.0037349375399999968,0.049825174825174796,0.49562937062937057
150.0,Sub-Mars,8.5,9.0,8.75,0.003538361879999997,0.04720279720279718,0.5428321678321677
150.0,Sub-Mars,9.0,9.5,9.25,0.005635168920000004,0.07517482517482525,0.6180069930069929
150.0,Sub-Mars,9.5,10.0,9.75,0.003997038419999997,0.05332167832167829,0.6713286713286712
150.0,Sub-Mars,10.0,10.5,10.25,0.004259139299999998,0.05681818181818181,0.728146853146853
150.0,Sub-Mars,10.5,11.0,10.75,0.0018347061600000006,0.02447552447552449,0.7526223776223775
150.0,Sub-Mars,11.0,11.5,11.25,0.0010484035199999997,0.013986013986013986,0.7666083916083914
150.0,Sub-Mars,11.5,12.0,11.75,0.0004586765399999999,0.006118881118881119,0.7727272727272726
150.0,Sub-Mars,12.0,12.5,12.25,0.0016381305000000004,0.021853146853146863,0.7945804195804195
150.0,Sub-Mars,12.5,13.0,12.75,0.0005897269799999998,0.007867132867132866,0.8024475524475524
150.0,Sub-Mars,13.0,13.5,13.25,0.0006552521999999998,0.00874125874125874,0.8111888111888111
150.0,Sub-Mars,13.5,14.0,13.75,0.00137602962,0.018356643356643363,0.8295454545454545
150.0,Sub-Mars,14.0,14.5,14.25,0.0008518278599999997,0.011363636363636362,0.8409090909090908
150.0,Sub-Mars,14.5,15.0,14.75,0.0010484035199999997,0.013986013986013986,0.8548951048951048
150.0,Sub-Mars,15.0,15.5,15.25,0.0019657566000000006,0.026223776223776238,0.881118881118881
150.0,Sub-Mars,15.5,16.0,15.75,0.0007207774199999998,0.009615384615384614,0.8907342657342656
150.0,Sub-Mars,16.0,16.5,16.25,0.0008518278599999997,0.011363636363636362,0.902097902097902
150.0,Sub-Mars,16.5,17.0,16.75,0.0011139287399999998,0.01486013986013986,0.9169580419580419
150.0,Sub-Mars,17.0,17.5,17.25,0.0010484035199999997,0.013986013986013986,0.9309440559440558
150.0,Sub-Mars,17.5,18.0,17.75,0.0008518278599999997,0.011363636363636362,0.9423076923076922
150.0,Sub-Mars,18.0,18.5,18.25,0.0005242017599999999,0.006993006993006993,0.9493006993006992
150.0,Sub-Mars,18.5,19.0,18.75,0.0014415548400000002,0.01923076923076924,0.9685314685314684
150.0,Sub-Mars,19.0,19.5,19.25,0.0011794539599999999,0.015734265734265736,0.9842657342657342
150.0,Sub-Mars,19.5,20.0,19.75,0.0005897269799999998,0.007867132867132866,0.9921328671328671
150.0,Sub-Mars,20.0,20.5,20.25,0.0005897269799999998,0.007867132867132866,1.0
150.0,Sub-Mars,20.5,21.0,20.75,0.0,0.0,1.0
150.0,Sub-Mars,21.0,21.5,21.25,0.0,0.0,1.0
150.0,Sub-Mars,21.5,22.0,21.75,0.0,0.0,1.0
150.0,Sub-Mars,22.0,22.5,22.25,0.0,0.0,1.0
150.0,Sub-Mars,22.5,23.0,22.75,0.0,0.0,1.0
150.0,Sub-Mars,23.0,23.5,23.25,0.0,0.0,1.0
150.0,Sub-Mars,23.5,24.0,23.75,0.0,0.0,1.0
150.0,Sub-Mars,24.0,24.5,24.25,0.0,0.0,1.0
150.0,Sub-Mars,24.5,25.0,24.75,0.0,0.0,1.0
150.0,Sub-Mars,25.0,25.5,25.25,0.0,0.0,1.0
150.0,Sub-Mars,25.5,26.0,25.75,0.0,0.0,1.0
150.0,Sub-Mars,26.0,26.5,26.25,0.0,0.0,1.0
150.0,Sub-Mars,26.5,27.0,26.75,0.0,0.0,1.0
150.0,Sub-Mars,27.0,27.5,27.25,0.0,0.0,1.0
150.0,Sub-Mars,27.5,28.0,27.75,0.0,0.0,1.0
150.0,Sub-Mars,28.0,28.5,28.25,0.0,0.0,1.0
150.0,Sub-Mars,28.5,29.0,28.75,0.0,0.0,1.0
150.0,Sub-Mars,29.0,29.5,29.25,0.0,0.0,1.0
150.0,Sub-Mars,29.5,30.0,29.75,0.0,0.0,1.0
150.0,Sub-Mars,30.0,30.5,30.25,0.0,0.0,1.0
150.0,Sub-Mars,30.5,31.0,30.75,0.0,0.0,1.0
150.0,Sub-Mars,31.0,31.5,31.25,0.0,0.0,1.0
150.0,Sub-Mars,31.5,32.0,31.75,0.0,0.0,1.0
150.0,Sub-Mars,32.0,32.5,32.25,0.0,0.0,1.0
150.0,Sub-Mars,32.5,33.0,32.75,0.0,0.0,1.0
150.0,Sub-Mars,33.0,33.5,33.25,0.0,0.0,1.0
150.0,Sub-Mars,33.5,34.0,33.75,0.0,0.0,1.0
150.0,Sub-Mars,34.0,34.5,34.25,0.0,0.0,1.0
150.0,Sub-Mars,34.5,35.0,34.75,0.0,0.0,1.0
150.0,Sub-Mars,35.0,35.5,35.25,0.0,0.0,1.0
150.0,Sub-Mars,35.5,36.0,35.75,0.0,0.0,1.0
150.0,Sub-Mars,36.0,36.5,36.25,0.0,0.0,1.0
150.0,Sub-Mars,36.5,37.0,36.75,0.0,0.0,1.0
150.0,Sub-Mars,37.0,37.5,37.25,0.0,0.0,1.0
150.0,Sub-Mars,37.5,38.0,37.75,0.0,0.0,1.0
150.0,Sub-Mars,38.0,38.5,38.25,0.0,0.0,1.0
150.0,Sub-Mars,38.5,39.0,38.75,0.0,0.0,1.0
150.0,Sub-Mars,39.0,39.5,39.25,0.0,0.0,1.0
150.0,Sub-Mars,39.5,40.0,39.75,0.0,0.0,1.0
150.0,Sub-Mars,40.0,40.5,40.25,0.0,0.0,1.0
150.0,Sub-Mars,40.5,41.0,40.75,0.0,0.0,1.0
150.0,Sub-Mars,41.0,41.5,41.25,0.0,0.0,1.0
150.0,Sub-Mars,41.5,42.0,41.75,0.0,0.0,1.0
150.0,Sub-Mars,42.0,42.5,42.25,0.0,0.0,1.0
150.0,Sub-Mars,42.5,43.0,42.75,0.0,0.0,1.0
150.0,Sub-Mars,43.0,43.5,43.25,0.0,0.0,1.0
150.0,Sub-Mars,43.5,44.0,43.75,0.0,0.0,1.0
150.0,Sub-Mars,44.0,44.5,44.25,0.0,0.0,1.0
150.0,Sub-Mars,44.5,45.0,44.75,0.0,0.0,1.0
150.0,Sub-Mars,45.0,45.5,45.25,0.0,0.0,1.0
150.0,Sub-Mars,45.5,46.0,45.75,0.0,0.0,1.0
150.0,Sub-Mars,46.0,46.5,46.25,0.0,0.0,1.0
150.0,Sub-Mars,46.5,47.0,46.75,0.0,0.0,1.0
150.0,Sub-Mars,47.0,47.5,47.25,0.0,0.0,1.0
150.0,Sub-Mars,47.5,48.0,47.75,0.0,0.0,1.0
150.0,Sub-Mars,48.0,48.5,48.25,0.0,0.0,1.0
150.0,Sub-Mars,48.5,49.0,48.75,0.0,0.0,1.0
150.0,Sub-Mars,49.0,49.5,49.25,0.0,0.0,1.0
150.0,Sub-Mars,49.5,50.0,49.75,0.0,0.0,1.0
150.0,Sub-Mars,50.0,50.5,50.25,0.0,0.0,1.0
150.0,Sub-Mars,50.5,51.0,50.75,0.0,0.0,1.0
150.0,Sub-Mars,51.0,51.5,51.25,0.0,0.0,1.0
150.0,Sub-Mars,51.5,52.0,51.75,0.0,0.0,1.0
150.0,Sub-Mars,52.0,52.5,52.25,0.0,0.0,1.0
150.0,Sub-Mars,52.5,53.0,52.75,0.0,0.0,1.0
150.0,Sub-Mars,53.0,53.5,53.25,0.0,0.0,1.0
150.0,Sub-Mars,53.5,54.0,53.75,0.0,0.0,1.0
150.0,Sub-Mars,54.0,54.5,54.25,0.0,0.0,1.0
150.0,Sub-Mars,54.5,55.0,54.75,0.0,0.0,1.0
150.0,Sub-Mars,55.0,55.5,55.25,0.0,0.0,1.0
150.0,Sub-Mars,55.5,56.0,55.75,0.0,0.0,1.0
150.0,Sub-Mars,56.0,56.5,56.25,0.0,0.0,1.0
150.0,Sub-Mars,56.5,57.0,56.75,0.0,0.0,1.0
150.0,Sub-Mars,57.0,57.5,57.25,0.0,0.0,1.0
150.0,Sub-Mars,57.5,58.0,57.75,0.0,0.0,1.0
150.0,Sub-Mars,58.0,58.5,58.25,0.0,0.0,1.0
150.0,Sub-Mars,58.5,59.0,58.75,0.0,0.0,1.0
150.0,Sub-Mars,59.0,59.5,59.25,0.0,0.0,1.0
150.0,Sub-Mars,59.5,60.0,59.75,0.0,0.0,1.0
150.0,Sub-Mars,60.0,60.5,60.25,0.0,0.0,1.0
150.0,Sub-Mars,60.5,61.0,60.75,0.0,0.0,1.0
150.0,Sub-Mars,61.0,61.5,61.25,0.0,0.0,1.0
150.0,Sub-Mars,61.5,62.0,61.75,0.0,0.0,1.0
150.0,Sub-Mars,62.0,62.5,62.25,0.0,0.0,1.0
150.0,Sub-Mars,62.5,63.0,62.75,0.0,0.0,1.0
150.0,Sub-Mars,63.0,63.5,63.25,0.0,0.0,1.0
150.0,Sub-Mars,63.5,64.0,63.75,0.0,0.0,1.0
150.0,Sub-Mars,64.0,64.5,64.25,0.0,0.0,1.0
150.0,Sub-Mars,64.5,65.0,64.75,0.0,0.0,1.0
150.0,Sub-Mars,65.0,65.5,65.25,0.0,0.0,1.0
150.0,Sub-Mars,65.5,66.0,65.75,0.0,0.0,1.0
150.0,Sub-Mars,66.0,66.5,66.25,0.0,0.0,1.0
150.0,Sub-Mars,66.5,67.0,66.75,0.0,0.0,1.0
150.0,Sub-Mars,67.0,67.5,67.25,0.0,0.0,1.0
150.0,Sub-Mars,67.5,68.0,67.75,0.0,0.0,1.0
150.0,Sub-Mars,68.0,68.5,68.25,0.0,0.0,1.0
150.0,Sub-Mars,68.5,69.0,68.75,0.0,0.0,1.0
150.0,Sub-Mars,69.0,69.5,69.25,0.0,0.0,1.0
150.0,Sub-Mars,69.5,70.0,69.75,0.0,0.0,1.0
150.0,Sub-Mars,70.0,70.5,70.25,0.0,0.0,1.0
150.0,Sub-Mars,70.5,71.0,70.75,0.0,0.0,1.0
150.0,Sub-Mars,71.0,71.5,71.25,0.0,0.0,1.0
150.0,Sub-Mars,71.5,72.0,71.75,0.0,0.0,1.0
150.0,Sub-Mars,72.0,72.5,72.25,0.0,0.0,1.0
150.0,Sub-Mars,72.5,73.0,72.75,0.0,0.0,1.0
150.0,Sub-Mars,73.0,73.5,73.25,0.0,0.0,1.0
150.0,Sub-Mars,73.5,74.0,73.75,0.0,0.0,1.0
150.0,Sub-Mars,74.0,74.5,74.25,0.0,0.0,1.0
150.0,Sub-Mars,74.5,75.0,74.75,0.0,0.0,1.0
150.0,Sub-Mars,75.0,75.5,75.25,0.0,0.0,1.0
150.0,Sub-Mars,75.5,76.0,75.75,0.0,0.0,1.0
150.0,Sub-Mars,76.0,76.5,76.25,0.0,0.0,1.0
150.0,Sub-Mars,76.5,77.0,76.75,0.0,0.0,1.0
150.0,Sub-Mars,77.0,77.5,77.25,0.0,0.0,1.0
150.0,Sub-Mars,77.5,78.0,77.75,0.0,0.0,1.0
150.0,Sub-Mars,78.0,78.5,78.25,0.0,0.0,1.0
150.0,Sub-Mars,78.5,79.0,78.75,0.0,0.0,1.0
150.0,Sub-Mars,79.0,79.5,79.25,0.0,0.0,1.0
150.0,Sub-Mars,79.5,80.0,79.75,0.0,0.0,1.0
150.0,Sub-Mars,80.0,80.5,80.25,0.0,0.0,1.0
150.0,Sub-Mars,80.5,81.0,80.75,0.0,0.0,1.0
150.0,Sub-Mars,81.0,81.5,81.25,0.0,0.0,1.0
150.0,Sub-Mars,81.5,82.0,81.75,0.0,0.0,1.0
150.0,Sub-Mars,82.0,82.5,82.25,0.0,0.0,1.0
150.0,Sub-Mars,82.5,83.0,82.75,0.0,0.0,1.0
150.0,Sub-Mars,83.0,83.5,83.25,0.0,0.0,1.0
150.0,Sub-Mars,83.5,84.0,83.75,0.0,0.0,1.0
150.0,Sub-Mars,84.0,84.5,84.25,0.0,0.0,1.0
150.0,Sub-Mars,84.5,85.0,84.75,0.0,0.0,1.0
150.0,Sub-Mars,85.0,85.5,85.25,0.0,0.0,1.0
150.0,Sub-Mars,85.5,86.0,85.75,0.0,0.0,1.0
150.0,Sub-Mars,86.0,86.5,86.25,0.0,0.0,1.0
150.0,Sub-Mars,86.5,87.0,86.75,0.0,0.0,1.0
150.0,Sub-Mars,87.0,87.5,87.25,0.0,0.0,1.0
150.0,Sub-Mars,87.5,88.0,87.75,0.0,0.0,1.0
150.0,Sub-Mars,88.0,88.5,88.25,0.0,0.0,1.0
150.0,Sub-Mars,88.5,89.0,88.75,0.0,0.0,1.0
150.0,Sub-Mars,89.0,89.5,89.25,0.0,0.0,1.0
150.0,Sub-Mars,89.5,90.0,89.75,0.0,0.0,1.0
150.0,Trailing,0.0,0.5,0.25,0.0,0.0,0.0
150.0,Trailing,0.5,1.0,0.75,0.0,0.0,0.0
150.0,Trailing,1.0,1.5,1.25,0.0,0.0,0.0
150.0,Trailing,1.5,2.0,1.75,0.0,0.0,0.0
150.0,Trailing,2.0,2.5,2.25,0.0,0.0,0.0
150.0,Trailing,2.5,3.0,2.75,0.0,0.0,0.0
150.0,Trailing,3.0,3.5,3.25,0.0003931513199999999,0.005235602094240837,0.005235602094240837
150.0,Trailing,3.5,4.0,3.75,0.0024244331399999996,0.03228621291448516,0.037521815008726
150.0,Trailing,4.0,4.5,4.25,0.005110967160000002,0.06806282722513092,0.10558464223385691
150.0,Trailing,4.5,5.0,4.75,0.008125127280000012,0.10820244328097747,0.21378708551483439
150.0,Trailing,5.0,5.5,5.25,0.005176492380000002,0.06893542757417107,0.2827225130890054
150.0,Trailing,5.5,6.0,5.75,0.003997038419999997,0.05322862129144848,0.3359511343804539
150.0,Trailing,6.0,6.5,6.25,0.003603887099999997,0.047993019197207644,0.38394415357766154
150.0,Trailing,6.5,7.0,6.75,0.0037349375399999968,0.04973821989528791,0.43368237347294947
150.0,Trailing,7.0,7.5,7.25,0.004193614079999998,0.05584642233856891,0.48952879581151837
150.0,Trailing,7.5,8.0,7.75,0.004128088859999998,0.054973821989528764,0.5445026178010471
150.0,Trailing,8.0,8.5,8.25,0.0034073114399999975,0.04537521815008723,0.5898778359511344
150.0,Trailing,8.5,9.0,8.75,0.0030141601199999983,0.0401396160558464,0.6300174520069808
150.0,Trailing,9.0,9.5,9.25,0.0030141601199999983,0.0401396160558464,0.6701570680628272
150.0,Trailing,9.5,10.0,9.75,0.003145210559999998,0.041884816753926676,0.7120418848167538
150.0,Trailing,10.0,10.5,10.25,0.0028831096799999986,0.03839441535776612,0.7504363001745199
150.0,Trailing,10.5,11.0,10.75,0.0028175844599999987,0.037521815008725985,0.7879581151832459
150.0,Trailing,11.0,11.5,11.25,0.0028175844599999987,0.037521815008725985,0.8254799301919719
150.0,Trailing,11.5,12.0,11.75,0.002621008799999999,0.03490401396160558,0.8603839441535774
150.0,Trailing,12.0,12.5,12.25,0.002752059239999999,0.03664921465968585,0.8970331588132633
150.0,Trailing,12.5,13.0,12.75,0.0019657566000000006,0.026178010471204195,0.9232111692844674
150.0,Trailing,13.0,13.5,13.25,0.0023589079199999997,0.031413612565445025,0.9546247818499125
150.0,Trailing,13.5,14.0,13.75,0.0017691809400000006,0.023560209424083777,0.9781849912739963
150.0,Trailing,14.0,14.5,14.25,0.0016381305000000004,0.021815008726003497,0.9999999999999998
150.0,Trailing,14.5,15.0,14.75,0.0,0.0,0.9999999999999998
150.0,Trailing,15.0,15.5,15.25,0.0,0.0,0.9999999999999998
150.0,Trailing,15.5,16.0,15.75,0.0,0.0,0.9999999999999998
150.0,Trailing,16.0,16.5,16.25,0.0,0.0,0.9999999999999998
150.0,Trailing,16.5,17.0,16.75,0.0,0.0,0.9999999999999998
150.0,Trailing,17.0,17.5,17.25,0.0,0.0,0.9999999999999998
150.0,Trailing,17.5,18.0,17.75,0.0,0.0,0.9999999999999998
150.0,Trailing,18.0,18.5,18.25,0.0,0.0,0.9999999999999998
150.0,Trailing,18.5,19.0,18.75,0.0,0.0,0.9999999999999998
150.0,Trailing,19.0,19.5,19.25,0.0,0.0,0.9999999999999998
150.0,Trailing,19.5,20.0,19.75,0.0,0.0,0.9999999999999998
150.0,Trailing,20.0,20.5,20.25,0.0,0.0,0.9999999999999998
150.0,Trailing,20.5,21.0,20.75,0.0,0.0,0.9999999999999998
150.0,Trailing,21.0,21.5,21.25,0.0,0.0,0.9999999999999998
150.0,Trailing,21.5,22.0,21.75,0.0,0.0,0.9999999999999998
150.0,Trailing,22.0,22.5,22.25,0.0,0.0,0.9999999999999998
150.0,Trailing,22.5,23.0,22.75,0.0,0.0,0.9999999999999998
150.0,Trailing,23.0,23.5,23.25,0.0,0.0,0.9999999999999998
150.0,Trailing,23.5,24.0,23.75,0.0,0.0,0.9999999999999998
150.0,Trailing,24.0,24.5,24.25,0.0,0.0,0.9999999999999998
150.0,Trailing,24.5,25.0,24.75,0.0,0.0,0.9999999999999998
150.0,Trailing,25.0,25.5,25.25,0.0,0.0,0.9999999999999998
150.0,Trailing,25.5,26.0,25.75,0.0,0.0,0.9999999999999998
150.0,Trailing,26.0,26.5,26.25,0.0,0.0,0.9999999999999998
150.0,Trailing,26.5,27.0,26.75,0.0,0.0,0.9999999999999998
150.0,Trailing,27.0,27.5,27.25,0.0,0.0,0.9999999999999998
150.0,Trailing,27.5,28.0,27.75,0.0,0.0,0.9999999999999998
150.0,Trailing,28.0,28.5,28.25,0.0,0.0,0.9999999999999998
150.0,Trailing,28.5,29.0,28.75,0.0,0.0,0.9999999999999998
150.0,Trailing,29.0,29.5,29.25,0.0,0.0,0.9999999999999998
150.0,Trailing,29.5,30.0,29.75,0.0,0.0,0.9999999999999998
150.0,Trailing,30.0,30.5,30.25,0.0,0.0,0.9999999999999998
150.0,Trailing,30.5,31.0,30.75,0.0,0.0,0.9999999999999998
150.0,Trailing,31.0,31.5,31.25,0.0,0.0,0.9999999999999998
150.0,Trailing,31.5,32.0,31.75,0.0,0.0,0.9999999999999998
150.0,Trailing,32.0,32.5,32.25,0.0,0.0,0.9999999999999998
150.0,Trailing,32.5,33.0,32.75,0.0,0.0,0.9999999999999998
150.0,Trailing,33.0,33.5,33.25,0.0,0.0,0.9999999999999998
150.0,Trailing,33.5,34.0,33.75,0.0,0.0,0.9999999999999998
150.0,Trailing,34.0,34.5,34.25,0.0,0.0,0.9999999999999998
150.0,Trailing,34.5,35.0,34.75,0.0,0.0,0.9999999999999998
150.0,Trailing,35.0,35.5,35.25,0.0,0.0,0.9999999999999998
150.0,Trailing,35.5,36.0,35.75,0.0,0.0,0.9999999999999998
150.0,Trailing,36.0,36.5,36.25,0.0,0.0,0.9999999999999998
150.0,Trailing,36.5,37.0,36.75,0.0,0.0,0.9999999999999998
150.0,Trailing,37.0,37.5,37.25,0.0,0.0,0.9999999999999998
150.0,Trailing,37.5,38.0,37.75,0.0,0.0,0.9999999999999998
150.0,Trailing,38.0,38.5,38.25,0.0,0.0,0.9999999999999998
150.0,Trailing,38.5,39.0,38.75,0.0,0.0,0.9999999999999998
150.0,Trailing,39.0,39.5,39.25,0.0,0.0,0.9999999999999998
150.0,Trailing,39.5,40.0,39.75,0.0,0.0,0.9999999999999998
150.0,Trailing,40.0,40.5,40.25,0.0,0.0,0.9999999999999998
150.0,Trailing,40.5,41.0,40.75,0.0,0.0,0.9999999999999998
150.0,Trailing,41.0,41.5,41.25,0.0,0.0,0.9999999999999998
150.0,Trailing,41.5,42.0,41.75,0.0,0.0,0.9999999999999998
150.0,Trailing,42.0,42.5,42.25,0.0,0.0,0.9999999999999998
150.0,Trailing,42.5,43.0,42.75,0.0,0.0,0.9999999999999998
150.0,Trailing,43.0,43.5,43.25,0.0,0.0,0.9999999999999998
150.0,Trailing,43.5,44.0,43.75,0.0,0.0,0.9999999999999998
150.0,Trailing,44.0,44.5,44.25,0.0,0.0,0.9999999999999998
150.0,Trailing,44.5,45.0,44.75,0.0,0.0,0.9999999999999998
150.0,Trailing,45.0,45.5,45.25,0.0,0.0,0.9999999999999998
150.0,Trailing,45.5,46.0,45.75,0.0,0.0,0.9999999999999998
150.0,Trailing,46.0,46.5,46.25,0.0,0.0,0.9999999999999998
150.0,Trailing,46.5,47.0,46.75,0.0,0.0,0.9999999999999998
150.0,Trailing,47.0,47.5,47.25,0.0,0.0,0.9999999999999998
150.0,Trailing,47.5,48.0,47.75,0.0,0.0,0.9999999999999998
150.0,Trailing,48.0,48.5,48.25,0.0,0.0,0.9999999999999998
150.0,Trailing,48.5,49.0,48.75,0.0,0.0,0.9999999999999998
150.0,Trailing,49.0,49.5,49.25,0.0,0.0,0.9999999999999998
150.0,Trailing,49.5,50.0,49.75,0.0,0.0,0.9999999999999998
150.0,Trailing,50.0,50.5,50.25,0.0,0.0,0.9999999999999998
150.0,Trailing,50.5,51.0,50.75,0.0,0.0,0.9999999999999998
150.0,Trailing,51.0,51.5,51.25,0.0,0.0,0.9999999999999998
150.0,Trailing,51.5,52.0,51.75,0.0,0.0,0.9999999999999998
150.0,Trailing,52.0,52.5,52.25,0.0,0.0,0.9999999999999998
150.0,Trailing,52.5,53.0,52.75,0.0,0.0,0.9999999999999998
150.0,Trailing,53.0,53.5,53.25,0.0,0.0,0.9999999999999998
150.0,Trailing,53.5,54.0,53.75,0.0,0.0,0.9999999999999998
150.0,Trailing,54.0,54.5,54.25,0.0,0.0,0.9999999999999998
150.0,Trailing,54.5,55.0,54.75,0.0,0.0,0.9999999999999998
150.0,Trailing,55.0,55.5,55.25,0.0,0.0,0.9999999999999998
150.0,Trailing,55.5,56.0,55.75,0.0,0.0,0.9999999999999998
150.0,Trailing,56.0,56.5,56.25,0.0,0.0,0.9999999999999998
150.0,Trailing,56.5,57.0,56.75,0.0,0.0,0.9999999999999998
150.0,Trailing,57.0,57.5,57.25,0.0,0.0,0.9999999999999998
150.0,Trailing,57.5,58.0,57.75,0.0,0.0,0.9999999999999998
150.0,Trailing,58.0,58.5,58.25,0.0,0.0,0.9999999999999998
150.0,Trailing,58.5,59.0,58.75,0.0,0.0,0.9999999999999998
150.0,Trailing,59.0,59.5,59.25,0.0,0.0,0.9999999999999998
150.0,Trailing,59.5,60.0,59.75,0.0,0.0,0.9999999999999998
150.0,Trailing,60.0,60.5,60.25,0.0,0.0,0.9999999999999998
150.0,Trailing,60.5,61.0,60.75,0.0,0.0,0.9999999999999998
150.0,Trailing,61.0,61.5,61.25,0.0,0.0,0.9999999999999998
150.0,Trailing,61.5,62.0,61.75,0.0,0.0,0.9999999999999998
150.0,Trailing,62.0,62.5,62.25,0.0,0.0,0.9999999999999998
150.0,Trailing,62.5,63.0,62.75,0.0,0.0,0.9999999999999998
150.0,Trailing,63.0,63.5,63.25,0.0,0.0,0.9999999999999998
150.0,Trailing,63.5,64.0,63.75,0.0,0.0,0.9999999999999998
150.0,Trailing,64.0,64.5,64.25,0.0,0.0,0.9999999999999998
150.0,Trailing,64.5,65.0,64.75,0.0,0.0,0.9999999999999998
150.0,Trailing,65.0,65.5,65.25,0.0,0.0,0.9999999999999998
150.0,Trailing,65.5,66.0,65.75,0.0,0.0,0.9999999999999998
150.0,Trailing,66.0,66.5,66.25,0.0,0.0,0.9999999999999998
150.0,Trailing,66.5,67.0,66.75,0.0,0.0,0.9999999999999998
150.0,Trailing,67.0,67.5,67.25,0.0,0.0,0.9999999999999998
150.0,Trailing,67.5,68.0,67.75,0.0,0.0,0.9999999999999998
150.0,Trailing,68.0,68.5,68.25,0.0,0.0,0.9999999999999998
150.0,Trailing,68.5,69.0,68.75,0.0,0.0,0.9999999999999998
150.0,Trailing,69.0,69.5,69.25,0.0,0.0,0.9999999999999998
150.0,Trailing,69.5,70.0,69.75,0.0,0.0,0.9999999999999998
150.0,Trailing,70.0,70.5,70.25,0.0,0.0,0.9999999999999998
150.0,Trailing,70.5,71.0,70.75,0.0,0.0,0.9999999999999998
150.0,Trailing,71.0,71.5,71.25,0.0,0.0,0.9999999999999998
150.0,Trailing,71.5,72.0,71.75,0.0,0.0,0.9999999999999998
150.0,Trailing,72.0,72.5,72.25,0.0,0.0,0.9999999999999998
150.0,Trailing,72.5,73.0,72.75,0.0,0.0,0.9999999999999998
150.0,Trailing,73.0,73.5,73.25,0.0,0.0,0.9999999999999998
150.0,Trailing,73.5,74.0,73.75,0.0,0.0,0.9999999999999998
150.0,Trailing,74.0,74.5,74.25,0.0,0.0,0.9999999999999998
150.0,Trailing,74.5,75.0,74.75,0.0,0.0,0.9999999999999998
150.0,Trailing,75.0,75.5,75.25,0.0,0.0,0.9999999999999998
150.0,Trailing,75.5,76.0,75.75,0.0,0.0,0.9999999999999998
150.0,Trailing,76.0,76.5,76.25,0.0,0.0,0.9999999999999998
150.0,Trailing,76.5,77.0,76.75,0.0,0.0,0.9999999999999998
150.0,Trailing,77.0,77.5,77.25,0.0,0.0,0.9999999999999998
150.0,Trailing,77.5,78.0,77.75,0.0,0.0,0.9999999999999998
150.0,Trailing,78.0,78.5,78.25,0.0,0.0,0.9999999999999998
150.0,Trailing,78.5,79.0,78.75,0.0,0.0,0.9999999999999998
150.0,Trailing,79.0,79.5,79.25,0.0,0.0,0.9999999999999998
150.0,Trailing,79.5,80.0,79.75,0.0,0.0,0.9999999999999998
150.0,Trailing,80.0,80.5,80.25,0.0,0.0,0.9999999999999998
150.0,Trailing,80.5,81.0,80.75,0.0,0.0,0.9999999999999998
150.0,Trailing,81.0,81.5,81.25,0.0,0.0,0.9999999999999998
150.0,Trailing,81.5,82.0,81.75,0.0,0.0,0.9999999999999998
150.0,Trailing,82.0,82.5,82.25,0.0,0.0,0.9999999999999998
150.0,Trailing,82.5,83.0,82.75,0.0,0.0,0.9999999999999998
150.0,Trailing,83.0,83.5,83.25,0.0,0.0,0.9999999999999998
150.0,Trailing,83.5,84.0,83.75,0.0,0.0,0.9999999999999998
150.0,Trailing,84.0,84.5,84.25,0.0,0.0,0.9999999999999998
150.0,Trailing,84.5,85.0,84.75,0.0,0.0,0.9999999999999998
150.0,Trailing,85.0,85.5,85.25,0.0,0.0,0.9999999999999998
150.0,Trailing,85.5,86.0,85.75,0.0,0.0,0.9999999999999998
150.0,Trailing,86.0,86.5,86.25,0.0,0.0,0.9999999999999998
150.0,Trailing,86.5,87.0,86.75,0.0,0.0,0.9999999999999998
150.0,Trailing,87.0,87.5,87.25,0.0,0.0,0.9999999999999998
150.0,Trailing,87.5,88.0,87.75,0.0,0.0,0.9999999999999998
150.0,Trailing,88.0,88.5,88.25,0.0,0.0,0.9999999999999998
150.0,Trailing,88.5,89.0,88.75,0.0,0.0,0.9999999999999998
150.0,Trailing,89.0,89.5,89.25,0.0,0.0,0.9999999999999998
150.0,Trailing,89.5,90.0,89.75,0.0,0.0,0.9999999999999998
150.0,Anti-Mars,0.0,0.5,0.25,0.0,0.0,0.0
150.0,Anti-Mars,0.5,1.0,0.75,0.0,0.0,0.0
150.0,Anti-Mars,1.0,1.5,1.25,0.0,0.0,0.0
150.0,Anti-Mars,1.5,2.0,1.75,0.0,0.0,0.0
150.0,Anti-Mars,2.0,2.5,2.25,0.0,0.0,0.0
150.0,Anti-Mars,2.5,3.0,2.75,0.0,0.0,0.0
150.0,Anti-Mars,3.0,3.5,3.25,0.0,0.0,0.0
150.0,Anti-Mars,3.5,4.0,3.75,0.0,0.0,0.0
150.0,Anti-Mars,4.0,4.5,4.25,0.0,0.0,0.0
150.0,Anti-Mars,4.5,5.0,4.75,0.0,0.0,0.0
150.0,Anti-Mars,5.0,5.5,5.25,0.0003931513199999999,0.004626060138781807,0.004626060138781807
150.0,Anti-Mars,5.5,6.0,5.75,0.005438593259999999,0.06399383191981499,0.0686198920585968
150.0,Anti-Mars,6.0,6.5,6.25,0.012842943119999981,0.15111796453353882,0.21973785659213563
150.0,Anti-Mars,6.5,7.0,6.75,0.009697732560000002,0.11410948342328461,0.33384734001542027
150.0,Anti-Mars,7.0,7.5,7.25,0.012711892679999974,0.14957594448727812,0.4834232845026984
150.0,Anti-Mars,7.5,8.0,7.75,0.016774456319999964,0.1973785659213567,0.680801850424055
150.0,Anti-Mars,8.0,8.5,8.25,0.00858380382000001,0.10100231303006958,0.7818041634541246
150.0,Anti-Mars,8.5,9.0,8.75,0.007731975960000013,0.0909791827293757,0.8727833461835003
150.0,Anti-Mars,9.0,9.5,9.25,0.005045441940000002,0.05936777178103322,0.9321511179645335
150.0,Anti-Mars,9.5,10.0,9.75,0.0020968070400000003,0.024672320740169645,0.9568234387047032
150.0,Anti-Mars,10.0,10.5,10.25,0.0014415548400000002,0.01696222050886663,0.9737856592135699
150.0,Anti-Mars,10.5,11.0,10.75,0.0015070800600000002,0.017733230531996932,0.9915188897455668
150.0,Anti-Mars,11.0,11.5,11.25,0.0005897269799999998,0.006939090208172709,0.9984579799537395
150.0,Anti-Mars,11.5,12.0,11.75,0.00013105044,0.0015420200462606024,1.0000000000000002
150.0,Anti-Mars,12.0,12.5,12.25,0.0,0.0,1.0000000000000002
150.0,Anti-Mars,12.5,13.0,12.75,0.0,0.0,1.0000000000000002
150.0,Anti-Mars,13.0,13.5,13.25,0.0,0.0,1.0000000000000002
150.0,Anti-Mars,13.5,14.0,13.75,0.0,0.0,1.0000000000000002
150.0,Anti-Mars,14.0,14.5,14.25,0.0,0.0,1.0000000000000002
150.0,Anti-Mars,14.5,15.0,14.75,0.0,0.0,1.0000000000000002
150.0,Anti-Mars,15.0,15.5,15.25,0.0,0.0,1.0000000000000002
150.0,Anti-Mars,15.5,16.0,15.75,0.0,0.0,1.0000000000000002
150.0,Anti-Mars,16.0,16.5,16.25,0.0,0.0,1.0000000000000002
150.0,Anti-Mars,16.5,17.0,16.75,0.0,0.0,1.0000000000000002
150.0,Anti-Mars,17.0,17.5,17.25,0.0,0.0,1.0000000000000002
150.0,Anti-Mars,17.5,18.0,17.75,0.0,0.0,1.0000000000000002
150.0,Anti-Mars,18.0,18.5,18.25,0.0,0.0,1.0000000000000002
150.0,Anti-Mars,18.5,19.0,18.75,0.0,0.0,1.0000000000000002
150.0,Anti-Mars,19.0,19.5,19.25,0.0,0.0,1.0000000000000002
150.0,Anti-Mars,19.5,20.0,19.75,0.0,0.0,1.0000000000000002
150.0,Anti-Mars,20.0,20.5,20.25,0.0,0.0,1.0000000000000002
150.0,Anti-Mars,20.5,21.0,20.75,0.0,0.0,1.0000000000000002
150.0,Anti-Mars,21.0,21.5,21.25,0.0,0.0,1.0000000000000002
150.0,Anti-Mars,21.5,22.0,21.75,0.0,0.0,1.0000000000000002
150.0,Anti-Mars,22.0,22.5,22.25,0.0,0.0,1.0000000000000002
150.0,Anti-Mars,22.5,23.0,22.75,0.0,0.0,1.0000000000000002
150.0,Anti-Mars,23.0,23.5,23.25,0.0,0.0,1.0000000000000002
150.0,Anti-Mars,23.5,24.0,23.75,0.0,0.0,1.0000000000000002
150.0,Anti-Mars,24.0,24.5,24.25,0.0,0.0,1.0000000000000002
150.0,Anti-Mars,24.5,25.0,24.75,0.0,0.0,1.0000000000000002
150.0,Anti-Mars,25.0,25.5,25.25,0.0,0.0,1.0000000000000002
150.0,Anti-Mars,25.5,26.0,25.75,0.0,0.0,1.0000000000000002
150.0,Anti-Mars,26.0,26.5,26.25,0.0,0.0,1.0000000000000002
150.0,Anti-Mars,26.5,27.0,26.75,0.0,0.0,1.0000000000000002
150.0,Anti-Mars,27.0,27.5,27.25,0.0,0.0,1.0000000000000002
150.0,Anti-Mars,27.5,28.0,27.75,0.0,0.0,1.0000000000000002
150.0,Anti-Mars,28.0,28.5,28.25,0.0,0.0,1.0000000000000002
150.0,Anti-Mars,28.5,29.0,28.75,0.0,0.0,1.0000000000000002
150.0,Anti-Mars,29.0,29.5,29.25,0.0,0.0,1.0000000000000002
150.0,Anti-Mars,29.5,30.0,29.75,0.0,0.0,1.0000000000000002
150.0,Anti-Mars,30.0,30.5,30.25,0.0,0.0,1.0000000000000002
150.0,Anti-Mars,30.5,31.0,30.75,0.0,0.0,1.0000000000000002
150.0,Anti-Mars,31.0,31.5,31.25,0.0,0.0,1.0000000000000002
150.0,Anti-Mars,31.5,32.0,31.75,0.0,0.0,1.0000000000000002
150.0,Anti-Mars,32.0,32.5,32.25,0.0,0.0,1.0000000000000002
150.0,Anti-Mars,32.5,33.0,32.75,0.0,0.0,1.0000000000000002
150.0,Anti-Mars,33.0,33.5,33.25,0.0,0.0,1.0000000000000002
150.0,Anti-Mars,33.5,34.0,33.75,0.0,0.0,1.0000000000000002
150.0,Anti-Mars,34.0,34.5,34.25,0.0,0.0,1.0000000000000002
150.0,Anti-Mars,34.5,35.0,34.75,0.0,0.0,1.0000000000000002
150.0,Anti-Mars,35.0,35.5,35.25,0.0,0.0,1.0000000000000002
150.0,Anti-Mars,35.5,36.0,35.75,0.0,0.0,1.0000000000000002
150.0,Anti-Mars,36.0,36.5,36.25,0.0,0.0,1.0000000000000002
150.0,Anti-Mars,36.5,37.0,36.75,0.0,0.0,1.0000000000000002
150.0,Anti-Mars,37.0,37.5,37.25,0.0,0.0,1.0000000000000002
150.0,Anti-Mars,37.5,38.0,37.75,0.0,0.0,1.0000000000000002
150.0,Anti-Mars,38.0,38.5,38.25,0.0,0.0,1.0000000000000002
150.0,Anti-Mars,38.5,39.0,38.75,0.0,0.0,1.0000000000000002
150.0,Anti-Mars,39.0,39.5,39.25,0.0,0.0,1.0000000000000002
150.0,Anti-Mars,39.5,40.0,39.75,0.0,0.0,1.0000000000000002
150.0,Anti-Mars,40.0,40.5,40.25,0.0,0.0,1.0000000000000002
150.0,Anti-Mars,40.5,41.0,40.75,0.0,0.0,1.0000000000000002
150.0,Anti-Mars,41.0,41.5,41.25,0.0,0.0,1.0000000000000002
150.0,Anti-Mars,41.5,42.0,41.75,0.0,0.0,1.0000000000000002
150.0,Anti-Mars,42.0,42.5,42.25,0.0,0.0,1.0000000000000002
150.0,Anti-Mars,42.5,43.0,42.75,0.0,0.0,1.0000000000000002
150.0,Anti-Mars,43.0,43.5,43.25,0.0,0.0,1.0000000000000002
150.0,Anti-Mars,43.5,44.0,43.75,0.0,0.0,1.0000000000000002
150.0,Anti-Mars,44.0,44.5,44.25,0.0,0.0,1.0000000000000002
150.0,Anti-Mars,44.5,45.0,44.75,0.0,0.0,1.0000000000000002
150.0,Anti-Mars,45.0,45.5,45.25,0.0,0.0,1.0000000000000002
150.0,Anti-Mars,45.5,46.0,45.75,0.0,0.0,1.0000000000000002
150.0,Anti-Mars,46.0,46.5,46.25,0.0,0.0,1.0000000000000002
150.0,Anti-Mars,46.5,47.0,46.75,0.0,0.0,1.0000000000000002
150.0,Anti-Mars,47.0,47.5,47.25,0.0,0.0,1.0000000000000002
150.0,Anti-Mars,47.5,48.0,47.75,0.0,0.0,1.0000000000000002
150.0,Anti-Mars,48.0,48.5,48.25,0.0,0.0,1.0000000000000002
150.0,Anti-Mars,48.5,49.0,48.75,0.0,0.0,1.0000000000000002
150.0,Anti-Mars,49.0,49.5,49.25,0.0,0.0,1.0000000000000002
150.0,Anti-Mars,49.5,50.0,49.75,0.0,0.0,1.0000000000000002
150.0,Anti-Mars,50.0,50.5,50.25,0.0,0.0,1.0000000000000002
150.0,Anti-Mars,50.5,51.0,50.75,0.0,0.0,1.0000000000000002
150.0,Anti-Mars,51.0,51.5,51.25,0.0,0.0,1.0000000000000002
150.0,Anti-Mars,51.5,52.0,51.75,0.0,0.0,1.0000000000000002
150.0,Anti-Mars,52.0,52.5,52.25,0.0,0.0,1.0000000000000002
150.0,Anti-Mars,52.5,53.0,52.75,0.0,0.0,1.0000000000000002
150.0,Anti-Mars,53.0,53.5,53.25,0.0,0.0,1.0000000000000002
150.0,Anti-Mars,53.5,54.0,53.75,0.0,0.0,1.0000000000000002
150.0,Anti-Mars,54.0,54.5,54.25,0.0,0.0,1.0000000000000002
150.0,Anti-Mars,54.5,55.0,54.75,0.0,0.0,1.0000000000000002
150.0,Anti-Mars,55.0,55.5,55.25,0.0,0.0,1.0000000000000002
150.0,Anti-Mars,55.5,56.0,55.75,0.0,0.0,1.0000000000000002
150.0,Anti-Mars,56.0,56.5,56.25,0.0,0.0,1.0000000000000002
150.0,Anti-Mars,56.5,57.0,56.75,0.0,0.0,1.0000000000000002
150.0,Anti-Mars,57.0,57.5,57.25,0.0,0.0,1.0000000000000002
150.0,Anti-Mars,57.5,58.0,57.75,0.0,0.0,1.0000000000000002
150.0,Anti-Mars,58.0,58.5,58.25,0.0,0.0,1.0000000000000002
150.0,Anti-Mars,58.5,59.0,58.75,0.0,0.0,1.0000000000000002
150.0,Anti-Mars,59.0,59.5,59.25,0.0,0.0,1.0000000000000002
150.0,Anti-Mars,59.5,60.0,59.75,0.0,0.0,1.0000000000000002
150.0,Anti-Mars,60.0,60.5,60.25,0.0,0.0,1.0000000000000002
150.0,Anti-Mars,60.5,61.0,60.75,0.0,0.0,1.0000000000000002
150.0,Anti-Mars,61.0,61.5,61.25,0.0,0.0,1.0000000000000002
150.0,Anti-Mars,61.5,62.0,61.75,0.0,0.0,1.0000000000000002
150.0,Anti-Mars,62.0,62.5,62.25,0.0,0.0,1.0000000000000002
150.0,Anti-Mars,62.5,63.0,62.75,0.0,0.0,1.0000000000000002
150.0,Anti-Mars,63.0,63.5,63.25,0.0,0.0,1.0000000000000002
150.0,Anti-Mars,63.5,64.0,63.75,0.0,0.0,1.0000000000000002
150.0,Anti-Mars,64.0,64.5,64.25,0.0,0.0,1.0000000000000002
150.0,Anti-Mars,64.5,65.0,64.75,0.0,0.0,1.0000000000000002
150.0,Anti-Mars,65.0,65.5,65.25,0.0,0.0,1.0000000000000002
150.0,Anti-Mars,65.5,66.0,65.75,0.0,0.0,1.0000000000000002
150.0,Anti-Mars,66.0,66.5,66.25,0.0,0.0,1.0000000000000002
150.0,Anti-Mars,66.5,67.0,66.75,0.0,0.0,1.0000000000000002
150.0,Anti-Mars,67.0,67.5,67.25,0.0,0.0,1.0000000000000002
150.0,Anti-Mars,67.5,68.0,67.75,0.0,0.0,1.0000000000000002
150.0,Anti-Mars,68.0,68.5,68.25,0.0,0.0,1.0000000000000002
150.0,Anti-Mars,68.5,69.0,68.75,0.0,0.0,1.0000000000000002
150.0,Anti-Mars,69.0,69.5,69.25,0.0,0.0,1.0000000000000002
150.0,Anti-Mars,69.5,70.0,69.75,0.0,0.0,1.0000000000000002
150.0,Anti-Mars,70.0,70.5,70.25,0.0,0.0,1.0000000000000002
150.0,Anti-Mars,70.5,71.0,70.75,0.0,0.0,1.0000000000000002
150.0,Anti-Mars,71.0,71.5,71.25,0.0,0.0,1.0000000000000002
150.0,Anti-Mars,71.5,72.0,71.75,0.0,0.0,1.0000000000000002
150.0,Anti-Mars,72.0,72.5,72.25,0.0,0.0,1.0000000000000002
150.0,Anti-Mars,72.5,73.0,72.75,0.0,0.0,1.0000000000000002
150.0,Anti-Mars,73.0,73.5,73.25,0.0,0.0,1.0000000000000002
150.0,Anti-Mars,73.5,74.0,73.75,0.0,0.0,1.0000000000000002
150.0,Anti-Mars,74.0,74.5,74.25,0.0,0.0,1.0000000000000002
150.0,Anti-Mars,74.5,75.0,74.75,0.0,0.0,1.0000000000000002
150.0,Anti-Mars,75.0,75.5,75.25,0.0,0.0,1.0000000000000002
150.0,Anti-Mars,75.5,76.0,75.75,0.0,0.0,1.0000000000000002
150.0,Anti-Mars,76.0,76.5,76.25,0.0,0.0,1.0000000000000002
150.0,Anti-Mars,76.5,77.0,76.75,0.0,0.0,1.0000000000000002
150.0,Anti-Mars,77.0,77.5,77.25,0.0,0.0,1.0000000000000002
150.0,Anti-Mars,77.5,78.0,77.75,0.0,0.0,1.0000000000000002
150.0,Anti-Mars,78.0,78.5,78.25,0.0,0.0,1.0000000000000002
150.0,Anti-Mars,78.5,79.0,78.75,0.0,0.0,1.0000000000000002
150.0,Anti-Mars,79.0,79.5,79.25,0.0,0.0,1.0000000000000002
150.0,Anti-Mars,79.5,80.0,79.75,0.0,0.0,1.0000000000000002
150.0,Anti-Mars,80.0,80.5,80.25,0.0,0.0,1.0000000000000002
150.0,Anti-Mars,80.5,81.0,80.75,0.0,0.0,1.0000000000000002
150.0,Anti-Mars,81.0,81.5,81.25,0.0,0.0,1.0000000000000002
150.0,Anti-Mars,81.5,82.0,81.75,0.0,0.0,1.0000000000000002
150.0,Anti-Mars,82.0,82.5,82.25,0.0,0.0,1.0000000000000002
150.0,Anti-Mars,82.5,83.0,82.75,0.0,0.0,1.0000000000000002
150.0,Anti-Mars,83.0,83.5,83.25,0.0,0.0,1.0000000000000002
150.0,Anti-Mars,83.5,84.0,83.75,0.0,0.0,1.0000000000000002
150.0,Anti-Mars,84.0,84.5,84.25,0.0,0.0,1.0000000000000002
150.0,Anti-Mars,84.5,85.0,84.75,0.0,0.0,1.0000000000000002
150.0,Anti-Mars,85.0,85.5,85.25,0.0,0.0,1.0000000000000002
150.0,Anti-Mars,85.5,86.0,85.75,0.0,0.0,1.0000000000000002
150.0,Anti-Mars,86.0,86.5,86.25,0.0,0.0,1.0000000000000002
150.0,Anti-Mars,86.5,87.0,86.75,0.0,0.0,1.0000000000000002
150.0,Anti-Mars,87.0,87.5,87.25,0.0,0.0,1.0000000000000002
150.0,Anti-Mars,87.5,88.0,87.75,0.0,0.0,1.0000000000000002
150.0,Anti-Mars,88.0,88.5,88.25,0.0,0.0,1.0000000000000002
150.0,Anti-Mars,88.5,89.0,88.75,0.0,0.0,1.0000000000000002
150.0,Anti-Mars,89.0,89.5,89.25,0.0,0.0,1.0000000000000002
150.0,Anti-Mars,89.5,90.0,89.75,0.0,0.0,1.0000000000000002
175.0,Leading,0.0,0.5,0.25,6.550589e-05,0.0010660980810234544,0.0010660980810234544
175.0,Leading,0.5,1.0,0.75,0.00019651766999999998,0.003198294243070363,0.004264392324093817
175.0,Leading,1.0,1.5,1.25,0.00039303534,0.0063965884861407266,0.010660980810234543
175.0,Leading,1.5,2.0,1.75,0.00013101178,0.0021321961620469087,0.012793176972281451
175.0,Leading,2.0,2.5,2.25,0.0006550589,0.010660980810234545,0.023454157782515996
175.0,Leading,2.5,3.0,2.75,0.00032752945,0.005330490405117272,0.02878464818763327
175.0,Leading,3.0,3.5,3.25,0.00052404712,0.008528784648187635,0.037313432835820906
175.0,Leading,3.5,4.0,3.75,0.00085157657,0.013859275053304908,0.05117270788912581
175.0,Leading,4.0,4.5,4.25,0.00013101178,0.0021321961620469087,0.05330490405117272
175.0,Leading,4.5,5.0,4.75,0.00085157657,0.013859275053304908,0.06716417910447763
175.0,Leading,5.0,5.5,5.25,0.00032752945,0.005330490405117272,0.07249466950959489
175.0,Leading,5.5,6.0,5.75,0.00058955301,0.00959488272921109,0.08208955223880599
175.0,Leading,6.0,6.5,6.25,0.00078607068,0.012793176972281453,0.09488272921108744
175.0,Leading,6.5,7.0,6.75,0.0013101177999999996,0.021321961620469083,0.11620469083155652
175.0,Leading,7.0,7.5,7.25,0.0011791060199999998,0.019189765458422176,0.1353944562899787
175.0,Leading,7.5,8.0,7.75,0.0011136001299999999,0.018123667377398723,0.15351812366737744
175.0,Leading,8.0,8.5,8.25,0.00098258835,0.015991471215351816,0.16950959488272926
175.0,Leading,8.5,9.0,8.75,0.0013756236899999995,0.022388059701492536,0.1918976545842218
175.0,Leading,9.0,9.5,9.25,0.001703153139999999,0.0277185501066098,0.2196162046908316
175.0,Leading,9.5,10.0,9.75,0.0026857414899999978,0.0437100213219616,0.2633262260127932
175.0,Leading,10.0,10.5,10.25,0.002620235599999998,0.042643923240938145,0.30597014925373134
175.0,Leading,10.5,11.0,10.75,0.004323388739999998,0.07036247334754796,0.3763326226012793
175.0,Leading,11.0,11.5,11.25,0.005436988870000004,0.08848614072494677,0.46481876332622607
175.0,Leading,11.5,12.0,11.75,0.004388894629999998,0.07142857142857142,0.5362473347547975
175.0,Leading,12.0,12.5,12.25,0.0037338357299999962,0.06076759061833684,0.5970149253731343
175.0,Leading,12.5,13.0,12.75,0.003995859289999996,0.06503198294243066,0.6620469083155649
175.0,Leading,13.0,13.5,13.25,0.003864847509999996,0.06289978678038374,0.7249466950959487
175.0,Leading,13.5,14.0,13.75,0.0018341649199999988,0.029850746268656705,0.7547974413646054
175.0,Leading,14.0,14.5,14.25,0.0027512473799999977,0.04477611940298505,0.7995735607675905
175.0,Leading,14.5,15.0,14.75,0.0034063062799999967,0.05543710021321958,0.85501066098081
175.0,Leading,15.0,15.5,15.25,0.00013101178,0.0021321961620469087,0.857142857142857
175.0,Leading,15.5,16.0,15.75,0.00039303534,0.0063965884861407266,0.8635394456289978
175.0,Leading,16.0,16.5,16.25,0.00039303534,0.0063965884861407266,0.8699360341151385
175.0,Leading,16.5,17.0,16.75,0.00032752945,0.005330490405117272,0.8752665245202558
175.0,Leading,17.0,17.5,17.25,0.00026202356,0.004264392324093817,0.8795309168443496
175.0,Leading,17.5,18.0,17.75,0.00032752945,0.005330490405117272,0.8848614072494668
175.0,Leading,18.0,18.5,18.25,0.00052404712,0.008528784648187635,0.8933901918976545
175.0,Leading,18.5,19.0,18.75,0.00032752945,0.005330490405117272,0.8987206823027717
175.0,Leading,19.0,19.5,19.25,0.00032752945,0.005330490405117272,0.9040511727078889
175.0,Leading,19.5,20.0,19.75,0.00039303534,0.0063965884861407266,0.9104477611940297
175.0,Leading,20.0,20.5,20.25,0.0006550589,0.010660980810234545,0.9211087420042643
175.0,Leading,20.5,21.0,20.75,0.00078607068,0.012793176972281453,0.9339019189765457
175.0,Leading,21.0,21.5,21.25,0.00052404712,0.008528784648187635,0.9424307036247334
175.0,Leading,21.5,22.0,21.75,0.00052404712,0.008528784648187635,0.950959488272921
175.0,Leading,22.0,22.5,22.25,0.00085157657,0.013859275053304908,0.9648187633262258
175.0,Leading,22.5,23.0,22.75,0.00098258835,0.015991471215351816,0.9808102345415777
175.0,Leading,23.0,23.5,23.25,0.00039303534,0.0063965884861407266,0.9872068230277184
175.0,Leading,23.5,24.0,23.75,0.00058955301,0.00959488272921109,0.9968017057569295
175.0,Leading,24.0,24.5,24.25,0.00019651766999999998,0.003198294243070363,0.9999999999999999
175.0,Leading,24.5,25.0,24.75,0.0,0.0,0.9999999999999999
175.0,Leading,25.0,25.5,25.25,0.0,0.0,0.9999999999999999
175.0,Leading,25.5,26.0,25.75,0.0,0.0,0.9999999999999999
175.0,Leading,26.0,26.5,26.25,0.0,0.0,0.9999999999999999
175.0,Leading,26.5,27.0,26.75,0.0,0.0,0.9999999999999999
175.0,Leading,27.0,27.5,27.25,0.0,0.0,0.9999999999999999
175.0,Leading,27.5,28.0,27.75,0.0,0.0,0.9999999999999999
175.0,Leading,28.0,28.5,28.25,0.0,0.0,0.9999999999999999
175.0,Leading,28.5,29.0,28.75,0.0,0.0,0.9999999999999999
175.0,Leading,29.0,29.5,29.25,0.0,0.0,0.9999999999999999
175.0,Leading,29.5,30.0,29.75,0.0,0.0,0.9999999999999999
175.0,Leading,30.0,30.5,30.25,0.0,0.0,0.9999999999999999
175.0,Leading,30.5,31.0,30.75,0.0,0.0,0.9999999999999999
175.0,Leading,31.0,31.5,31.25,0.0,0.0,0.9999999999999999
175.0,Leading,31.5,32.0,31.75,0.0,0.0,0.9999999999999999
175.0,Leading,32.0,32.5,32.25,0.0,0.0,0.9999999999999999
175.0,Leading,32.5,33.0,32.75,0.0,0.0,0.9999999999999999
175.0,Leading,33.0,33.5,33.25,0.0,0.0,0.9999999999999999
175.0,Leading,33.5,34.0,33.75,0.0,0.0,0.9999999999999999
175.0,Leading,34.0,34.5,34.25,0.0,0.0,0.9999999999999999
175.0,Leading,34.5,35.0,34.75,0.0,0.0,0.9999999999999999
175.0,Leading,35.0,35.5,35.25,0.0,0.0,0.9999999999999999
175.0,Leading,35.5,36.0,35.75,0.0,0.0,0.9999999999999999
175.0,Leading,36.0,36.5,36.25,0.0,0.0,0.9999999999999999
175.0,Leading,36.5,37.0,36.75,0.0,0.0,0.9999999999999999
175.0,Leading,37.0,37.5,37.25,0.0,0.0,0.9999999999999999
175.0,Leading,37.5,38.0,37.75,0.0,0.0,0.9999999999999999
175.0,Leading,38.0,38.5,38.25,0.0,0.0,0.9999999999999999
175.0,Leading,38.5,39.0,38.75,0.0,0.0,0.9999999999999999
175.0,Leading,39.0,39.5,39.25,0.0,0.0,0.9999999999999999
175.0,Leading,39.5,40.0,39.75,0.0,0.0,0.9999999999999999
175.0,Leading,40.0,40.5,40.25,0.0,0.0,0.9999999999999999
175.0,Leading,40.5,41.0,40.75,0.0,0.0,0.9999999999999999
175.0,Leading,41.0,41.5,41.25,0.0,0.0,0.9999999999999999
175.0,Leading,41.5,42.0,41.75,0.0,0.0,0.9999999999999999
175.0,Leading,42.0,42.5,42.25,0.0,0.0,0.9999999999999999
175.0,Leading,42.5,43.0,42.75,0.0,0.0,0.9999999999999999
175.0,Leading,43.0,43.5,43.25,0.0,0.0,0.9999999999999999
175.0,Leading,43.5,44.0,43.75,0.0,0.0,0.9999999999999999
175.0,Leading,44.0,44.5,44.25,0.0,0.0,0.9999999999999999
175.0,Leading,44.5,45.0,44.75,0.0,0.0,0.9999999999999999
175.0,Leading,45.0,45.5,45.25,0.0,0.0,0.9999999999999999
175.0,Leading,45.5,46.0,45.75,0.0,0.0,0.9999999999999999
175.0,Leading,46.0,46.5,46.25,0.0,0.0,0.9999999999999999
175.0,Leading,46.5,47.0,46.75,0.0,0.0,0.9999999999999999
175.0,Leading,47.0,47.5,47.25,0.0,0.0,0.9999999999999999
175.0,Leading,47.5,48.0,47.75,0.0,0.0,0.9999999999999999
175.0,Leading,48.0,48.5,48.25,0.0,0.0,0.9999999999999999
175.0,Leading,48.5,49.0,48.75,0.0,0.0,0.9999999999999999
175.0,Leading,49.0,49.5,49.25,0.0,0.0,0.9999999999999999
175.0,Leading,49.5,50.0,49.75,0.0,0.0,0.9999999999999999
175.0,Leading,50.0,50.5,50.25,0.0,0.0,0.9999999999999999
175.0,Leading,50.5,51.0,50.75,0.0,0.0,0.9999999999999999
175.0,Leading,51.0,51.5,51.25,0.0,0.0,0.9999999999999999
175.0,Leading,51.5,52.0,51.75,0.0,0.0,0.9999999999999999
175.0,Leading,52.0,52.5,52.25,0.0,0.0,0.9999999999999999
175.0,Leading,52.5,53.0,52.75,0.0,0.0,0.9999999999999999
175.0,Leading,53.0,53.5,53.25,0.0,0.0,0.9999999999999999
175.0,Leading,53.5,54.0,53.75,0.0,0.0,0.9999999999999999
175.0,Leading,54.0,54.5,54.25,0.0,0.0,0.9999999999999999
175.0,Leading,54.5,55.0,54.75,0.0,0.0,0.9999999999999999
175.0,Leading,55.0,55.5,55.25,0.0,0.0,0.9999999999999999
175.0,Leading,55.5,56.0,55.75,0.0,0.0,0.9999999999999999
175.0,Leading,56.0,56.5,56.25,0.0,0.0,0.9999999999999999
175.0,Leading,56.5,57.0,56.75,0.0,0.0,0.9999999999999999
175.0,Leading,57.0,57.5,57.25,0.0,0.0,0.9999999999999999
175.0,Leading,57.5,58.0,57.75,0.0,0.0,0.9999999999999999
175.0,Leading,58.0,58.5,58.25,0.0,0.0,0.9999999999999999
175.0,Leading,58.5,59.0,58.75,0.0,0.0,0.9999999999999999
175.0,Leading,59.0,59.5,59.25,0.0,0.0,0.9999999999999999
175.0,Leading,59.5,60.0,59.75,0.0,0.0,0.9999999999999999
175.0,Leading,60.0,60.5,60.25,0.0,0.0,0.9999999999999999
175.0,Leading,60.5,61.0,60.75,0.0,0.0,0.9999999999999999
175.0,Leading,61.0,61.5,61.25,0.0,0.0,0.9999999999999999
175.0,Leading,61.5,62.0,61.75,0.0,0.0,0.9999999999999999
175.0,Leading,62.0,62.5,62.25,0.0,0.0,0.9999999999999999
175.0,Leading,62.5,63.0,62.75,0.0,0.0,0.9999999999999999
175.0,Leading,63.0,63.5,63.25,0.0,0.0,0.9999999999999999
175.0,Leading,63.5,64.0,63.75,0.0,0.0,0.9999999999999999
175.0,Leading,64.0,64.5,64.25,0.0,0.0,0.9999999999999999
175.0,Leading,64.5,65.0,64.75,0.0,0.0,0.9999999999999999
175.0,Leading,65.0,65.5,65.25,0.0,0.0,0.9999999999999999
175.0,Leading,65.5,66.0,65.75,0.0,0.0,0.9999999999999999
175.0,Leading,66.0,66.5,66.25,0.0,0.0,0.9999999999999999
175.0,Leading,66.5,67.0,66.75,0.0,0.0,0.9999999999999999
175.0,Leading,67.0,67.5,67.25,0.0,0.0,0.9999999999999999
175.0,Leading,67.5,68.0,67.75,0.0,0.0,0.9999999999999999
175.0,Leading,68.0,68.5,68.25,0.0,0.0,0.9999999999999999
175.0,Leading,68.5,69.0,68.75,0.0,0.0,0.9999999999999999
175.0,Leading,69.0,69.5,69.25,0.0,0.0,0.9999999999999999
175.0,Leading,69.5,70.0,69.75,0.0,0.0,0.9999999999999999
175.0,Leading,70.0,70.5,70.25,0.0,0.0,0.9999999999999999
175.0,Leading,70.5,71.0,70.75,0.0,0.0,0.9999999999999999
175.0,Leading,71.0,71.5,71.25,0.0,0.0,0.9999999999999999
175.0,Leading,71.5,72.0,71.75,0.0,0.0,0.9999999999999999
175.0,Leading,72.0,72.5,72.25,0.0,0.0,0.9999999999999999
175.0,Leading,72.5,73.0,72.75,0.0,0.0,0.9999999999999999
175.0,Leading,73.0,73.5,73.25,0.0,0.0,0.9999999999999999
175.0,Leading,73.5,74.0,73.75,0.0,0.0,0.9999999999999999
175.0,Leading,74.0,74.5,74.25,0.0,0.0,0.9999999999999999
175.0,Leading,74.5,75.0,74.75,0.0,0.0,0.9999999999999999
175.0,Leading,75.0,75.5,75.25,0.0,0.0,0.9999999999999999
175.0,Leading,75.5,76.0,75.75,0.0,0.0,0.9999999999999999
175.0,Leading,76.0,76.5,76.25,0.0,0.0,0.9999999999999999
175.0,Leading,76.5,77.0,76.75,0.0,0.0,0.9999999999999999
175.0,Leading,77.0,77.5,77.25,0.0,0.0,0.9999999999999999
175.0,Leading,77.5,78.0,77.75,0.0,0.0,0.9999999999999999
175.0,Leading,78.0,78.5,78.25,0.0,0.0,0.9999999999999999
175.0,Leading,78.5,79.0,78.75,0.0,0.0,0.9999999999999999
175.0,Leading,79.0,79.5,79.25,0.0,0.0,0.9999999999999999
175.0,Leading,79.5,80.0,79.75,0.0,0.0,0.9999999999999999
175.0,Leading,80.0,80.5,80.25,0.0,0.0,0.9999999999999999
175.0,Leading,80.5,81.0,80.75,0.0,0.0,0.9999999999999999
175.0,Leading,81.0,81.5,81.25,0.0,0.0,0.9999999999999999
175.0,Leading,81.5,82.0,81.75,0.0,0.0,0.9999999999999999
175.0,Leading,82.0,82.5,82.25,0.0,0.0,0.9999999999999999
175.0,Leading,82.5,83.0,82.75,0.0,0.0,0.9999999999999999
175.0,Leading,83.0,83.5,83.25,0.0,0.0,0.9999999999999999
175.0,Leading,83.5,84.0,83.75,0.0,0.0,0.9999999999999999
175.0,Leading,84.0,84.5,84.25,0.0,0.0,0.9999999999999999
175.0,Leading,84.5,85.0,84.75,0.0,0.0,0.9999999999999999
175.0,Leading,85.0,85.5,85.25,0.0,0.0,0.9999999999999999
175.0,Leading,85.5,86.0,85.75,0.0,0.0,0.9999999999999999
175.0,Leading,86.0,86.5,86.25,0.0,0.0,0.9999999999999999
175.0,Leading,86.5,87.0,86.75,0.0,0.0,0.9999999999999999
175.0,Leading,87.0,87.5,87.25,0.0,0.0,0.9999999999999999
175.0,Leading,87.5,88.0,87.75,0.0,0.0,0.9999999999999999
175.0,Leading,88.0,88.5,88.25,0.0,0.0,0.9999999999999999
175.0,Leading,88.5,89.0,88.75,0.0,0.0,0.9999999999999999
175.0,Leading,89.0,89.5,89.25,0.0,0.0,0.9999999999999999
175.0,Leading,89.5,90.0,89.75,0.0,0.0,0.9999999999999999
175.0,Sub-Mars,0.0,0.5,0.25,0.00013101178,0.0017482517482517491,0.0017482517482517491
175.0,Sub-Mars,0.5,1.0,0.75,0.0006550589,0.008741258741258745,0.010489510489510495
175.0,Sub-Mars,1.0,1.5,1.25,0.0013101177999999996,0.017482517482517487,0.027972027972027982
175.0,Sub-Mars,1.5,2.0,1.75,0.0022927061499999984,0.03059440559440559,0.05856643356643357
175.0,Sub-Mars,2.0,2.5,2.25,0.001637647249999999,0.021853146853146852,0.08041958041958042
175.0,Sub-Mars,2.5,3.0,2.75,0.0015721413599999992,0.02097902097902098,0.10139860139860139
175.0,Sub-Mars,3.0,3.5,3.25,0.0020961884799999986,0.02797202797202797,0.12937062937062938
175.0,Sub-Mars,3.5,4.0,3.75,0.002554729709999998,0.03409090909090908,0.16346153846153846
175.0,Sub-Mars,4.0,4.5,4.25,0.0022927061499999984,0.03059440559440559,0.19405594405594406
175.0,Sub-Mars,4.5,5.0,4.75,0.0034063062799999967,0.045454545454545435,0.2395104895104895
175.0,Sub-Mars,5.0,5.5,5.25,0.001965176699999999,0.02622377622377622,0.26573426573426573
175.0,Sub-Mars,5.5,6.0,5.75,0.0023582120399999983,0.03146853146853146,0.2972027972027972
175.0,Sub-Mars,6.0,6.5,6.25,0.003209788609999997,0.04283216783216781,0.340034965034965
175.0,Sub-Mars,6.5,7.0,6.75,0.003275294499999997,0.043706293706293683,0.3837412587412587
175.0,Sub-Mars,7.0,7.5,7.25,0.003340800389999997,0.04458041958041956,0.4283216783216783
175.0,Sub-Mars,7.5,8.0,7.75,0.0037338357299999962,0.0498251748251748,0.47814685314685307
175.0,Sub-Mars,8.0,8.5,8.25,0.003078776829999997,0.04108391608391607,0.5192307692307692
175.0,Sub-Mars,8.5,9.0,8.75,0.003799341619999996,0.050699300699300676,0.5699300699300698
175.0,Sub-Mars,9.0,9.5,9.25,0.006026541880000007,0.08041958041958056,0.6503496503496503
175.0,Sub-Mars,9.5,10.0,9.75,0.003930353399999996,0.05244755244755242,0.7027972027972027
175.0,Sub-Mars,10.0,10.5,10.25,0.0022927061499999984,0.03059440559440559,0.7333916083916083
175.0,Sub-Mars,10.5,11.0,10.75,0.00078607068,0.010489510489510495,0.7438811188811189
175.0,Sub-Mars,11.0,11.5,11.25,0.0015066354699999993,0.020104895104895104,0.763986013986014
175.0,Sub-Mars,11.5,12.0,11.75,0.00072056479,0.009615384615384621,0.7736013986013985
175.0,Sub-Mars,12.0,12.5,12.25,0.0014411295799999994,0.019230769230769232,0.7928321678321678
175.0,Sub-Mars,12.5,13.0,12.75,0.00072056479,0.009615384615384621,0.8024475524475524
175.0,Sub-Mars,13.0,13.5,13.25,0.00078607068,0.010489510489510495,0.8129370629370629
175.0,Sub-Mars,13.5,14.0,13.75,0.0014411295799999994,0.019230769230769232,0.8321678321678322
175.0,Sub-Mars,14.0,14.5,14.25,0.00098258835,0.013111888111888119,0.8452797202797203
175.0,Sub-Mars,14.5,15.0,14.75,0.0013756236899999995,0.01835664335664336,0.8636363636363636
175.0,Sub-Mars,15.0,15.5,15.25,0.001703153139999999,0.022727272727272724,0.8863636363636364
175.0,Sub-Mars,15.5,16.0,15.75,0.00078607068,0.010489510489510495,0.8968531468531469
175.0,Sub-Mars,16.0,16.5,16.25,0.0011136001299999999,0.014860139860139865,0.9117132867132868
175.0,Sub-Mars,16.5,17.0,16.75,0.0013101177999999996,0.017482517482517487,0.9291958041958043
175.0,Sub-Mars,17.0,17.5,17.25,0.0009170824600000001,0.012237762237762245,0.9414335664335666
175.0,Sub-Mars,17.5,18.0,17.75,0.00085157657,0.01136363636363637,0.9527972027972029
175.0,Sub-Mars,18.0,18.5,18.25,0.0011136001299999999,0.014860139860139865,0.9676573426573428
175.0,Sub-Mars,18.5,19.0,18.75,0.0013101177999999996,0.017482517482517487,0.9851398601398603
175.0,Sub-Mars,19.0,19.5,19.25,0.00085157657,0.01136363636363637,0.9965034965034967
175.0,Sub-Mars,19.5,20.0,19.75,0.00026202356,0.0034965034965034982,1.0000000000000002
175.0,Sub-Mars,20.0,20.5,20.25,0.0,0.0,1.0000000000000002
175.0,Sub-Mars,20.5,21.0,20.75,0.0,0.0,1.0000000000000002
175.0,Sub-Mars,21.0,21.5,21.25,0.0,0.0,1.0000000000000002
175.0,Sub-Mars,21.5,22.0,21.75,0.0,0.0,1.0000000000000002
175.0,Sub-Mars,22.0,22.5,22.25,0.0,0.0,1.0000000000000002
175.0,Sub-Mars,22.5,23.0,22.75,0.0,0.0,1.0000000000000002
175.0,Sub-Mars,23.0,23.5,23.25,0.0,0.0,1.0000000000000002
175.0,Sub-Mars,23.5,24.0,23.75,0.0,0.0,1.0000000000000002
175.0,Sub-Mars,24.0,24.5,24.25,0.0,0.0,1.0000000000000002
175.0,Sub-Mars,24.5,25.0,24.75,0.0,0.0,1.0000000000000002
175.0,Sub-Mars,25.0,25.5,25.25,0.0,0.0,1.0000000000000002
175.0,Sub-Mars,25.5,26.0,25.75,0.0,0.0,1.0000000000000002
175.0,Sub-Mars,26.0,26.5,26.25,0.0,0.0,1.0000000000000002
175.0,Sub-Mars,26.5,27.0,26.75,0.0,0.0,1.0000000000000002
175.0,Sub-Mars,27.0,27.5,27.25,0.0,0.0,1.0000000000000002
175.0,Sub-Mars,27.5,28.0,27.75,0.0,0.0,1.0000000000000002
175.0,Sub-Mars,28.0,28.5,28.25,0.0,0.0,1.0000000000000002
175.0,Sub-Mars,28.5,29.0,28.75,0.0,0.0,1.0000000000000002
175.0,Sub-Mars,29.0,29.5,29.25,0.0,0.0,1.0000000000000002
175.0,Sub-Mars,29.5,30.0,29.75,0.0,0.0,1.0000000000000002
175.0,Sub-Mars,30.0,30.5,30.25,0.0,0.0,1.0000000000000002
175.0,Sub-Mars,30.5,31.0,30.75,0.0,0.0,1.0000000000000002
175.0,Sub-Mars,31.0,31.5,31.25,0.0,0.0,1.0000000000000002
175.0,Sub-Mars,31.5,32.0,31.75,0.0,0.0,1.0000000000000002
175.0,Sub-Mars,32.0,32.5,32.25,0.0,0.0,1.0000000000000002
175.0,Sub-Mars,32.5,33.0,32.75,0.0,0.0,1.0000000000000002
175.0,Sub-Mars,33.0,33.5,33.25,0.0,0.0,1.0000000000000002
175.0,Sub-Mars,33.5,34.0,33.75,0.0,0.0,1.0000000000000002
175.0,Sub-Mars,34.0,34.5,34.25,0.0,0.0,1.0000000000000002
175.0,Sub-Mars,34.5,35.0,34.75,0.0,0.0,1.0000000000000002
175.0,Sub-Mars,35.0,35.5,35.25,0.0,0.0,1.0000000000000002
175.0,Sub-Mars,35.5,36.0,35.75,0.0,0.0,1.0000000000000002
175.0,Sub-Mars,36.0,36.5,36.25,0.0,0.0,1.0000000000000002
175.0,Sub-Mars,36.5,37.0,36.75,0.0,0.0,1.0000000000000002
175.0,Sub-Mars,37.0,37.5,37.25,0.0,0.0,1.0000000000000002
175.0,Sub-Mars,37.5,38.0,37.75,0.0,0.0,1.0000000000000002
175.0,Sub-Mars,38.0,38.5,38.25,0.0,0.0,1.0000000000000002
175.0,Sub-Mars,38.5,39.0,38.75,0.0,0.0,1.0000000000000002
175.0,Sub-Mars,39.0,39.5,39.25,0.0,0.0,1.0000000000000002
175.0,Sub-Mars,39.5,40.0,39.75,0.0,0.0,1.0000000000000002
175.0,Sub-Mars,40.0,40.5,40.25,0.0,0.0,1.0000000000000002
175.0,Sub-Mars,40.5,41.0,40.75,0.0,0.0,1.0000000000000002
175.0,Sub-Mars,41.0,41.5,41.25,0.0,0.0,1.0000000000000002
175.0,Sub-Mars,41.5,42.0,41.75,0.0,0.0,1.0000000000000002
175.0,Sub-Mars,42.0,42.5,42.25,0.0,0.0,1.0000000000000002
175.0,Sub-Mars,42.5,43.0,42.75,0.0,0.0,1.0000000000000002
175.0,Sub-Mars,43.0,43.5,43.25,0.0,0.0,1.0000000000000002
175.0,Sub-Mars,43.5,44.0,43.75,0.0,0.0,1.0000000000000002
175.0,Sub-Mars,44.0,44.5,44.25,0.0,0.0,1.0000000000000002
175.0,Sub-Mars,44.5,45.0,44.75,0.0,0.0,1.0000000000000002
175.0,Sub-Mars,45.0,45.5,45.25,0.0,0.0,1.0000000000000002
175.0,Sub-Mars,45.5,46.0,45.75,0.0,0.0,1.0000000000000002
175.0,Sub-Mars,46.0,46.5,46.25,0.0,0.0,1.0000000000000002
175.0,Sub-Mars,46.5,47.0,46.75,0.0,0.0,1.0000000000000002
175.0,Sub-Mars,47.0,47.5,47.25,0.0,0.0,1.0000000000000002
175.0,Sub-Mars,47.5,48.0,47.75,0.0,0.0,1.0000000000000002
175.0,Sub-Mars,48.0,48.5,48.25,0.0,0.0,1.0000000000000002
175.0,Sub-Mars,48.5,49.0,48.75,0.0,0.0,1.0000000000000002
175.0,Sub-Mars,49.0,49.5,49.25,0.0,0.0,1.0000000000000002
175.0,Sub-Mars,49.5,50.0,49.75,0.0,0.0,1.0000000000000002
175.0,Sub-Mars,50.0,50.5,50.25,0.0,0.0,1.0000000000000002
175.0,Sub-Mars,50.5,51.0,50.75,0.0,0.0,1.0000000000000002
175.0,Sub-Mars,51.0,51.5,51.25,0.0,0.0,1.0000000000000002
175.0,Sub-Mars,51.5,52.0,51.75,0.0,0.0,1.0000000000000002
175.0,Sub-Mars,52.0,52.5,52.25,0.0,0.0,1.0000000000000002
175.0,Sub-Mars,52.5,53.0,52.75,0.0,0.0,1.0000000000000002
175.0,Sub-Mars,53.0,53.5,53.25,0.0,0.0,1.0000000000000002
175.0,Sub-Mars,53.5,54.0,53.75,0.0,0.0,1.0000000000000002
175.0,Sub-Mars,54.0,54.5,54.25,0.0,0.0,1.0000000000000002
175.0,Sub-Mars,54.5,55.0,54.75,0.0,0.0,1.0000000000000002
175.0,Sub-Mars,55.0,55.5,55.25,0.0,0.0,1.0000000000000002
175.0,Sub-Mars,55.5,56.0,55.75,0.0,0.0,1.0000000000000002
175.0,Sub-Mars,56.0,56.5,56.25,0.0,0.0,1.0000000000000002
175.0,Sub-Mars,56.5,57.0,56.75,0.0,0.0,1.0000000000000002
175.0,Sub-Mars,57.0,57.5,57.25,0.0,0.0,1.0000000000000002
175.0,Sub-Mars,57.5,58.0,57.75,0.0,0.0,1.0000000000000002
175.0,Sub-Mars,58.0,58.5,58.25,0.0,0.0,1.0000000000000002
175.0,Sub-Mars,58.5,59.0,58.75,0.0,0.0,1.0000000000000002
175.0,Sub-Mars,59.0,59.5,59.25,0.0,0.0,1.0000000000000002
175.0,Sub-Mars,59.5,60.0,59.75,0.0,0.0,1.0000000000000002
175.0,Sub-Mars,60.0,60.5,60.25,0.0,0.0,1.0000000000000002
175.0,Sub-Mars,60.5,61.0,60.75,0.0,0.0,1.0000000000000002
175.0,Sub-Mars,61.0,61.5,61.25,0.0,0.0,1.0000000000000002
175.0,Sub-Mars,61.5,62.0,61.75,0.0,0.0,1.0000000000000002
175.0,Sub-Mars,62.0,62.5,62.25,0.0,0.0,1.0000000000000002
175.0,Sub-Mars,62.5,63.0,62.75,0.0,0.0,1.0000000000000002
175.0,Sub-Mars,63.0,63.5,63.25,0.0,0.0,1.0000000000000002
175.0,Sub-Mars,63.5,64.0,63.75,0.0,0.0,1.0000000000000002
175.0,Sub-Mars,64.0,64.5,64.25,0.0,0.0,1.0000000000000002
175.0,Sub-Mars,64.5,65.0,64.75,0.0,0.0,1.0000000000000002
175.0,Sub-Mars,65.0,65.5,65.25,0.0,0.0,1.0000000000000002
175.0,Sub-Mars,65.5,66.0,65.75,0.0,0.0,1.0000000000000002
175.0,Sub-Mars,66.0,66.5,66.25,0.0,0.0,1.0000000000000002
175.0,Sub-Mars,66.5,67.0,66.75,0.0,0.0,1.0000000000000002
175.0,Sub-Mars,67.0,67.5,67.25,0.0,0.0,1.0000000000000002
175.0,Sub-Mars,67.5,68.0,67.75,0.0,0.0,1.0000000000000002
175.0,Sub-Mars,68.0,68.5,68.25,0.0,0.0,1.0000000000000002
175.0,Sub-Mars,68.5,69.0,68.75,0.0,0.0,1.0000000000000002
175.0,Sub-Mars,69.0,69.5,69.25,0.0,0.0,1.0000000000000002
175.0,Sub-Mars,69.5,70.0,69.75,0.0,0.0,1.0000000000000002
175.0,Sub-Mars,70.0,70.5,70.25,0.0,0.0,1.0000000000000002
175.0,Sub-Mars,70.5,71.0,70.75,0.0,0.0,1.0000000000000002
175.0,Sub-Mars,71.0,71.5,71.25,0.0,0.0,1.0000000000000002
175.0,Sub-Mars,71.5,72.0,71.75,0.0,0.0,1.0000000000000002
175.0,Sub-Mars,72.0,72.5,72.25,0.0,0.0,1.0000000000000002
175.0,Sub-Mars,72.5,73.0,72.75,0.0,0.0,1.0000000000000002
175.0,Sub-Mars,73.0,73.5,73.25,0.0,0.0,1.0000000000000002
175.0,Sub-Mars,73.5,74.0,73.75,0.0,0.0,1.0000000000000002
175.0,Sub-Mars,74.0,74.5,74.25,0.0,0.0,1.0000000000000002
175.0,Sub-Mars,74.5,75.0,74.75,0.0,0.0,1.0000000000000002
175.0,Sub-Mars,75.0,75.5,75.25,0.0,0.0,1.0000000000000002
175.0,Sub-Mars,75.5,76.0,75.75,0.0,0.0,1.0000000000000002
175.0,Sub-Mars,76.0,76.5,76.25,0.0,0.0,1.0000000000000002
175.0,Sub-Mars,76.5,77.0,76.75,0.0,0.0,1.0000000000000002
175.0,Sub-Mars,77.0,77.5,77.25,0.0,0.0,1.0000000000000002
175.0,Sub-Mars,77.5,78.0,77.75,0.0,0.0,1.0000000000000002
175.0,Sub-Mars,78.0,78.5,78.25,0.0,0.0,1.0000000000000002
175.0,Sub-Mars,78.5,79.0,78.75,0.0,0.0,1.0000000000000002
175.0,Sub-Mars,79.0,79.5,79.25,0.0,0.0,1.0000000000000002
175.0,Sub-Mars,79.5,80.0,79.75,0.0,0.0,1.0000000000000002
175.0,Sub-Mars,80.0,80.5,80.25,0.0,0.0,1.0000000000000002
175.0,Sub-Mars,80.5,81.0,80.75,0.0,0.0,1.0000000000000002
175.0,Sub-Mars,81.0,81.5,81.25,0.0,0.0,1.0000000000000002
175.0,Sub-Mars,81.5,82.0,81.75,0.0,0.0,1.0000000000000002
175.0,Sub-Mars,82.0,82.5,82.25,0.0,0.0,1.0000000000000002
175.0,Sub-Mars,82.5,83.0,82.75,0.0,0.0,1.0000000000000002
175.0,Sub-Mars,83.0,83.5,83.25,0.0,0.0,1.0000000000000002
175.0,Sub-Mars,83.5,84.0,83.75,0.0,0.0,1.0000000000000002
175.0,Sub-Mars,84.0,84.5,84.25,0.0,0.0,1.0000000000000002
175.0,Sub-Mars,84.5,85.0,84.75,0.0,0.0,1.0000000000000002
175.0,Sub-Mars,85.0,85.5,85.25,0.0,0.0,1.0000000000000002
175.0,Sub-Mars,85.5,86.0,85.75,0.0,0.0,1.0000000000000002
175.0,Sub-Mars,86.0,86.5,86.25,0.0,0.0,1.0000000000000002
175.0,Sub-Mars,86.5,87.0,86.75,0.0,0.0,1.0000000000000002
175.0,Sub-Mars,87.0,87.5,87.25,0.0,0.0,1.0000000000000002
175.0,Sub-Mars,87.5,88.0,87.75,0.0,0.0,1.0000000000000002
175.0,Sub-Mars,88.0,88.5,88.25,0.0,0.0,1.0000000000000002
175.0,Sub-Mars,88.5,89.0,88.75,0.0,0.0,1.0000000000000002
175.0,Sub-Mars,89.0,89.5,89.25,0.0,0.0,1.0000000000000002
175.0,Sub-Mars,89.5,90.0,89.75,0.0,0.0,1.0000000000000002
175.0,Trailing,0.0,0.5,0.25,0.0,0.0,0.0
175.0,Trailing,0.5,1.0,0.75,0.0,0.0,0.0
175.0,Trailing,1.0,1.5,1.25,0.0,0.0,0.0
175.0,Trailing,1.5,2.0,1.75,0.0,0.0,0.0
175.0,Trailing,2.0,2.5,2.25,0.0,0.0,0.0
175.0,Trailing,2.5,3.0,2.75,0.0,0.0,0.0
175.0,Trailing,3.0,3.5,3.25,0.0,0.0,0.0
175.0,Trailing,3.5,4.0,3.75,0.0021616943699999986,0.028795811518324603,0.028795811518324603
175.0,Trailing,4.0,4.5,4.25,0.005043953530000002,0.06719022687609082,0.09598603839441541
175.0,Trailing,4.5,5.0,4.75,0.008319248030000012,0.11082024432809796,0.2068062827225134
175.0,Trailing,5.0,5.5,5.25,0.005371482980000003,0.07155322862129153,0.27835951134380493
175.0,Trailing,5.5,6.0,5.75,0.003930353399999996,0.05235602094240835,0.3307155322862133
175.0,Trailing,6.0,6.5,6.25,0.003799341619999996,0.05061082024432807,0.38132635253054137
175.0,Trailing,6.5,7.0,6.75,0.003864847509999996,0.05148342059336821,0.43280977312390956
175.0,Trailing,7.0,7.5,7.25,0.003995859289999996,0.053228621291448494,0.48603839441535807
175.0,Trailing,7.5,8.0,7.75,0.004257882849999998,0.056719022687609075,0.5427574171029671
175.0,Trailing,8.0,8.5,8.25,0.003078776829999997,0.041012216404886545,0.5837696335078536
175.0,Trailing,8.5,9.0,8.75,0.0034063062799999967,0.04537521815008724,0.6291448516579409
175.0,Trailing,9.0,9.5,9.25,0.003078776829999997,0.041012216404886545,0.6701570680628274
175.0,Trailing,9.5,10.0,9.75,0.0028822591599999975,0.03839441535776613,0.7085514834205935
175.0,Trailing,10.0,10.5,10.25,0.003275294499999997,0.04363001745200697,0.7521815008726005
175.0,Trailing,10.5,11.0,10.75,0.0021616943699999986,0.028795811518324603,0.780977312390925
175.0,Trailing,11.0,11.5,11.25,0.0034718121699999966,0.04624781849912738,0.8272251308900525
175.0,Trailing,11.5,12.0,11.75,0.0028167532699999976,0.03752181500872599,0.8647469458987784
175.0,Trailing,12.0,12.5,12.25,0.002423717929999998,0.03228621291448516,0.8970331588132636
175.0,Trailing,12.5,13.0,12.75,0.0029477650499999974,0.03926701570680627,0.9363001745200699
175.0,Trailing,13.0,13.5,13.25,0.0021616943699999986,0.028795811518324603,0.9650959860383944
175.0,Trailing,13.5,14.0,13.75,0.001768659029999999,0.023560209424083767,0.9886561954624782
175.0,Trailing,14.0,14.5,14.25,0.00085157657,0.011343804537521821,1.0
175.0,Trailing,14.5,15.0,14.75,0.0,0.0,1.0
175.0,Trailing,15.0,15.5,15.25,0.0,0.0,1.0
175.0,Trailing,15.5,16.0,15.75,0.0,0.0,1.0
175.0,Trailing,16.0,16.5,16.25,0.0,0.0,1.0
175.0,Trailing,16.5,17.0,16.75,0.0,0.0,1.0
175.0,Trailing,17.0,17.5,17.25,0.0,0.0,1.0
175.0,Trailing,17.5,18.0,17.75,0.0,0.0,1.0
175.0,Trailing,18.0,18.5,18.25,0.0,0.0,1.0
175.0,Trailing,18.5,19.0,18.75,0.0,0.0,1.0
175.0,Trailing,19.0,19.5,19.25,0.0,0.0,1.0
175.0,Trailing,19.5,20.0,19.75,0.0,0.0,1.0
175.0,Trailing,20.0,20.5,20.25,0.0,0.0,1.0
175.0,Trailing,20.5,21.0,20.75,0.0,0.0,1.0
175.0,Trailing,21.0,21.5,21.25,0.0,0.0,1.0
175.0,Trailing,21.5,22.0,21.75,0.0,0.0,1.0
175.0,Trailing,22.0,22.5,22.25,0.0,0.0,1.0
175.0,Trailing,22.5,23.0,22.75,0.0,0.0,1.0
175.0,Trailing,23.0,23.5,23.25,0.0,0.0,1.0
175.0,Trailing,23.5,24.0,23.75,0.0,0.0,1.0
175.0,Trailing,24.0,24.5,24.25,0.0,0.0,1.0
175.0,Trailing,24.5,25.0,24.75,0.0,0.0,1.0
175.0,Trailing,25.0,25.5,25.25,0.0,0.0,1.0
175.0,Trailing,25.5,26.0,25.75,0.0,0.0,1.0
175.0,Trailing,26.0,26.5,26.25,0.0,0.0,1.0
175.0,Trailing,26.5,27.0,26.75,0.0,0.0,1.0
175.0,Trailing,27.0,27.5,27.25,0.0,0.0,1.0
175.0,Trailing,27.5,28.0,27.75,0.0,0.0,1.0
175.0,Trailing,28.0,28.5,28.25,0.0,0.0,1.0
175.0,Trailing,28.5,29.0,28.75,0.0,0.0,1.0
175.0,Trailing,29.0,29.5,29.25,0.0,0.0,1.0
175.0,Trailing,29.5,30.0,29.75,0.0,0.0,1.0
175.0,Trailing,30.0,30.5,30.25,0.0,0.0,1.0
175.0,Trailing,30.5,31.0,30.75,0.0,0.0,1.0
175.0,Trailing,31.0,31.5,31.25,0.0,0.0,1.0
175.0,Trailing,31.5,32.0,31.75,0.0,0.0,1.0
175.0,Trailing,32.0,32.5,32.25,0.0,0.0,1.0
175.0,Trailing,32.5,33.0,32.75,0.0,0.0,1.0
175.0,Trailing,33.0,33.5,33.25,0.0,0.0,1.0
175.0,Trailing,33.5,34.0,33.75,0.0,0.0,1.0
175.0,Trailing,34.0,34.5,34.25,0.0,0.0,1.0
175.0,Trailing,34.5,35.0,34.75,0.0,0.0,1.0
175.0,Trailing,35.0,35.5,35.25,0.0,0.0,1.0
175.0,Trailing,35.5,36.0,35.75,0.0,0.0,1.0
175.0,Trailing,36.0,36.5,36.25,0.0,0.0,1.0
175.0,Trailing,36.5,37.0,36.75,0.0,0.0,1.0
175.0,Trailing,37.0,37.5,37.25,0.0,0.0,1.0
175.0,Trailing,37.5,38.0,37.75,0.0,0.0,1.0
175.0,Trailing,38.0,38.5,38.25,0.0,0.0,1.0
175.0,Trailing,38.5,39.0,38.75,0.0,0.0,1.0
175.0,Trailing,39.0,39.5,39.25,0.0,0.0,1.0
175.0,Trailing,39.5,40.0,39.75,0.0,0.0,1.0
175.0,Trailing,40.0,40.5,40.25,0.0,0.0,1.0
175.0,Trailing,40.5,41.0,40.75,0.0,0.0,1.0
175.0,Trailing,41.0,41.5,41.25,0.0,0.0,1.0
175.0,Trailing,41.5,42.0,41.75,0.0,0.0,1.0
175.0,Trailing,42.0,42.5,42.25,0.0,0.0,1.0
175.0,Trailing,42.5,43.0,42.75,0.0,0.0,1.0
175.0,Trailing,43.0,43.5,43.25,0.0,0.0,1.0
175.0,Trailing,43.5,44.0,43.75,0.0,0.0,1.0
175.0,Trailing,44.0,44.5,44.25,0.0,0.0,1.0
175.0,Trailing,44.5,45.0,44.75,0.0,0.0,1.0
175.0,Trailing,45.0,45.5,45.25,0.0,0.0,1.0
175.0,Trailing,45.5,46.0,45.75,0.0,0.0,1.0
175.0,Trailing,46.0,46.5,46.25,0.0,0.0,1.0
175.0,Trailing,46.5,47.0,46.75,0.0,0.0,1.0
175.0,Trailing,47.0,47.5,47.25,0.0,0.0,1.0
175.0,Trailing,47.5,48.0,47.75,0.0,0.0,1.0
175.0,Trailing,48.0,48.5,48.25,0.0,0.0,1.0
175.0,Trailing,48.5,49.0,48.75,0.0,0.0,1.0
175.0,Trailing,49.0,49.5,49.25,0.0,0.0,1.0
175.0,Trailing,49.5,50.0,49.75,0.0,0.0,1.0
175.0,Trailing,50.0,50.5,50.25,0.0,0.0,1.0
175.0,Trailing,50.5,51.0,50.75,0.0,0.0,1.0
175.0,Trailing,51.0,51.5,51.25,0.0,0.0,1.0
175.0,Trailing,51.5,52.0,51.75,0.0,0.0,1.0
175.0,Trailing,52.0,52.5,52.25,0.0,0.0,1.0
175.0,Trailing,52.5,53.0,52.75,0.0,0.0,1.0
175.0,Trailing,53.0,53.5,53.25,0.0,0.0,1.0
175.0,Trailing,53.5,54.0,53.75,0.0,0.0,1.0
175.0,Trailing,54.0,54.5,54.25,0.0,0.0,1.0
175.0,Trailing,54.5,55.0,54.75,0.0,0.0,1.0
175.0,Trailing,55.0,55.5,55.25,0.0,0.0,1.0
175.0,Trailing,55.5,56.0,55.75,0.0,0.0,1.0
175.0,Trailing,56.0,56.5,56.25,0.0,0.0,1.0
175.0,Trailing,56.5,57.0,56.75,0.0,0.0,1.0
175.0,Trailing,57.0,57.5,57.25,0.0,0.0,1.0
175.0,Trailing,57.5,58.0,57.75,0.0,0.0,1.0
175.0,Trailing,58.0,58.5,58.25,0.0,0.0,1.0
175.0,Trailing,58.5,59.0,58.75,0.0,0.0,1.0
175.0,Trailing,59.0,59.5,59.25,0.0,0.0,1.0
175.0,Trailing,59.5,60.0,59.75,0.0,0.0,1.0
175.0,Trailing,60.0,60.5,60.25,0.0,0.0,1.0
175.0,Trailing,60.5,61.0,60.75,0.0,0.0,1.0
175.0,Trailing,61.0,61.5,61.25,0.0,0.0,1.0
175.0,Trailing,61.5,62.0,61.75,0.0,0.0,1.0
175.0,Trailing,62.0,62.5,62.25,0.0,0.0,1.0
175.0,Trailing,62.5,63.0,62.75,0.0,0.0,1.0
175.0,Trailing,63.0,63.5,63.25,0.0,0.0,1.0
175.0,Trailing,63.5,64.0,63.75,0.0,0.0,1.0
175.0,Trailing,64.0,64.5,64.25,0.0,0.0,1.0
175.0,Trailing,64.5,65.0,64.75,0.0,0.0,1.0
175.0,Trailing,65.0,65.5,65.25,0.0,0.0,1.0
175.0,Trailing,65.5,66.0,65.75,0.0,0.0,1.0
175.0,Trailing,66.0,66.5,66.25,0.0,0.0,1.0
175.0,Trailing,66.5,67.0,66.75,0.0,0.0,1.0
175.0,Trailing,67.0,67.5,67.25,0.0,0.0,1.0
175.0,Trailing,67.5,68.0,67.75,0.0,0.0,1.0
175.0,Trailing,68.0,68.5,68.25,0.0,0.0,1.0
175.0,Trailing,68.5,69.0,68.75,0.0,0.0,1.0
175.0,Trailing,69.0,69.5,69.25,0.0,0.0,1.0
175.0,Trailing,69.5,70.0,69.75,0.0,0.0,1.0
175.0,Trailing,70.0,70.5,70.25,0.0,0.0,1.0
175.0,Trailing,70.5,71.0,70.75,0.0,0.0,1.0
175.0,Trailing,71.0,71.5,71.25,0.0,0.0,1.0
175.0,Trailing,71.5,72.0,71.75,0.0,0.0,1.0
175.0,Trailing,72.0,72.5,72.25,0.0,0.0,1.0
175.0,Trailing,72.5,73.0,72.75,0.0,0.0,1.0
175.0,Trailing,73.0,73.5,73.25,0.0,0.0,1.0
175.0,Trailing,73.5,74.0,73.75,0.0,0.0,1.0
175.0,Trailing,74.0,74.5,74.25,0.0,0.0,1.0
175.0,Trailing,74.5,75.0,74.75,0.0,0.0,1.0
175.0,Trailing,75.0,75.5,75.25,0.0,0.0,1.0
175.0,Trailing,75.5,76.0,75.75,0.0,0.0,1.0
175.0,Trailing,76.0,76.5,76.25,0.0,0.0,1.0
175.0,Trailing,76.5,77.0,76.75,0.0,0.0,1.0
175.0,Trailing,77.0,77.5,77.25,0.0,0.0,1.0
175.0,Trailing,77.5,78.0,77.75,0.0,0.0,1.0
175.0,Trailing,78.0,78.5,78.25,0.0,0.0,1.0
175.0,Trailing,78.5,79.0,78.75,0.0,0.0,1.0
175.0,Trailing,79.0,79.5,79.25,0.0,0.0,1.0
175.0,Trailing,79.5,80.0,79.75,0.0,0.0,1.0
175.0,Trailing,80.0,80.5,80.25,0.0,0.0,1.0
175.0,Trailing,80.5,81.0,80.75,0.0,0.0,1.0
175.0,Trailing,81.0,81.5,81.25,0.0,0.0,1.0
175.0,Trailing,81.5,82.0,81.75,0.0,0.0,1.0
175.0,Trailing,82.0,82.5,82.25,0.0,0.0,1.0
175.0,Trailing,82.5,83.0,82.75,0.0,0.0,1.0
175.0,Trailing,83.0,83.5,83.25,0.0,0.0,1.0
175.0,Trailing,83.5,84.0,83.75,0.0,0.0,1.0
175.0,Trailing,84.0,84.5,84.25,0.0,0.0,1.0
175.0,Trailing,84.5,85.0,84.75,0.0,0.0,1.0
175.0,Trailing,85.0,85.5,85.25,0.0,0.0,1.0
175.0,Trailing,85.5,86.0,85.75,0.0,0.0,1.0
175.0,Trailing,86.0,86.5,86.25,0.0,0.0,1.0
175.0,Trailing,86.5,87.0,86.75,0.0,0.0,1.0
175.0,Trailing,87.0,87.5,87.25,0.0,0.0,1.0
175.0,Trailing,87.5,88.0,87.75,0.0,0.0,1.0
175.0,Trailing,88.0,88.5,88.25,0.0,0.0,1.0
175.0,Trailing,88.5,89.0,88.75,0.0,0.0,1.0
175.0,Trailing,89.0,89.5,89.25,0.0,0.0,1.0
175.0,Trailing,89.5,90.0,89.75,0.0,0.0,1.0
175.0,Anti-Mars,0.0,0.5,0.25,0.0,0.0,0.0
175.0,Anti-Mars,0.5,1.0,0.75,0.0,0.0,0.0
175.0,Anti-Mars,1.0,1.5,1.25,0.0,0.0,0.0
175.0,Anti-Mars,1.5,2.0,1.75,0.0,0.0,0.0
175.0,Anti-Mars,2.0,2.5,2.25,0.0,0.0,0.0
175.0,Anti-Mars,2.5,3.0,2.75,0.0,0.0,0.0
175.0,Anti-Mars,3.0,3.5,3.25,0.0,0.0,0.0
175.0,Anti-Mars,3.5,4.0,3.75,0.0,0.0,0.0
175.0,Anti-Mars,4.0,4.5,4.25,0.0,0.0,0.0
175.0,Anti-Mars,4.5,5.0,4.75,0.0,0.0,0.0
175.0,Anti-Mars,5.0,5.5,5.25,0.00052404712,0.006168080185042406,0.006168080185042406
175.0,Anti-Mars,5.5,6.0,5.75,0.0036028239499999977,0.04240555127216652,0.04857363145720892
175.0,Anti-Mars,6.0,6.5,6.25,0.013952754569999977,0.1642251349267538,0.21279876638396272
175.0,Anti-Mars,6.5,7.0,6.75,0.00903981282000001,0.10639938319198163,0.31919814957594433
175.0,Anti-Mars,7.0,7.5,7.25,0.01251162498999998,0.14726291441788722,0.4664610639938316
175.0,Anti-Mars,7.5,8.0,7.75,0.017883107969999992,0.21048573631457201,0.6769468003084036
175.0,Anti-Mars,8.0,8.5,8.25,0.009236330490000007,0.10871241326137249,0.7856592135697761
175.0,Anti-Mars,8.5,9.0,8.75,0.008384753920000014,0.09868928296067866,0.8843484965304548
175.0,Anti-Mars,9.0,9.5,9.25,0.004454400519999999,0.05242868157286044,0.9367771781033152
175.0,Anti-Mars,9.5,10.0,9.75,0.001965176699999999,0.02313030069390901,0.9599074787972242
175.0,Anti-Mars,10.0,10.5,10.25,0.001768659029999999,0.02081727062451811,0.9807247494217423
175.0,Anti-Mars,10.5,11.0,10.75,0.0012446119099999997,0.01464919043947571,0.9953739398612179
175.0,Anti-Mars,11.0,11.5,11.25,0.00039303534,0.004626060138781805,0.9999999999999997
175.0,Anti-Mars,11.5,12.0,11.75,0.0,0.0,0.9999999999999997
175.0,Anti-Mars,12.0,12.5,12.25,0.0,0.0,0.9999999999999997
175.0,Anti-Mars,12.5,13.0,12.75,0.0,0.0,0.9999999999999997
175.0,Anti-Mars,13.0,13.5,13.25,0.0,0.0,0.9999999999999997
175.0,Anti-Mars,13.5,14.0,13.75,0.0,0.0,0.9999999999999997
175.0,Anti-Mars,14.0,14.5,14.25,0.0,0.0,0.9999999999999997
175.0,Anti-Mars,14.5,15.0,14.75,0.0,0.0,0.9999999999999997
175.0,Anti-Mars,15.0,15.5,15.25,0.0,0.0,0.9999999999999997
175.0,Anti-Mars,15.5,16.0,15.75,0.0,0.0,0.9999999999999997
175.0,Anti-Mars,16.0,16.5,16.25,0.0,0.0,0.9999999999999997
175.0,Anti-Mars,16.5,17.0,16.75,0.0,0.0,0.9999999999999997
175.0,Anti-Mars,17.0,17.5,17.25,0.0,0.0,0.9999999999999997
175.0,Anti-Mars,17.5,18.0,17.75,0.0,0.0,0.9999999999999997
175.0,Anti-Mars,18.0,18.5,18.25,0.0,0.0,0.9999999999999997
175.0,Anti-Mars,18.5,19.0,18.75,0.0,0.0,0.9999999999999997
175.0,Anti-Mars,19.0,19.5,19.25,0.0,0.0,0.9999999999999997
175.0,Anti-Mars,19.5,20.0,19.75,0.0,0.0,0.9999999999999997
175.0,Anti-Mars,20.0,20.5,20.25,0.0,0.0,0.9999999999999997
175.0,Anti-Mars,20.5,21.0,20.75,0.0,0.0,0.9999999999999997
175.0,Anti-Mars,21.0,21.5,21.25,0.0,0.0,0.9999999999999997
175.0,Anti-Mars,21.5,22.0,21.75,0.0,0.0,0.9999999999999997
175.0,Anti-Mars,22.0,22.5,22.25,0.0,0.0,0.9999999999999997
175.0,Anti-Mars,22.5,23.0,22.75,0.0,0.0,0.9999999999999997
175.0,Anti-Mars,23.0,23.5,23.25,0.0,0.0,0.9999999999999997
175.0,Anti-Mars,23.5,24.0,23.75,0.0,0.0,0.9999999999999997
175.0,Anti-Mars,24.0,24.5,24.25,0.0,0.0,0.9999999999999997
175.0,Anti-Mars,24.5,25.0,24.75,0.0,0.0,0.9999999999999997
175.0,Anti-Mars,25.0,25.5,25.25,0.0,0.0,0.9999999999999997
175.0,Anti-Mars,25.5,26.0,25.75,0.0,0.0,0.9999999999999997
175.0,Anti-Mars,26.0,26.5,26.25,0.0,0.0,0.9999999999999997
175.0,Anti-Mars,26.5,27.0,26.75,0.0,0.0,0.9999999999999997
175.0,Anti-Mars,27.0,27.5,27.25,0.0,0.0,0.9999999999999997
175.0,Anti-Mars,27.5,28.0,27.75,0.0,0.0,0.9999999999999997
175.0,Anti-Mars,28.0,28.5,28.25,0.0,0.0,0.9999999999999997
175.0,Anti-Mars,28.5,29.0,28.75,0.0,0.0,0.9999999999999997
175.0,Anti-Mars,29.0,29.5,29.25,0.0,0.0,0.9999999999999997
175.0,Anti-Mars,29.5,30.0,29.75,0.0,0.0,0.9999999999999997
175.0,Anti-Mars,30.0,30.5,30.25,0.0,0.0,0.9999999999999997
175.0,Anti-Mars,30.5,31.0,30.75,0.0,0.0,0.9999999999999997
175.0,Anti-Mars,31.0,31.5,31.25,0.0,0.0,0.9999999999999997
175.0,Anti-Mars,31.5,32.0,31.75,0.0,0.0,0.9999999999999997
175.0,Anti-Mars,32.0,32.5,32.25,0.0,0.0,0.9999999999999997
175.0,Anti-Mars,32.5,33.0,32.75,0.0,0.0,0.9999999999999997
175.0,Anti-Mars,33.0,33.5,33.25,0.0,0.0,0.9999999999999997
175.0,Anti-Mars,33.5,34.0,33.75,0.0,0.0,0.9999999999999997
175.0,Anti-Mars,34.0,34.5,34.25,0.0,0.0,0.9999999999999997
175.0,Anti-Mars,34.5,35.0,34.75,0.0,0.0,0.9999999999999997
175.0,Anti-Mars,35.0,35.5,35.25,0.0,0.0,0.9999999999999997
175.0,Anti-Mars,35.5,36.0,35.75,0.0,0.0,0.9999999999999997
175.0,Anti-Mars,36.0,36.5,36.25,0.0,0.0,0.9999999999999997
175.0,Anti-Mars,36.5,37.0,36.75,0.0,0.0,0.9999999999999997
175.0,Anti-Mars,37.0,37.5,37.25,0.0,0.0,0.9999999999999997
175.0,Anti-Mars,37.5,38.0,37.75,0.0,0.0,0.9999999999999997
175.0,Anti-Mars,38.0,38.5,38.25,0.0,0.0,0.9999999999999997
175.0,Anti-Mars,38.5,39.0,38.75,0.0,0.0,0.9999999999999997
175.0,Anti-Mars,39.0,39.5,39.25,0.0,0.0,0.9999999999999997
175.0,Anti-Mars,39.5,40.0,39.75,0.0,0.0,0.9999999999999997
175.0,Anti-Mars,40.0,40.5,40.25,0.0,0.0,0.9999999999999997
175.0,Anti-Mars,40.5,41.0,40.75,0.0,0.0,0.9999999999999997
175.0,Anti-Mars,41.0,41.5,41.25,0.0,0.0,0.9999999999999997
175.0,Anti-Mars,41.5,42.0,41.75,0.0,0.0,0.9999999999999997
175.0,Anti-Mars,42.0,42.5,42.25,0.0,0.0,0.9999999999999997
175.0,Anti-Mars,42.5,43.0,42.75,0.0,0.0,0.9999999999999997
175.0,Anti-Mars,43.0,43.5,43.25,0.0,0.0,0.9999999999999997
175.0,Anti-Mars,43.5,44.0,43.75,0.0,0.0,0.9999999999999997
175.0,Anti-Mars,44.0,44.5,44.25,0.0,0.0,0.9999999999999997
175.0,Anti-Mars,44.5,45.0,44.75,0.0,0.0,0.9999999999999997
175.0,Anti-Mars,45.0,45.5,45.25,0.0,0.0,0.9999999999999997
175.0,Anti-Mars,45.5,46.0,45.75,0.0,0.0,0.9999999999999997
175.0,Anti-Mars,46.0,46.5,46.25,0.0,0.0,0.9999999999999997
175.0,Anti-Mars,46.5,47.0,46.75,0.0,0.0,0.9999999999999997
175.0,Anti-Mars,47.0,47.5,47.25,0.0,0.0,0.9999999999999997
175.0,Anti-Mars,47.5,48.0,47.75,0.0,0.0,0.9999999999999997
175.0,Anti-Mars,48.0,48.5,48.25,0.0,0.0,0.9999999999999997
175.0,Anti-Mars,48.5,49.0,48.75,0.0,0.0,0.9999999999999997
175.0,Anti-Mars,49.0,49.5,49.25,0.0,0.0,0.9999999999999997
175.0,Anti-Mars,49.5,50.0,49.75,0.0,0.0,0.9999999999999997
175.0,Anti-Mars,50.0,50.5,50.25,0.0,0.0,0.9999999999999997
175.0,Anti-Mars,50.5,51.0,50.75,0.0,0.0,0.9999999999999997
175.0,Anti-Mars,51.0,51.5,51.25,0.0,0.0,0.9999999999999997
175.0,Anti-Mars,51.5,52.0,51.75,0.0,0.0,0.9999999999999997
175.0,Anti-Mars,52.0,52.5,52.25,0.0,0.0,0.9999999999999997
175.0,Anti-Mars,52.5,53.0,52.75,0.0,0.0,0.9999999999999997
175.0,Anti-Mars,53.0,53.5,53.25,0.0,0.0,0.9999999999999997
175.0,Anti-Mars,53.5,54.0,53.75,0.0,0.0,0.9999999999999997
175.0,Anti-Mars,54.0,54.5,54.25,0.0,0.0,0.9999999999999997
175.0,Anti-Mars,54.5,55.0,54.75,0.0,0.0,0.9999999999999997
175.0,Anti-Mars,55.0,55.5,55.25,0.0,0.0,0.9999999999999997
175.0,Anti-Mars,55.5,56.0,55.75,0.0,0.0,0.9999999999999997
175.0,Anti-Mars,56.0,56.5,56.25,0.0,0.0,0.9999999999999997
175.0,Anti-Mars,56.5,57.0,56.75,0.0,0.0,0.9999999999999997
175.0,Anti-Mars,57.0,57.5,57.25,0.0,0.0,0.9999999999999997
175.0,Anti-Mars,57.5,58.0,57.75,0.0,0.0,0.9999999999999997
175.0,Anti-Mars,58.0,58.5,58.25,0.0,0.0,0.9999999999999997
175.0,Anti-Mars,58.5,59.0,58.75,0.0,0.0,0.9999999999999997
175.0,Anti-Mars,59.0,59.5,59.25,0.0,0.0,0.9999999999999997
175.0,Anti-Mars,59.5,60.0,59.75,0.0,0.0,0.9999999999999997
175.0,Anti-Mars,60.0,60.5,60.25,0.0,0.0,0.9999999999999997
175.0,Anti-Mars,60.5,61.0,60.75,0.0,0.0,0.9999999999999997
175.0,Anti-Mars,61.0,61.5,61.25,0.0,0.0,0.9999999999999997
175.0,Anti-Mars,61.5,62.0,61.75,0.0,0.0,0.9999999999999997
175.0,Anti-Mars,62.0,62.5,62.25,0.0,0.0,0.9999999999999997
175.0,Anti-Mars,62.5,63.0,62.75,0.0,0.0,0.9999999999999997
175.0,Anti-Mars,63.0,63.5,63.25,0.0,0.0,0.9999999999999997
175.0,Anti-Mars,63.5,64.0,63.75,0.0,0.0,0.9999999999999997
175.0,Anti-Mars,64.0,64.5,64.25,0.0,0.0,0.9999999999999997
175.0,Anti-Mars,64.5,65.0,64.75,0.0,0.0,0.9999999999999997
175.0,Anti-Mars,65.0,65.5,65.25,0.0,0.0,0.9999999999999997
175.0,Anti-Mars,65.5,66.0,65.75,0.0,0.0,0.9999999999999997
175.0,Anti-Mars,66.0,66.5,66.25,0.0,0.0,0.9999999999999997
175.0,Anti-Mars,66.5,67.0,66.75,0.0,0.0,0.9999999999999997
175.0,Anti-Mars,67.0,67.5,67.25,0.0,0.0,0.9999999999999997
175.0,Anti-Mars,67.5,68.0,67.75,0.0,0.0,0.9999999999999997
175.0,Anti-Mars,68.0,68.5,68.25,0.0,0.0,0.9999999999999997
175.0,Anti-Mars,68.5,69.0,68.75,0.0,0.0,0.9999999999999997
175.0,Anti-Mars,69.0,69.5,69.25,0.0,0.0,0.9999999999999997
175.0,Anti-Mars,69.5,70.0,69.75,0.0,0.0,0.9999999999999997
175.0,Anti-Mars,70.0,70.5,70.25,0.0,0.0,0.9999999999999997
175.0,Anti-Mars,70.5,71.0,70.75,0.0,0.0,0.9999999999999997
175.0,Anti-Mars,71.0,71.5,71.25,0.0,0.0,0.9999999999999997
175.0,Anti-Mars,71.5,72.0,71.75,0.0,0.0,0.9999999999999997
175.0,Anti-Mars,72.0,72.5,72.25,0.0,0.0,0.9999999999999997
175.0,Anti-Mars,72.5,73.0,72.75,0.0,0.0,0.9999999999999997
175.0,Anti-Mars,73.0,73.5,73.25,0.0,0.0,0.9999999999999997
175.0,Anti-Mars,73.5,74.0,73.75,0.0,0.0,0.9999999999999997
175.0,Anti-Mars,74.0,74.5,74.25,0.0,0.0,0.9999999999999997
175.0,Anti-Mars,74.5,75.0,74.75,0.0,0.0,0.9999999999999997
175.0,Anti-Mars,75.0,75.5,75.25,0.0,0.0,0.9999999999999997
175.0,Anti-Mars,75.5,76.0,75.75,0.0,0.0,0.9999999999999997
175.0,Anti-Mars,76.0,76.5,76.25,0.0,0.0,0.9999999999999997
175.0,Anti-Mars,76.5,77.0,76.75,0.0,0.0,0.9999999999999997
175.0,Anti-Mars,77.0,77.5,77.25,0.0,0.0,0.9999999999999997
175.0,Anti-Mars,77.5,78.0,77.75,0.0,0.0,0.9999999999999997
175.0,Anti-Mars,78.0,78.5,78.25,0.0,0.0,0.9999999999999997
175.0,Anti-Mars,78.5,79.0,78.75,0.0,0.0,0.9999999999999997
175.0,Anti-Mars,79.0,79.5,79.25,0.0,0.0,0.9999999999999997
175.0,Anti-Mars,79.5,80.0,79.75,0.0,0.0,0.9999999999999997
175.0,Anti-Mars,80.0,80.5,80.25,0.0,0.0,0.9999999999999997
175.0,Anti-Mars,80.5,81.0,80.75,0.0,0.0,0.9999999999999997
175.0,Anti-Mars,81.0,81.5,81.25,0.0,0.0,0.9999999999999997
175.0,Anti-Mars,81.5,82.0,81.75,0.0,0.0,0.9999999999999997
175.0,Anti-Mars,82.0,82.5,82.25,0.0,0.0,0.9999999999999997
175.0,Anti-Mars,82.5,83.0,82.75,0.0,0.0,0.9999999999999997
175.0,Anti-Mars,83.0,83.5,83.25,0.0,0.0,0.9999999999999997
175.0,Anti-Mars,83.5,84.0,83.75,0.0,0.0,0.9999999999999997
175.0,Anti-Mars,84.0,84.5,84.25,0.0,0.0,0.9999999999999997
175.0,Anti-Mars,84.5,85.0,84.75,0.0,0.0,0.9999999999999997
175.0,Anti-Mars,85.0,85.5,85.25,0.0,0.0,0.9999999999999997
175.0,Anti-Mars,85.5,86.0,85.75,0.0,0.0,0.9999999999999997
175.0,Anti-Mars,86.0,86.5,86.25,0.0,0.0,0.9999999999999997
175.0,Anti-Mars,86.5,87.0,86.75,0.0,0.0,0.9999999999999997
175.0,Anti-Mars,87.0,87.5,87.25,0.0,0.0,0.9999999999999997
175.0,Anti-Mars,87.5,88.0,87.75,0.0,0.0,0.9999999999999997
175.0,Anti-Mars,88.0,88.5,88.25,0.0,0.0,0.9999999999999997
175.0,Anti-Mars,88.5,89.0,88.75,0.0,0.0,0.9999999999999997
175.0,Anti-Mars,89.0,89.5,89.25,0.0,0.0,0.9999999999999997
175.0,Anti-Mars,89.5,90.0,89.75,0.0,0.0,0.9999999999999997
200.0,Leading,0.0,0.5,0.25,0.0,0.0,0.0
200.0,Leading,0.5,1.0,0.75,0.00019647407999999998,0.0031982942430703624,0.0031982942430703624
200.0,Leading,1.0,1.5,1.25,0.00039294816,0.006396588486140726,0.009594882729211088
200.0,Leading,1.5,2.0,1.75,0.00026196544,0.004264392324093817,0.013859275053304906
200.0,Leading,2.0,2.5,2.25,0.0005894222399999999,0.009594882729211088,0.023454157782515993
200.0,Leading,2.5,3.0,2.75,0.0003274568,0.0053304904051172716,0.028784648187633266
200.0,Leading,3.0,3.5,3.25,0.0006549135999999999,0.010660980810234541,0.039445628997867806
200.0,Leading,3.5,4.0,3.75,0.0007858963199999998,0.012793176972281448,0.05223880597014925
200.0,Leading,4.0,4.5,4.25,0.0005894222399999999,0.009594882729211088,0.06183368869936034
200.0,Leading,4.5,5.0,4.75,0.00045843952000000003,0.007462686567164181,0.06929637526652452
200.0,Leading,5.0,5.5,5.25,0.00052393088,0.008528784648187635,0.07782515991471216
200.0,Leading,5.5,6.0,5.75,0.0009823703999999997,0.01599147121535181,0.09381663113006397
200.0,Leading,6.0,6.5,6.25,0.0011788444799999999,0.019189765458422176,0.11300639658848614
200.0,Leading,6.5,7.0,6.75,0.0010478617599999998,0.017057569296375266,0.1300639658848614
200.0,Leading,7.0,7.5,7.25,0.00137531856,0.022388059701492543,0.15245202558635396
200.0,Leading,7.5,8.0,7.75,0.0010478617599999998,0.017057569296375266,0.1695095948827292
200.0,Leading,8.0,8.5,8.25,0.0009168790399999997,0.014925373134328356,0.18443496801705755
200.0,Leading,8.5,9.0,8.75,0.0016372840000000004,0.026652452025586363,0.21108742004264391
200.0,Leading,9.0,9.5,9.25,0.0018992494400000006,0.030916844349680183,0.2420042643923241
200.0,Leading,9.5,10.0,9.75,0.0020957235200000004,0.034115138592750546,0.27611940298507465
200.0,Leading,10.0,10.5,10.25,0.0024886716799999995,0.04051172707889125,0.3166311300639659
200.0,Leading,10.5,11.0,10.75,0.00478086928,0.07782515991471216,0.3944562899786781
200.0,Leading,11.0,11.5,11.25,0.0056322569600000035,0.09168443496801712,0.48614072494669525
200.0,Leading,11.5,12.0,11.75,0.0047153779199999996,0.0767590618336887,0.562899786780384
200.0,Leading,12.0,12.5,12.25,0.004191447039999997,0.06823027718550102,0.631130063965885
200.0,Leading,12.5,13.0,12.75,0.0039949729599999964,0.06503198294243065,0.6961620469083156
200.0,Leading,13.0,13.5,13.25,0.002750637119999999,0.04477611940298506,0.7409381663113007
200.0,Leading,13.5,14.0,13.75,0.0024886716799999995,0.04051172707889125,0.781449893390192
200.0,Leading,14.0,14.5,14.25,0.0032745679999999977,0.05330490405117268,0.8347547974413647
200.0,Leading,14.5,15.0,14.75,0.0016372840000000004,0.026652452025586363,0.8614072494669511
200.0,Leading,15.0,15.5,15.25,0.00026196544,0.004264392324093817,0.8656716417910449
200.0,Leading,15.5,16.0,15.75,0.00039294816,0.006396588486140726,0.8720682302771857
200.0,Leading,16.0,16.5,16.25,0.00026196544,0.004264392324093817,0.8763326226012795
200.0,Leading,16.5,17.0,16.75,0.0003274568,0.0053304904051172716,0.8816631130063968
200.0,Leading,17.0,17.5,17.25,0.0007204049599999999,0.011727078891257995,0.8933901918976548
200.0,Leading,17.5,18.0,17.75,0.00026196544,0.004264392324093817,0.8976545842217486
200.0,Leading,18.0,18.5,18.25,0.00013098272,0.0021321961620469087,0.8997867803837956
200.0,Leading,18.5,19.0,18.75,0.00052393088,0.008528784648187635,0.9083155650319832
200.0,Leading,19.0,19.5,19.25,0.00052393088,0.008528784648187635,0.9168443496801708
200.0,Leading,19.5,20.0,19.75,0.0005894222399999999,0.009594882729211088,0.9264392324093819
200.0,Leading,20.0,20.5,20.25,0.0005894222399999999,0.009594882729211088,0.9360341151385929
200.0,Leading,20.5,21.0,20.75,0.0007858963199999998,0.012793176972281448,0.9488272921108744
200.0,Leading,21.0,21.5,21.25,0.0007858963199999998,0.012793176972281448,0.9616204690831558
200.0,Leading,21.5,22.0,21.75,0.0009168790399999997,0.014925373134328356,0.9765458422174842
200.0,Leading,22.0,22.5,22.25,0.0007204049599999999,0.011727078891257995,0.9882729211087422
200.0,Leading,22.5,23.0,22.75,0.00052393088,0.008528784648187635,0.9968017057569298
200.0,Leading,23.0,23.5,23.25,0.00019647407999999998,0.0031982942430703624,1.0000000000000002
200.0,Leading,23.5,24.0,23.75,0.0,0.0,1.0000000000000002
200.0,Leading,24.0,24.5,24.25,0.0,0.0,1.0000000000000002
200.0,Leading,24.5,25.0,24.75,0.0,0.0,1.0000000000000002
200.0,Leading,25.0,25.5,25.25,0.0,0.0,1.0000000000000002
200.0,Leading,25.5,26.0,25.75,0.0,0.0,1.0000000000000002
200.0,Leading,26.0,26.5,26.25,0.0,0.0,1.0000000000000002
200.0,Leading,26.5,27.0,26.75,0.0,0.0,1.0000000000000002
200.0,Leading,27.0,27.5,27.25,0.0,0.0,1.0000000000000002
200.0,Leading,27.5,28.0,27.75,0.0,0.0,1.0000000000000002
200.0,Leading,28.0,28.5,28.25,0.0,0.0,1.0000000000000002
200.0,Leading,28.5,29.0,28.75,0.0,0.0,1.0000000000000002
200.0,Leading,29.0,29.5,29.25,0.0,0.0,1.0000000000000002
200.0,Leading,29.5,30.0,29.75,0.0,0.0,1.0000000000000002
200.0,Leading,30.0,30.5,30.25,0.0,0.0,1.0000000000000002
200.0,Leading,30.5,31.0,30.75,0.0,0.0,1.0000000000000002
200.0,Leading,31.0,31.5,31.25,0.0,0.0,1.0000000000000002
200.0,Leading,31.5,32.0,31.75,0.0,0.0,1.0000000000000002
200.0,Leading,32.0,32.5,32.25,0.0,0.0,1.0000000000000002
200.0,Leading,32.5,33.0,32.75,0.0,0.0,1.0000000000000002
200.0,Leading,33.0,33.5,33.25,0.0,0.0,1.0000000000000002
200.0,Leading,33.5,34.0,33.75,0.0,0.0,1.0000000000000002
200.0,Leading,34.0,34.5,34.25,0.0,0.0,1.0000000000000002
200.0,Leading,34.5,35.0,34.75,0.0,0.0,1.0000000000000002
200.0,Leading,35.0,35.5,35.25,0.0,0.0,1.0000000000000002
200.0,Leading,35.5,36.0,35.75,0.0,0.0,1.0000000000000002
200.0,Leading,36.0,36.5,36.25,0.0,0.0,1.0000000000000002
200.0,Leading,36.5,37.0,36.75,0.0,0.0,1.0000000000000002
200.0,Leading,37.0,37.5,37.25,0.0,0.0,1.0000000000000002
200.0,Leading,37.5,38.0,37.75,0.0,0.0,1.0000000000000002
200.0,Leading,38.0,38.5,38.25,0.0,0.0,1.0000000000000002
200.0,Leading,38.5,39.0,38.75,0.0,0.0,1.0000000000000002
200.0,Leading,39.0,39.5,39.25,0.0,0.0,1.0000000000000002
200.0,Leading,39.5,40.0,39.75,0.0,0.0,1.0000000000000002
200.0,Leading,40.0,40.5,40.25,0.0,0.0,1.0000000000000002
200.0,Leading,40.5,41.0,40.75,0.0,0.0,1.0000000000000002
200.0,Leading,41.0,41.5,41.25,0.0,0.0,1.0000000000000002
200.0,Leading,41.5,42.0,41.75,0.0,0.0,1.0000000000000002
200.0,Leading,42.0,42.5,42.25,0.0,0.0,1.0000000000000002
200.0,Leading,42.5,43.0,42.75,0.0,0.0,1.0000000000000002
200.0,Leading,43.0,43.5,43.25,0.0,0.0,1.0000000000000002
200.0,Leading,43.5,44.0,43.75,0.0,0.0,1.0000000000000002
200.0,Leading,44.0,44.5,44.25,0.0,0.0,1.0000000000000002
200.0,Leading,44.5,45.0,44.75,0.0,0.0,1.0000000000000002
200.0,Leading,45.0,45.5,45.25,0.0,0.0,1.0000000000000002
200.0,Leading,45.5,46.0,45.75,0.0,0.0,1.0000000000000002
200.0,Leading,46.0,46.5,46.25,0.0,0.0,1.0000000000000002
200.0,Leading,46.5,47.0,46.75,0.0,0.0,1.0000000000000002
200.0,Leading,47.0,47.5,47.25,0.0,0.0,1.0000000000000002
200.0,Leading,47.5,48.0,47.75,0.0,0.0,1.0000000000000002
200.0,Leading,48.0,48.5,48.25,0.0,0.0,1.0000000000000002
200.0,Leading,48.5,49.0,48.75,0.0,0.0,1.0000000000000002
200.0,Leading,49.0,49.5,49.25,0.0,0.0,1.0000000000000002
200.0,Leading,49.5,50.0,49.75,0.0,0.0,1.0000000000000002
200.0,Leading,50.0,50.5,50.25,0.0,0.0,1.0000000000000002
200.0,Leading,50.5,51.0,50.75,0.0,0.0,1.0000000000000002
200.0,Leading,51.0,51.5,51.25,0.0,0.0,1.0000000000000002
200.0,Leading,51.5,52.0,51.75,0.0,0.0,1.0000000000000002
200.0,Leading,52.0,52.5,52.25,0.0,0.0,1.0000000000000002
200.0,Leading,52.5,53.0,52.75,0.0,0.0,1.0000000000000002
200.0,Leading,53.0,53.5,53.25,0.0,0.0,1.0000000000000002
200.0,Leading,53.5,54.0,53.75,0.0,0.0,1.0000000000000002
200.0,Leading,54.0,54.5,54.25,0.0,0.0,1.0000000000000002
200.0,Leading,54.5,55.0,54.75,0.0,0.0,1.0000000000000002
200.0,Leading,55.0,55.5,55.25,0.0,0.0,1.0000000000000002
200.0,Leading,55.5,56.0,55.75,0.0,0.0,1.0000000000000002
200.0,Leading,56.0,56.5,56.25,0.0,0.0,1.0000000000000002
200.0,Leading,56.5,57.0,56.75,0.0,0.0,1.0000000000000002
200.0,Leading,57.0,57.5,57.25,0.0,0.0,1.0000000000000002
200.0,Leading,57.5,58.0,57.75,0.0,0.0,1.0000000000000002
200.0,Leading,58.0,58.5,58.25,0.0,0.0,1.0000000000000002
200.0,Leading,58.5,59.0,58.75,0.0,0.0,1.0000000000000002
200.0,Leading,59.0,59.5,59.25,0.0,0.0,1.0000000000000002
200.0,Leading,59.5,60.0,59.75,0.0,0.0,1.0000000000000002
200.0,Leading,60.0,60.5,60.25,0.0,0.0,1.0000000000000002
200.0,Leading,60.5,61.0,60.75,0.0,0.0,1.0000000000000002
200.0,Leading,61.0,61.5,61.25,0.0,0.0,1.0000000000000002
200.0,Leading,61.5,62.0,61.75,0.0,0.0,1.0000000000000002
200.0,Leading,62.0,62.5,62.25,0.0,0.0,1.0000000000000002
200.0,Leading,62.5,63.0,62.75,0.0,0.0,1.0000000000000002
200.0,Leading,63.0,63.5,63.25,0.0,0.0,1.0000000000000002
200.0,Leading,63.5,64.0,63.75,0.0,0.0,1.0000000000000002
200.0,Leading,64.0,64.5,64.25,0.0,0.0,1.0000000000000002
200.0,Leading,64.5,65.0,64.75,0.0,0.0,1.0000000000000002
200.0,Leading,65.0,65.5,65.25,0.0,0.0,1.0000000000000002
200.0,Leading,65.5,66.0,65.75,0.0,0.0,1.0000000000000002
200.0,Leading,66.0,66.5,66.25,0.0,0.0,1.0000000000000002
200.0,Leading,66.5,67.0,66.75,0.0,0.0,1.0000000000000002
200.0,Leading,67.0,67.5,67.25,0.0,0.0,1.0000000000000002
200.0,Leading,67.5,68.0,67.75,0.0,0.0,1.0000000000000002
200.0,Leading,68.0,68.5,68.25,0.0,0.0,1.0000000000000002
200.0,Leading,68.5,69.0,68.75,0.0,0.0,1.0000000000000002
200.0,Leading,69.0,69.5,69.25,0.0,0.0,1.0000000000000002
200.0,Leading,69.5,70.0,69.75,0.0,0.0,1.0000000000000002
200.0,Leading,70.0,70.5,70.25,0.0,0.0,1.0000000000000002
200.0,Leading,70.5,71.0,70.75,0.0,0.0,1.0000000000000002
200.0,Leading,71.0,71.5,71.25,0.0,0.0,1.0000000000000002
200.0,Leading,71.5,72.0,71.75,0.0,0.0,1.0000000000000002
200.0,Leading,72.0,72.5,72.25,0.0,0.0,1.0000000000000002
200.0,Leading,72.5,73.0,72.75,0.0,0.0,1.0000000000000002
200.0,Leading,73.0,73.5,73.25,0.0,0.0,1.0000000000000002
200.0,Leading,73.5,74.0,73.75,0.0,0.0,1.0000000000000002
200.0,Leading,74.0,74.5,74.25,0.0,0.0,1.0000000000000002
200.0,Leading,74.5,75.0,74.75,0.0,0.0,1.0000000000000002
200.0,Leading,75.0,75.5,75.25,0.0,0.0,1.0000000000000002
200.0,Leading,75.5,76.0,75.75,0.0,0.0,1.0000000000000002
200.0,Leading,76.0,76.5,76.25,0.0,0.0,1.0000000000000002
200.0,Leading,76.5,77.0,76.75,0.0,0.0,1.0000000000000002
200.0,Leading,77.0,77.5,77.25,0.0,0.0,1.0000000000000002
200.0,Leading,77.5,78.0,77.75,0.0,0.0,1.0000000000000002
200.0,Leading,78.0,78.5,78.25,0.0,0.0,1.0000000000000002
200.0,Leading,78.5,79.0,78.75,0.0,0.0,1.0000000000000002
200.0,Leading,79.0,79.5,79.25,0.0,0.0,1.0000000000000002
200.0,Leading,79.5,80.0,79.75,0.0,0.0,1.0000000000000002
200.0,Leading,80.0,80.5,80.25,0.0,0.0,1.0000000000000002
200.0,Leading,80.5,81.0,80.75,0.0,0.0,1.0000000000000002
200.0,Leading,81.0,81.5,81.25,0.0,0.0,1.0000000000000002
200.0,Leading,81.5,82.0,81.75,0.0,0.0,1.0000000000000002
200.0,Leading,82.0,82.5,82.25,0.0,0.0,1.0000000000000002
200.0,Leading,82.5,83.0,82.75,0.0,0.0,1.0000000000000002
200.0,Leading,83.0,83.5,83.25,0.0,0.0,1.0000000000000002
200.0,Leading,83.5,84.0,83.75,0.0,0.0,1.0000000000000002
200.0,Leading,84.0,84.5,84.25,0.0,0.0,1.0000000000000002
200.0,Leading,84.5,85.0,84.75,0.0,0.0,1.0000000000000002
200.0,Leading,85.0,85.5,85.25,0.0,0.0,1.0000000000000002
200.0,Leading,85.5,86.0,85.75,0.0,0.0,1.0000000000000002
200.0,Leading,86.0,86.5,86.25,0.0,0.0,1.0000000000000002
200.0,Leading,86.5,87.0,86.75,0.0,0.0,1.0000000000000002
200.0,Leading,87.0,87.5,87.25,0.0,0.0,1.0000000000000002
200.0,Leading,87.5,88.0,87.75,0.0,0.0,1.0000000000000002
200.0,Leading,88.0,88.5,88.25,0.0,0.0,1.0000000000000002
200.0,Leading,88.5,89.0,88.75,0.0,0.0,1.0000000000000002
200.0,Leading,89.0,89.5,89.25,0.0,0.0,1.0000000000000002
200.0,Leading,89.5,90.0,89.75,0.0,0.0,1.0000000000000002
200.0,Sub-Mars,0.0,0.5,0.25,0.0003274568,0.004370629370629373,0.004370629370629373
200.0,Sub-Mars,0.5,1.0,0.75,0.0006549135999999999,0.008741258741258744,0.013111888111888115
200.0,Sub-Mars,1.0,1.5,1.25,0.00137531856,0.018356643356643366,0.031468531468531485
200.0,Sub-Mars,1.5,2.0,1.75,0.00222670624,0.029720279720279734,0.06118881118881122
200.0,Sub-Mars,2.0,2.5,2.25,0.0018337580800000006,0.024475524475524493,0.0856643356643357
200.0,Sub-Mars,2.5,3.0,2.75,0.0014408099200000002,0.019230769230769242,0.10489510489510495
200.0,Sub-Mars,3.0,3.5,3.25,0.0023576889599999998,0.03146853146853148,0.13636363636363644
200.0,Sub-Mars,3.5,4.0,3.75,0.002619654399999999,0.03496503496503497,0.1713286713286714
200.0,Sub-Mars,4.0,4.5,4.25,0.0024231803199999996,0.03234265734265735,0.20367132867132876
200.0,Sub-Mars,4.5,5.0,4.75,0.0029471111999999984,0.03933566433566433,0.24300699300699308
200.0,Sub-Mars,5.0,5.5,5.25,0.0024231803199999996,0.03234265734265735,0.2753496503496504
200.0,Sub-Mars,5.5,6.0,5.75,0.0028161284799999987,0.037587412587412584,0.312937062937063
200.0,Sub-Mars,6.0,6.5,6.25,0.003602024799999997,0.04807692307692305,0.3610139860139861
200.0,Sub-Mars,6.5,7.0,6.75,0.003209076639999998,0.04283216783216782,0.4038461538461539
200.0,Sub-Mars,7.0,7.5,7.25,0.003209076639999998,0.04283216783216782,0.4466783216783217
200.0,Sub-Mars,7.5,8.0,7.75,0.004125955679999997,0.05506993006993005,0.5017482517482518
200.0,Sub-Mars,8.0,8.5,8.25,0.003929481599999996,0.05244755244755242,0.5541958041958042
200.0,Sub-Mars,8.5,9.0,8.75,0.003536533439999997,0.04720279720279718,0.6013986013986014
200.0,Sub-Mars,9.0,9.5,9.25,0.0038639902399999963,0.05157342657342655,0.6529720279720279
200.0,Sub-Mars,9.5,10.0,9.75,0.004060464319999997,0.05419580419580417,0.7071678321678321
200.0,Sub-Mars,10.0,10.5,10.25,0.0011133531199999998,0.014860139860139863,0.722027972027972
200.0,Sub-Mars,10.5,11.0,10.75,0.0015717926400000003,0.02097902097902099,0.7430069930069929
200.0,Sub-Mars,11.0,11.5,11.25,0.0014408099200000002,0.019230769230769242,0.7622377622377622
200.0,Sub-Mars,11.5,12.0,11.75,0.0009823703999999997,0.013111888111888114,0.7753496503496503
200.0,Sub-Mars,12.0,12.5,12.25,0.0008513876799999998,0.011363636363636366,0.7867132867132867
200.0,Sub-Mars,12.5,13.0,12.75,0.0011133531199999998,0.014860139860139863,0.8015734265734266
200.0,Sub-Mars,13.0,13.5,13.25,0.0010478617599999998,0.013986013986013988,0.8155594405594405
200.0,Sub-Mars,13.5,14.0,13.75,0.0016372840000000004,0.021853146853146866,0.8374125874125874
200.0,Sub-Mars,14.0,14.5,14.25,0.0009823703999999997,0.013111888111888114,0.8505244755244755
200.0,Sub-Mars,14.5,15.0,14.75,0.0021612148800000002,0.02884615384615386,0.8793706293706294
200.0,Sub-Mars,15.0,15.5,15.25,0.0011133531199999998,0.014860139860139863,0.8942307692307693
200.0,Sub-Mars,15.5,16.0,15.75,0.0010478617599999998,0.013986013986013988,0.9082167832167832
200.0,Sub-Mars,16.0,16.5,16.25,0.0009168790399999997,0.01223776223776224,0.9204545454545454
200.0,Sub-Mars,16.5,17.0,16.75,0.0014408099200000002,0.019230769230769242,0.9396853146853147
200.0,Sub-Mars,17.0,17.5,17.25,0.0008513876799999998,0.011363636363636366,0.951048951048951
200.0,Sub-Mars,17.5,18.0,17.75,0.0013098272,0.01748251748251749,0.9685314685314685
200.0,Sub-Mars,18.0,18.5,18.25,0.0014408099200000002,0.019230769230769242,0.9877622377622378
200.0,Sub-Mars,18.5,19.0,18.75,0.0009168790399999997,0.01223776223776224,1.0
200.0,Sub-Mars,19.0,19.5,19.25,0.0,0.0,1.0
200.0,Sub-Mars,19.5,20.0,19.75,0.0,0.0,1.0
200.0,Sub-Mars,20.0,20.5,20.25,0.0,0.0,1.0
200.0,Sub-Mars,20.5,21.0,20.75,0.0,0.0,1.0
200.0,Sub-Mars,21.0,21.5,21.25,0.0,0.0,1.0
200.0,Sub-Mars,21.5,22.0,21.75,0.0,0.0,1.0
200.0,Sub-Mars,22.0,22.5,22.25,0.0,0.0,1.0
200.0,Sub-Mars,22.5,23.0,22.75,0.0,0.0,1.0
200.0,Sub-Mars,23.0,23.5,23.25,0.0,0.0,1.0
200.0,Sub-Mars,23.5,24.0,23.75,0.0,0.0,1.0
200.0,Sub-Mars,24.0,24.5,24.25,0.0,0.0,1.0
200.0,Sub-Mars,24.5,25.0,24.75,0.0,0.0,1.0
200.0,Sub-Mars,25.0,25.5,25.25,0.0,0.0,1.0
200.0,Sub-Mars,25.5,26.0,25.75,0.0,0.0,1.0
200.0,Sub-Mars,26.0,26.5,26.25,0.0,0.0,1.0
200.0,Sub-Mars,26.5,27.0,26.75,0.0,0.0,1.0
200.0,Sub-Mars,27.0,27.5,27.25,0.0,0.0,1.0
200.0,Sub-Mars,27.5,28.0,27.75,0.0,0.0,1.0
200.0,Sub-Mars,28.0,28.5,28.25,0.0,0.0,1.0
200.0,Sub-Mars,28.5,29.0,28.75,0.0,0.0,1.0
200.0,Sub-Mars,29.0,29.5,29.25,0.0,0.0,1.0
200.0,Sub-Mars,29.5,30.0,29.75,0.0,0.0,1.0
200.0,Sub-Mars,30.0,30.5,30.25,0.0,0.0,1.0
200.0,Sub-Mars,30.5,31.0,30.75,0.0,0.0,1.0
200.0,Sub-Mars,31.0,31.5,31.25,0.0,0.0,1.0
200.0,Sub-Mars,31.5,32.0,31.75,0.0,0.0,1.0
200.0,Sub-Mars,32.0,32.5,32.25,0.0,0.0,1.0
200.0,Sub-Mars,32.5,33.0,32.75,0.0,0.0,1.0
200.0,Sub-Mars,33.0,33.5,33.25,0.0,0.0,1.0
200.0,Sub-Mars,33.5,34.0,33.75,0.0,0.0,1.0
200.0,Sub-Mars,34.0,34.5,34.25,0.0,0.0,1.0
200.0,Sub-Mars,34.5,35.0,34.75,0.0,0.0,1.0
200.0,Sub-Mars,35.0,35.5,35.25,0.0,0.0,1.0
200.0,Sub-Mars,35.5,36.0,35.75,0.0,0.0,1.0
200.0,Sub-Mars,36.0,36.5,36.25,0.0,0.0,1.0
200.0,Sub-Mars,36.5,37.0,36.75,0.0,0.0,1.0
200.0,Sub-Mars,37.0,37.5,37.25,0.0,0.0,1.0
200.0,Sub-Mars,37.5,38.0,37.75,0.0,0.0,1.0
200.0,Sub-Mars,38.0,38.5,38.25,0.0,0.0,1.0
200.0,Sub-Mars,38.5,39.0,38.75,0.0,0.0,1.0
200.0,Sub-Mars,39.0,39.5,39.25,0.0,0.0,1.0
200.0,Sub-Mars,39.5,40.0,39.75,0.0,0.0,1.0
200.0,Sub-Mars,40.0,40.5,40.25,0.0,0.0,1.0
200.0,Sub-Mars,40.5,41.0,40.75,0.0,0.0,1.0
200.0,Sub-Mars,41.0,41.5,41.25,0.0,0.0,1.0
200.0,Sub-Mars,41.5,42.0,41.75,0.0,0.0,1.0
200.0,Sub-Mars,42.0,42.5,42.25,0.0,0.0,1.0
200.0,Sub-Mars,42.5,43.0,42.75,0.0,0.0,1.0
200.0,Sub-Mars,43.0,43.5,43.25,0.0,0.0,1.0
200.0,Sub-Mars,43.5,44.0,43.75,0.0,0.0,1.0
200.0,Sub-Mars,44.0,44.5,44.25,0.0,0.0,1.0
200.0,Sub-Mars,44.5,45.0,44.75,0.0,0.0,1.0
200.0,Sub-Mars,45.0,45.5,45.25,0.0,0.0,1.0
200.0,Sub-Mars,45.5,46.0,45.75,0.0,0.0,1.0
200.0,Sub-Mars,46.0,46.5,46.25,0.0,0.0,1.0
200.0,Sub-Mars,46.5,47.0,46.75,0.0,0.0,1.0
200.0,Sub-Mars,47.0,47.5,47.25,0.0,0.0,1.0
200.0,Sub-Mars,47.5,48.0,47.75,0.0,0.0,1.0
200.0,Sub-Mars,48.0,48.5,48.25,0.0,0.0,1.0
200.0,Sub-Mars,48.5,49.0,48.75,0.0,0.0,1.0
200.0,Sub-Mars,49.0,49.5,49.25,0.0,0.0,1.0
200.0,Sub-Mars,49.5,50.0,49.75,0.0,0.0,1.0
200.0,Sub-Mars,50.0,50.5,50.25,0.0,0.0,1.0
200.0,Sub-Mars,50.5,51.0,50.75,0.0,0.0,1.0
200.0,Sub-Mars,51.0,51.5,51.25,0.0,0.0,1.0
200.0,Sub-Mars,51.5,52.0,51.75,0.0,0.0,1.0
200.0,Sub-Mars,52.0,52.5,52.25,0.0,0.0,1.0
200.0,Sub-Mars,52.5,53.0,52.75,0.0,0.0,1.0
200.0,Sub-Mars,53.0,53.5,53.25,0.0,0.0,1.0
200.0,Sub-Mars,53.5,54.0,53.75,0.0,0.0,1.0
200.0,Sub-Mars,54.0,54.5,54.25,0.0,0.0,1.0
200.0,Sub-Mars,54.5,55.0,54.75,0.0,0.0,1.0
200.0,Sub-Mars,55.0,55.5,55.25,0.0,0.0,1.0
200.0,Sub-Mars,55.5,56.0,55.75,0.0,0.0,1.0
200.0,Sub-Mars,56.0,56.5,56.25,0.0,0.0,1.0
200.0,Sub-Mars,56.5,57.0,56.75,0.0,0.0,1.0
200.0,Sub-Mars,57.0,57.5,57.25,0.0,0.0,1.0
200.0,Sub-Mars,57.5,58.0,57.75,0.0,0.0,1.0
200.0,Sub-Mars,58.0,58.5,58.25,0.0,0.0,1.0
200.0,Sub-Mars,58.5,59.0,58.75,0.0,0.0,1.0
200.0,Sub-Mars,59.0,59.5,59.25,0.0,0.0,1.0
200.0,Sub-Mars,59.5,60.0,59.75,0.0,0.0,1.0
200.0,Sub-Mars,60.0,60.5,60.25,0.0,0.0,1.0
200.0,Sub-Mars,60.5,61.0,60.75,0.0,0.0,1.0
200.0,Sub-Mars,61.0,61.5,61.25,0.0,0.0,1.0
200.0,Sub-Mars,61.5,62.0,61.75,0.0,0.0,1.0
200.0,Sub-Mars,62.0,62.5,62.25,0.0,0.0,1.0
200.0,Sub-Mars,62.5,63.0,62.75,0.0,0.0,1.0
200.0,Sub-Mars,63.0,63.5,63.25,0.0,0.0,1.0
200.0,Sub-Mars,63.5,64.0,63.75,0.0,0.0,1.0
200.0,Sub-Mars,64.0,64.5,64.25,0.0,0.0,1.0
200.0,Sub-Mars,64.5,65.0,64.75,0.0,0.0,1.0
200.0,Sub-Mars,65.0,65.5,65.25,0.0,0.0,1.0
200.0,Sub-Mars,65.5,66.0,65.75,0.0,0.0,1.0
200.0,Sub-Mars,66.0,66.5,66.25,0.0,0.0,1.0
200.0,Sub-Mars,66.5,67.0,66.75,0.0,0.0,1.0
200.0,Sub-Mars,67.0,67.5,67.25,0.0,0.0,1.0
200.0,Sub-Mars,67.5,68.0,67.75,0.0,0.0,1.0
200.0,Sub-Mars,68.0,68.5,68.25,0.0,0.0,1.0
200.0,Sub-Mars,68.5,69.0,68.75,0.0,0.0,1.0
200.0,Sub-Mars,69.0,69.5,69.25,0.0,0.0,1.0
200.0,Sub-Mars,69.5,70.0,69.75,0.0,0.0,1.0
200.0,Sub-Mars,70.0,70.5,70.25,0.0,0.0,1.0
200.0,Sub-Mars,70.5,71.0,70.75,0.0,0.0,1.0
200.0,Sub-Mars,71.0,71.5,71.25,0.0,0.0,1.0
200.0,Sub-Mars,71.5,72.0,71.75,0.0,0.0,1.0
200.0,Sub-Mars,72.0,72.5,72.25,0.0,0.0,1.0
200.0,Sub-Mars,72.5,73.0,72.75,0.0,0.0,1.0
200.0,Sub-Mars,73.0,73.5,73.25,0.0,0.0,1.0
200.0,Sub-Mars,73.5,74.0,73.75,0.0,0.0,1.0
200.0,Sub-Mars,74.0,74.5,74.25,0.0,0.0,1.0
200.0,Sub-Mars,74.5,75.0,74.75,0.0,0.0,1.0
200.0,Sub-Mars,75.0,75.5,75.25,0.0,0.0,1.0
200.0,Sub-Mars,75.5,76.0,75.75,0.0,0.0,1.0
200.0,Sub-Mars,76.0,76.5,76.25,0.0,0.0,1.0
200.0,Sub-Mars,76.5,77.0,76.75,0.0,0.0,1.0
200.0,Sub-Mars,77.0,77.5,77.25,0.0,0.0,1.0
200.0,Sub-Mars,77.5,78.0,77.75,0.0,0.0,1.0
200.0,Sub-Mars,78.0,78.5,78.25,0.0,0.0,1.0
200.0,Sub-Mars,78.5,79.0,78.75,0.0,0.0,1.0
200.0,Sub-Mars,79.0,79.5,79.25,0.0,0.0,1.0
200.0,Sub-Mars,79.5,80.0,79.75,0.0,0.0,1.0
200.0,Sub-Mars,80.0,80.5,80.25,0.0,0.0,1.0
200.0,Sub-Mars,80.5,81.0,80.75,0.0,0.0,1.0
200.0,Sub-Mars,81.0,81.5,81.25,0.0,0.0,1.0
200.0,Sub-Mars,81.5,82.0,81.75,0.0,0.0,1.0
200.0,Sub-Mars,82.0,82.5,82.25,0.0,0.0,1.0
200.0,Sub-Mars,82.5,83.0,82.75,0.0,0.0,1.0
200.0,Sub-Mars,83.0,83.5,83.25,0.0,0.0,1.0
200.0,Sub-Mars,83.5,84.0,83.75,0.0,0.0,1.0
200.0,Sub-Mars,84.0,84.5,84.25,0.0,0.0,1.0
200.0,Sub-Mars,84.5,85.0,84.75,0.0,0.0,1.0
200.0,Sub-Mars,85.0,85.5,85.25,0.0,0.0,1.0
200.0,Sub-Mars,85.5,86.0,85.75,0.0,0.0,1.0
200.0,Sub-Mars,86.0,86.5,86.25,0.0,0.0,1.0
200.0,Sub-Mars,86.5,87.0,86.75,0.0,0.0,1.0
200.0,Sub-Mars,87.0,87.5,87.25,0.0,0.0,1.0
200.0,Sub-Mars,87.5,88.0,87.75,0.0,0.0,1.0
200.0,Sub-Mars,88.0,88.5,88.25,0.0,0.0,1.0
200.0,Sub-Mars,88.5,89.0,88.75,0.0,0.0,1.0
200.0,Sub-Mars,89.0,89.5,89.25,0.0,0.0,1.0
200.0,Sub-Mars,89.5,90.0,89.75,0.0,0.0,1.0
200.0,Trailing,0.0,0.5,0.25,0.0,0.0,0.0
200.0,Trailing,0.5,1.0,0.75,0.0,0.0,0.0
200.0,Trailing,1.0,1.5,1.25,0.0,0.0,0.0
200.0,Trailing,1.5,2.0,1.75,0.0,0.0,0.0
200.0,Trailing,2.0,2.5,2.25,0.0,0.0,0.0
200.0,Trailing,2.5,3.0,2.75,0.0,0.0,0.0
200.0,Trailing,3.0,3.5,3.25,0.0,0.0,0.0
200.0,Trailing,3.5,4.0,3.75,0.00124433584,0.016579406631762657,0.016579406631762657
200.0,Trailing,4.0,4.5,4.25,0.005566765600000003,0.07417102966841194,0.0907504363001746
200.0,Trailing,4.5,5.0,4.75,0.008317402720000009,0.1108202443280979,0.2015706806282725
200.0,Trailing,5.0,5.5,5.25,0.00484636064,0.06457242582897035,0.2661431064572428
200.0,Trailing,5.5,6.0,5.75,0.004191447039999997,0.055846422338568916,0.3219895287958117
200.0,Trailing,6.0,6.5,6.25,0.0039949729599999964,0.05322862129144849,0.3752181500872602
200.0,Trailing,6.5,7.0,6.75,0.0038639902399999963,0.051483420593368204,0.4267015706806284
200.0,Trailing,7.0,7.5,7.25,0.004256938399999998,0.05671902268760906,0.4834205933682375
200.0,Trailing,7.5,8.0,7.75,0.003929481599999996,0.05235602094240834,0.5357766143106458
200.0,Trailing,8.0,8.5,8.25,0.0034055507199999974,0.04537521815008724,0.5811518324607331
200.0,Trailing,8.5,9.0,8.75,0.0034055507199999974,0.04537521815008724,0.6265270506108204
200.0,Trailing,9.0,9.5,9.25,0.003078093919999998,0.04101221640488655,0.6675392670157069
200.0,Trailing,9.5,10.0,9.75,0.003078093919999998,0.04101221640488655,0.7085514834205934
200.0,Trailing,10.0,10.5,10.25,0.003471042079999997,0.046247818499127374,0.7547993019197208
200.0,Trailing,10.5,11.0,10.75,0.0024231803199999996,0.03228621291448517,0.787085514834206
200.0,Trailing,11.0,11.5,11.25,0.0033400593599999975,0.044502617801047105,0.8315881326352531
200.0,Trailing,11.5,12.0,11.75,0.0033400593599999975,0.044502617801047105,0.8760907504363002
200.0,Trailing,12.0,12.5,12.25,0.0022921976,0.030541012216404897,0.9066317626527052
200.0,Trailing,12.5,13.0,12.75,0.002619654399999999,0.034904013961605584,0.9415357766143108
200.0,Trailing,13.0,13.5,13.25,0.002619654399999999,0.034904013961605584,0.9764397905759163
200.0,Trailing,13.5,14.0,13.75,0.0010478617599999998,0.013961605584642236,0.9904013961605586
200.0,Trailing,14.0,14.5,14.25,0.0007204049599999999,0.009598603839441538,1.0
200.0,Trailing,14.5,15.0,14.75,0.0,0.0,1.0
200.0,Trailing,15.0,15.5,15.25,0.0,0.0,1.0
200.0,Trailing,15.5,16.0,15.75,0.0,0.0,1.0
200.0,Trailing,16.0,16.5,16.25,0.0,0.0,1.0
200.0,Trailing,16.5,17.0,16.75,0.0,0.0,1.0
200.0,Trailing,17.0,17.5,17.25,0.0,0.0,1.0
200.0,Trailing,17.5,18.0,17.75,0.0,0.0,1.0
200.0,Trailing,18.0,18.5,18.25,0.0,0.0,1.0
200.0,Trailing,18.5,19.0,18.75,0.0,0.0,1.0
200.0,Trailing,19.0,19.5,19.25,0.0,0.0,1.0
200.0,Trailing,19.5,20.0,19.75,0.0,0.0,1.0
200.0,Trailing,20.0,20.5,20.25,0.0,0.0,1.0
200.0,Trailing,20.5,21.0,20.75,0.0,0.0,1.0
200.0,Trailing,21.0,21.5,21.25,0.0,0.0,1.0
200.0,Trailing,21.5,22.0,21.75,0.0,0.0,1.0
200.0,Trailing,22.0,22.5,22.25,0.0,0.0,1.0
200.0,Trailing,22.5,23.0,22.75,0.0,0.0,1.0
200.0,Trailing,23.0,23.5,23.25,0.0,0.0,1.0
200.0,Trailing,23.5,24.0,23.75,0.0,0.0,1.0
200.0,Trailing,24.0,24.5,24.25,0.0,0.0,1.0
200.0,Trailing,24.5,25.0,24.75,0.0,0.0,1.0
200.0,Trailing,25.0,25.5,25.25,0.0,0.0,1.0
200.0,Trailing,25.5,26.0,25.75,0.0,0.0,1.0
200.0,Trailing,26.0,26.5,26.25,0.0,0.0,1.0
200.0,Trailing,26.5,27.0,26.75,0.0,0.0,1.0
200.0,Trailing,27.0,27.5,27.25,0.0,0.0,1.0
200.0,Trailing,27.5,28.0,27.75,0.0,0.0,1.0
200.0,Trailing,28.0,28.5,28.25,0.0,0.0,1.0
200.0,Trailing,28.5,29.0,28.75,0.0,0.0,1.0
200.0,Trailing,29.0,29.5,29.25,0.0,0.0,1.0
200.0,Trailing,29.5,30.0,29.75,0.0,0.0,1.0
200.0,Trailing,30.0,30.5,30.25,0.0,0.0,1.0
200.0,Trailing,30.5,31.0,30.75,0.0,0.0,1.0
200.0,Trailing,31.0,31.5,31.25,0.0,0.0,1.0
200.0,Trailing,31.5,32.0,31.75,0.0,0.0,1.0
200.0,Trailing,32.0,32.5,32.25,0.0,0.0,1.0
200.0,Trailing,32.5,33.0,32.75,0.0,0.0,1.0
200.0,Trailing,33.0,33.5,33.25,0.0,0.0,1.0
200.0,Trailing,33.5,34.0,33.75,0.0,0.0,1.0
200.0,Trailing,34.0,34.5,34.25,0.0,0.0,1.0
200.0,Trailing,34.5,35.0,34.75,0.0,0.0,1.0
200.0,Trailing,35.0,35.5,35.25,0.0,0.0,1.0
200.0,Trailing,35.5,36.0,35.75,0.0,0.0,1.0
200.0,Trailing,36.0,36.5,36.25,0.0,0.0,1.0
200.0,Trailing,36.5,37.0,36.75,0.0,0.0,1.0
200.0,Trailing,37.0,37.5,37.25,0.0,0.0,1.0
200.0,Trailing,37.5,38.0,37.75,0.0,0.0,1.0
200.0,Trailing,38.0,38.5,38.25,0.0,0.0,1.0
200.0,Trailing,38.5,39.0,38.75,0.0,0.0,1.0
200.0,Trailing,39.0,39.5,39.25,0.0,0.0,1.0
200.0,Trailing,39.5,40.0,39.75,0.0,0.0,1.0
200.0,Trailing,40.0,40.5,40.25,0.0,0.0,1.0
200.0,Trailing,40.5,41.0,40.75,0.0,0.0,1.0
200.0,Trailing,41.0,41.5,41.25,0.0,0.0,1.0
200.0,Trailing,41.5,42.0,41.75,0.0,0.0,1.0
200.0,Trailing,42.0,42.5,42.25,0.0,0.0,1.0
200.0,Trailing,42.5,43.0,42.75,0.0,0.0,1.0
200.0,Trailing,43.0,43.5,43.25,0.0,0.0,1.0
200.0,Trailing,43.5,44.0,43.75,0.0,0.0,1.0
200.0,Trailing,44.0,44.5,44.25,0.0,0.0,1.0
200.0,Trailing,44.5,45.0,44.75,0.0,0.0,1.0
200.0,Trailing,45.0,45.5,45.25,0.0,0.0,1.0
200.0,Trailing,45.5,46.0,45.75,0.0,0.0,1.0
200.0,Trailing,46.0,46.5,46.25,0.0,0.0,1.0
200.0,Trailing,46.5,47.0,46.75,0.0,0.0,1.0
200.0,Trailing,47.0,47.5,47.25,0.0,0.0,1.0
200.0,Trailing,47.5,48.0,47.75,0.0,0.0,1.0
200.0,Trailing,48.0,48.5,48.25,0.0,0.0,1.0
200.0,Trailing,48.5,49.0,48.75,0.0,0.0,1.0
200.0,Trailing,49.0,49.5,49.25,0.0,0.0,1.0
200.0,Trailing,49.5,50.0,49.75,0.0,0.0,1.0
200.0,Trailing,50.0,50.5,50.25,0.0,0.0,1.0
200.0,Trailing,50.5,51.0,50.75,0.0,0.0,1.0
200.0,Trailing,51.0,51.5,51.25,0.0,0.0,1.0
200.0,Trailing,51.5,52.0,51.75,0.0,0.0,1.0
200.0,Trailing,52.0,52.5,52.25,0.0,0.0,1.0
200.0,Trailing,52.5,53.0,52.75,0.0,0.0,1.0
200.0,Trailing,53.0,53.5,53.25,0.0,0.0,1.0
200.0,Trailing,53.5,54.0,53.75,0.0,0.0,1.0
200.0,Trailing,54.0,54.5,54.25,0.0,0.0,1.0
200.0,Trailing,54.5,55.0,54.75,0.0,0.0,1.0
200.0,Trailing,55.0,55.5,55.25,0.0,0.0,1.0
200.0,Trailing,55.5,56.0,55.75,0.0,0.0,1.0
200.0,Trailing,56.0,56.5,56.25,0.0,0.0,1.0
200.0,Trailing,56.5,57.0,56.75,0.0,0.0,1.0
200.0,Trailing,57.0,57.5,57.25,0.0,0.0,1.0
200.0,Trailing,57.5,58.0,57.75,0.0,0.0,1.0
200.0,Trailing,58.0,58.5,58.25,0.0,0.0,1.0
200.0,Trailing,58.5,59.0,58.75,0.0,0.0,1.0
200.0,Trailing,59.0,59.5,59.25,0.0,0.0,1.0
200.0,Trailing,59.5,60.0,59.75,0.0,0.0,1.0
200.0,Trailing,60.0,60.5,60.25,0.0,0.0,1.0
200.0,Trailing,60.5,61.0,60.75,0.0,0.0,1.0
200.0,Trailing,61.0,61.5,61.25,0.0,0.0,1.0
200.0,Trailing,61.5,62.0,61.75,0.0,0.0,1.0
200.0,Trailing,62.0,62.5,62.25,0.0,0.0,1.0
200.0,Trailing,62.5,63.0,62.75,0.0,0.0,1.0
200.0,Trailing,63.0,63.5,63.25,0.0,0.0,1.0
200.0,Trailing,63.5,64.0,63.75,0.0,0.0,1.0
200.0,Trailing,64.0,64.5,64.25,0.0,0.0,1.0
200.0,Trailing,64.5,65.0,64.75,0.0,0.0,1.0
200.0,Trailing,65.0,65.5,65.25,0.0,0.0,1.0
200.0,Trailing,65.5,66.0,65.75,0.0,0.0,1.0
200.0,Trailing,66.0,66.5,66.25,0.0,0.0,1.0
200.0,Trailing,66.5,67.0,66.75,0.0,0.0,1.0
200.0,Trailing,67.0,67.5,67.25,0.0,0.0,1.0
200.0,Trailing,67.5,68.0,67.75,0.0,0.0,1.0
200.0,Trailing,68.0,68.5,68.25,0.0,0.0,1.0
200.0,Trailing,68.5,69.0,68.75,0.0,0.0,1.0
200.0,Trailing,69.0,69.5,69.25,0.0,0.0,1.0
200.0,Trailing,69.5,70.0,69.75,0.0,0.0,1.0
200.0,Trailing,70.0,70.5,70.25,0.0,0.0,1.0
200.0,Trailing,70.5,71.0,70.75,0.0,0.0,1.0
200.0,Trailing,71.0,71.5,71.25,0.0,0.0,1.0
200.0,Trailing,71.5,72.0,71.75,0.0,0.0,1.0
200.0,Trailing,72.0,72.5,72.25,0.0,0.0,1.0
200.0,Trailing,72.5,73.0,72.75,0.0,0.0,1.0
200.0,Trailing,73.0,73.5,73.25,0.0,0.0,1.0
200.0,Trailing,73.5,74.0,73.75,0.0,0.0,1.0
200.0,Trailing,74.0,74.5,74.25,0.0,0.0,1.0
200.0,Trailing,74.5,75.0,74.75,0.0,0.0,1.0
200.0,Trailing,75.0,75.5,75.25,0.0,0.0,1.0
200.0,Trailing,75.5,76.0,75.75,0.0,0.0,1.0
200.0,Trailing,76.0,76.5,76.25,0.0,0.0,1.0
200.0,Trailing,76.5,77.0,76.75,0.0,0.0,1.0
200.0,Trailing,77.0,77.5,77.25,0.0,0.0,1.0
200.0,Trailing,77.5,78.0,77.75,0.0,0.0,1.0
200.0,Trailing,78.0,78.5,78.25,0.0,0.0,1.0
200.0,Trailing,78.5,79.0,78.75,0.0,0.0,1.0
200.0,Trailing,79.0,79.5,79.25,0.0,0.0,1.0
200.0,Trailing,79.5,80.0,79.75,0.0,0.0,1.0
200.0,Trailing,80.0,80.5,80.25,0.0,0.0,1.0
200.0,Trailing,80.5,81.0,80.75,0.0,0.0,1.0
200.0,Trailing,81.0,81.5,81.25,0.0,0.0,1.0
200.0,Trailing,81.5,82.0,81.75,0.0,0.0,1.0
200.0,Trailing,82.0,82.5,82.25,0.0,0.0,1.0
200.0,Trailing,82.5,83.0,82.75,0.0,0.0,1.0
200.0,Trailing,83.0,83.5,83.25,0.0,0.0,1.0
200.0,Trailing,83.5,84.0,83.75,0.0,0.0,1.0
200.0,Trailing,84.0,84.5,84.25,0.0,0.0,1.0
200.0,Trailing,84.5,85.0,84.75,0.0,0.0,1.0
200.0,Trailing,85.0,85.5,85.25,0.0,0.0,1.0
200.0,Trailing,85.5,86.0,85.75,0.0,0.0,1.0
200.0,Trailing,86.0,86.5,86.25,0.0,0.0,1.0
200.0,Trailing,86.5,87.0,86.75,0.0,0.0,1.0
200.0,Trailing,87.0,87.5,87.25,0.0,0.0,1.0
200.0,Trailing,87.5,88.0,87.75,0.0,0.0,1.0
200.0,Trailing,88.0,88.5,88.25,0.0,0.0,1.0
200.0,Trailing,88.5,89.0,88.75,0.0,0.0,1.0
200.0,Trailing,89.0,89.5,89.25,0.0,0.0,1.0
200.0,Trailing,89.5,90.0,89.75,0.0,0.0,1.0
200.0,Anti-Mars,0.0,0.5,0.25,0.0,0.0,0.0
200.0,Anti-Mars,0.5,1.0,0.75,0.0,0.0,0.0
200.0,Anti-Mars,1.0,1.5,1.25,0.0,0.0,0.0
200.0,Anti-Mars,1.5,2.0,1.75,0.0,0.0,0.0
200.0,Anti-Mars,2.0,2.5,2.25,0.0,0.0,0.0
200.0,Anti-Mars,2.5,3.0,2.75,0.0,0.0,0.0
200.0,Anti-Mars,3.0,3.5,3.25,0.0,0.0,0.0
200.0,Anti-Mars,3.5,4.0,3.75,0.0,0.0,0.0
200.0,Anti-Mars,4.0,4.5,4.25,0.0,0.0,0.0
200.0,Anti-Mars,4.5,5.0,4.75,6.549136e-05,0.000771010023130302,0.000771010023130302
200.0,Anti-Mars,5.0,5.5,5.25,0.00052393088,0.006168080185042416,0.006939090208172718
200.0,Anti-Mars,5.5,6.0,5.75,0.00281612848,0.03315343099460299,0.040092521202775705
200.0,Anti-Mars,6.0,6.5,6.25,0.013425728799999976,0.1580570547417116,0.19814957594448732
200.0,Anti-Mars,6.5,7.0,6.75,0.009430755840000003,0.11102544333076352,0.3091750192752508
200.0,Anti-Mars,7.0,7.5,7.25,0.01290179791999997,0.15188897455666914,0.46106399383192
200.0,Anti-Mars,7.5,8.0,7.75,0.018075615359999922,0.21279876638396245,0.6738627602158824
200.0,Anti-Mars,8.0,8.5,8.25,0.009823703999999997,0.11565150346954527,0.7895142636854277
200.0,Anti-Mars,8.5,9.0,8.75,0.009365264480000001,0.11025443330763321,0.8997686969930608
200.0,Anti-Mars,9.0,9.5,9.25,0.003471042079999997,0.040863531225905976,0.9406322282189669
200.0,Anti-Mars,9.5,10.0,9.75,0.0020302321600000005,0.023901310717039367,0.9645335389360062
200.0,Anti-Mars,10.0,10.5,10.25,0.0018337580800000006,0.021588280647648464,0.9861218195836547
200.0,Anti-Mars,10.5,11.0,10.75,0.0009168790399999997,0.010794140323824225,0.9969159599074789
200.0,Anti-Mars,11.0,11.5,11.25,0.00026196544,0.003084040092521208,1.0000000000000002
200.0,Anti-Mars,11.5,12.0,11.75,0.0,0.0,1.0000000000000002
200.0,Anti-Mars,12.0,12.5,12.25,0.0,0.0,1.0000000000000002
200.0,Anti-Mars,12.5,13.0,12.75,0.0,0.0,1.0000000000000002
200.0,Anti-Mars,13.0,13.5,13.25,0.0,0.0,1.0000000000000002
200.0,Anti-Mars,13.5,14.0,13.75,0.0,0.0,1.0000000000000002
200.0,Anti-Mars,14.0,14.5,14.25,0.0,0.0,1.0000000000000002
200.0,Anti-Mars,14.5,15.0,14.75,0.0,0.0,1.0000000000000002
200.0,Anti-Mars,15.0,15.5,15.25,0.0,0.0,1.0000000000000002
200.0,Anti-Mars,15.5,16.0,15.75,0.0,0.0,1.0000000000000002
200.0,Anti-Mars,16.0,16.5,16.25,0.0,0.0,1.0000000000000002
200.0,Anti-Mars,16.5,17.0,16.75,0.0,0.0,1.0000000000000002
200.0,Anti-Mars,17.0,17.5,17.25,0.0,0.0,1.0000000000000002
200.0,Anti-Mars,17.5,18.0,17.75,0.0,0.0,1.0000000000000002
200.0,Anti-Mars,18.0,18.5,18.25,0.0,0.0,1.0000000000000002
200.0,Anti-Mars,18.5,19.0,18.75,0.0,0.0,1.0000000000000002
200.0,Anti-Mars,19.0,19.5,19.25,0.0,0.0,1.0000000000000002
200.0,Anti-Mars,19.5,20.0,19.75,0.0,0.0,1.0000000000000002
200.0,Anti-Mars,20.0,20.5,20.25,0.0,0.0,1.0000000000000002
200.0,Anti-Mars,20.5,21.0,20.75,0.0,0.0,1.0000000000000002
200.0,Anti-Mars,21.0,21.5,21.25,0.0,0.0,1.0000000000000002
200.0,Anti-Mars,21.5,22.0,21.75,0.0,0.0,1.0000000000000002
200.0,Anti-Mars,22.0,22.5,22.25,0.0,0.0,1.0000000000000002
200.0,Anti-Mars,22.5,23.0,22.75,0.0,0.0,1.0000000000000002
200.0,Anti-Mars,23.0,23.5,23.25,0.0,0.0,1.0000000000000002
200.0,Anti-Mars,23.5,24.0,23.75,0.0,0.0,1.0000000000000002
200.0,Anti-Mars,24.0,24.5,24.25,0.0,0.0,1.0000000000000002
200.0,Anti-Mars,24.5,25.0,24.75,0.0,0.0,1.0000000000000002
200.0,Anti-Mars,25.0,25.5,25.25,0.0,0.0,1.0000000000000002
200.0,Anti-Mars,25.5,26.0,25.75,0.0,0.0,1.0000000000000002
200.0,Anti-Mars,26.0,26.5,26.25,0.0,0.0,1.0000000000000002
200.0,Anti-Mars,26.5,27.0,26.75,0.0,0.0,1.0000000000000002
200.0,Anti-Mars,27.0,27.5,27.25,0.0,0.0,1.0000000000000002
200.0,Anti-Mars,27.5,28.0,27.75,0.0,0.0,1.0000000000000002
200.0,Anti-Mars,28.0,28.5,28.25,0.0,0.0,1.0000000000000002
200.0,Anti-Mars,28.5,29.0,28.75,0.0,0.0,1.0000000000000002
200.0,Anti-Mars,29.0,29.5,29.25,0.0,0.0,1.0000000000000002
200.0,Anti-Mars,29.5,30.0,29.75,0.0,0.0,1.0000000000000002
200.0,Anti-Mars,30.0,30.5,30.25,0.0,0.0,1.0000000000000002
200.0,Anti-Mars,30.5,31.0,30.75,0.0,0.0,1.0000000000000002
200.0,Anti-Mars,31.0,31.5,31.25,0.0,0.0,1.0000000000000002
200.0,Anti-Mars,31.5,32.0,31.75,0.0,0.0,1.0000000000000002
200.0,Anti-Mars,32.0,32.5,32.25,0.0,0.0,1.0000000000000002
200.0,Anti-Mars,32.5,33.0,32.75,0.0,0.0,1.0000000000000002
200.0,Anti-Mars,33.0,33.5,33.25,0.0,0.0,1.0000000000000002
200.0,Anti-Mars,33.5,34.0,33.75,0.0,0.0,1.0000000000000002
200.0,Anti-Mars,34.0,34.5,34.25,0.0,0.0,1.0000000000000002
200.0,Anti-Mars,34.5,35.0,34.75,0.0,0.0,1.0000000000000002
200.0,Anti-Mars,35.0,35.5,35.25,0.0,0.0,1.0000000000000002
200.0,Anti-Mars,35.5,36.0,35.75,0.0,0.0,1.0000000000000002
200.0,Anti-Mars,36.0,36.5,36.25,0.0,0.0,1.0000000000000002
200.0,Anti-Mars,36.5,37.0,36.75,0.0,0.0,1.0000000000000002
200.0,Anti-Mars,37.0,37.5,37.25,0.0,0.0,1.0000000000000002
200.0,Anti-Mars,37.5,38.0,37.75,0.0,0.0,1.0000000000000002
200.0,Anti-Mars,38.0,38.5,38.25,0.0,0.0,1.0000000000000002
200.0,Anti-Mars,38.5,39.0,38.75,0.0,0.0,1.0000000000000002
200.0,Anti-Mars,39.0,39.5,39.25,0.0,0.0,1.0000000000000002
200.0,Anti-Mars,39.5,40.0,39.75,0.0,0.0,1.0000000000000002
200.0,Anti-Mars,40.0,40.5,40.25,0.0,0.0,1.0000000000000002
200.0,Anti-Mars,40.5,41.0,40.75,0.0,0.0,1.0000000000000002
200.0,Anti-Mars,41.0,41.5,41.25,0.0,0.0,1.0000000000000002
200.0,Anti-Mars,41.5,42.0,41.75,0.0,0.0,1.0000000000000002
200.0,Anti-Mars,42.0,42.5,42.25,0.0,0.0,1.0000000000000002
200.0,Anti-Mars,42.5,43.0,42.75,0.0,0.0,1.0000000000000002
200.0,Anti-Mars,43.0,43.5,43.25,0.0,0.0,1.0000000000000002
200.0,Anti-Mars,43.5,44.0,43.75,0.0,0.0,1.0000000000000002
200.0,Anti-Mars,44.0,44.5,44.25,0.0,0.0,1.0000000000000002
200.0,Anti-Mars,44.5,45.0,44.75,0.0,0.0,1.0000000000000002
200.0,Anti-Mars,45.0,45.5,45.25,0.0,0.0,1.0000000000000002
200.0,Anti-Mars,45.5,46.0,45.75,0.0,0.0,1.0000000000000002
200.0,Anti-Mars,46.0,46.5,46.25,0.0,0.0,1.0000000000000002
200.0,Anti-Mars,46.5,47.0,46.75,0.0,0.0,1.0000000000000002
200.0,Anti-Mars,47.0,47.5,47.25,0.0,0.0,1.0000000000000002
200.0,Anti-Mars,47.5,48.0,47.75,0.0,0.0,1.0000000000000002
200.0,Anti-Mars,48.0,48.5,48.25,0.0,0.0,1.0000000000000002
200.0,Anti-Mars,48.5,49.0,48.75,0.0,0.0,1.0000000000000002
200.0,Anti-Mars,49.0,49.5,49.25,0.0,0.0,1.0000000000000002
200.0,Anti-Mars,49.5,50.0,49.75,0.0,0.0,1.0000000000000002
200.0,Anti-Mars,50.0,50.5,50.25,0.0,0.0,1.0000000000000002
200.0,Anti-Mars,50.5,51.0,50.75,0.0,0.0,1.0000000000000002
200.0,Anti-Mars,51.0,51.5,51.25,0.0,0.0,1.0000000000000002
200.0,Anti-Mars,51.5,52.0,51.75,0.0,0.0,1.0000000000000002
200.0,Anti-Mars,52.0,52.5,52.25,0.0,0.0,1.0000000000000002
200.0,Anti-Mars,52.5,53.0,52.75,0.0,0.0,1.0000000000000002
200.0,Anti-Mars,53.0,53.5,53.25,0.0,0.0,1.0000000000000002
200.0,Anti-Mars,53.5,54.0,53.75,0.0,0.0,1.0000000000000002
200.0,Anti-Mars,54.0,54.5,54.25,0.0,0.0,1.0000000000000002
200.0,Anti-Mars,54.5,55.0,54.75,0.0,0.0,1.0000000000000002
200.0,Anti-Mars,55.0,55.5,55.25,0.0,0.0,1.0000000000000002
200.0,Anti-Mars,55.5,56.0,55.75,0.0,0.0,1.0000000000000002
200.0,Anti-Mars,56.0,56.5,56.25,0.0,0.0,1.0000000000000002
200.0,Anti-Mars,56.5,57.0,56.75,0.0,0.0,1.0000000000000002
200.0,Anti-Mars,57.0,57.5,57.25,0.0,0.0,1.0000000000000002
200.0,Anti-Mars,57.5,58.0,57.75,0.0,0.0,1.0000000000000002
200.0,Anti-Mars,58.0,58.5,58.25,0.0,0.0,1.0000000000000002
200.0,Anti-Mars,58.5,59.0,58.75,0.0,0.0,1.0000000000000002
200.0,Anti-Mars,59.0,59.5,59.25,0.0,0.0,1.0000000000000002
200.0,Anti-Mars,59.5,60.0,59.75,0.0,0.0,1.0000000000000002
200.0,Anti-Mars,60.0,60.5,60.25,0.0,0.0,1.0000000000000002
200.0,Anti-Mars,60.5,61.0,60.75,0.0,0.0,1.0000000000000002
200.0,Anti-Mars,61.0,61.5,61.25,0.0,0.0,1.0000000000000002
200.0,Anti-Mars,61.5,62.0,61.75,0.0,0.0,1.0000000000000002
200.0,Anti-Mars,62.0,62.5,62.25,0.0,0.0,1.0000000000000002
200.0,Anti-Mars,62.5,63.0,62.75,0.0,0.0,1.0000000000000002
200.0,Anti-Mars,63.0,63.5,63.25,0.0,0.0,1.0000000000000002
200.0,Anti-Mars,63.5,64.0,63.75,0.0,0.0,1.0000000000000002
200.0,Anti-Mars,64.0,64.5,64.25,0.0,0.0,1.0000000000000002
200.0,Anti-Mars,64.5,65.0,64.75,0.0,0.0,1.0000000000000002
200.0,Anti-Mars,65.0,65.5,65.25,0.0,0.0,1.0000000000000002
200.0,Anti-Mars,65.5,66.0,65.75,0.0,0.0,1.0000000000000002
200.0,Anti-Mars,66.0,66.5,66.25,0.0,0.0,1.0000000000000002
200.0,Anti-Mars,66.5,67.0,66.75,0.0,0.0,1.0000000000000002
200.0,Anti-Mars,67.0,67.5,67.25,0.0,0.0,1.0000000000000002
200.0,Anti-Mars,67.5,68.0,67.75,0.0,0.0,1.0000000000000002
200.0,Anti-Mars,68.0,68.5,68.25,0.0,0.0,1.0000000000000002
200.0,Anti-Mars,68.5,69.0,68.75,0.0,0.0,1.0000000000000002
200.0,Anti-Mars,69.0,69.5,69.25,0.0,0.0,1.0000000000000002
200.0,Anti-Mars,69.5,70.0,69.75,0.0,0.0,1.0000000000000002
200.0,Anti-Mars,70.0,70.5,70.25,0.0,0.0,1.0000000000000002
200.0,Anti-Mars,70.5,71.0,70.75,0.0,0.0,1.0000000000000002
200.0,Anti-Mars,71.0,71.5,71.25,0.0,0.0,1.0000000000000002
200.0,Anti-Mars,71.5,72.0,71.75,0.0,0.0,1.0000000000000002
200.0,Anti-Mars,72.0,72.5,72.25,0.0,0.0,1.0000000000000002
200.0,Anti-Mars,72.5,73.0,72.75,0.0,0.0,1.0000000000000002
200.0,Anti-Mars,73.0,73.5,73.25,0.0,0.0,1.0000000000000002
200.0,Anti-Mars,73.5,74.0,73.75,0.0,0.0,1.0000000000000002
200.0,Anti-Mars,74.0,74.5,74.25,0.0,0.0,1.0000000000000002
200.0,Anti-Mars,74.5,75.0,74.75,0.0,0.0,1.0000000000000002
200.0,Anti-Mars,75.0,75.5,75.25,0.0,0.0,1.0000000000000002
200.0,Anti-Mars,75.5,76.0,75.75,0.0,0.0,1.0000000000000002
200.0,Anti-Mars,76.0,76.5,76.25,0.0,0.0,1.0000000000000002
200.0,Anti-Mars,76.5,77.0,76.75,0.0,0.0,1.0000000000000002
200.0,Anti-Mars,77.0,77.5,77.25,0.0,0.0,1.0000000000000002
200.0,Anti-Mars,77.5,78.0,77.75,0.0,0.0,1.0000000000000002
200.0,Anti-Mars,78.0,78.5,78.25,0.0,0.0,1.0000000000000002
200.0,Anti-Mars,78.5,79.0,78.75,0.0,0.0,1.0000000000000002
200.0,Anti-Mars,79.0,79.5,79.25,0.0,0.0,1.0000000000000002
200.0,Anti-Mars,79.5,80.0,79.75,0.0,0.0,1.0000000000000002
200.0,Anti-Mars,80.0,80.5,80.25,0.0,0.0,1.0000000000000002
200.0,Anti-Mars,80.5,81.0,80.75,0.0,0.0,1.0000000000000002
200.0,Anti-Mars,81.0,81.5,81.25,0.0,0.0,1.0000000000000002
200.0,Anti-Mars,81.5,82.0,81.75,0.0,0.0,1.0000000000000002
200.0,Anti-Mars,82.0,82.5,82.25,0.0,0.0,1.0000000000000002
200.0,Anti-Mars,82.5,83.0,82.75,0.0,0.0,1.0000000000000002
200.0,Anti-Mars,83.0,83.5,83.25,0.0,0.0,1.0000000000000002
200.0,Anti-Mars,83.5,84.0,83.75,0.0,0.0,1.0000000000000002
200.0,Anti-Mars,84.0,84.5,84.25,0.0,0.0,1.0000000000000002
200.0,Anti-Mars,84.5,85.0,84.75,0.0,0.0,1.0000000000000002
200.0,Anti-Mars,85.0,85.5,85.25,0.0,0.0,1.0000000000000002
200.0,Anti-Mars,85.5,86.0,85.75,0.0,0.0,1.0000000000000002
200.0,Anti-Mars,86.0,86.5,86.25,0.0,0.0,1.0000000000000002
200.0,Anti-Mars,86.5,87.0,86.75,0.0,0.0,1.0000000000000002
200.0,Anti-Mars,87.0,87.5,87.25,0.0,0.0,1.0000000000000002
200.0,Anti-Mars,87.5,88.0,87.75,0.0,0.0,1.0000000000000002
200.0,Anti-Mars,88.0,88.5,88.25,0.0,0.0,1.0000000000000002
200.0,Anti-Mars,88.5,89.0,88.75,0.0,0.0,1.0000000000000002
200.0,Anti-Mars,89.0,89.5,89.25,0.0,0.0,1.0000000000000002
200.0,Anti-Mars,89.5,90.0,89.75,0.0,0.0,1.0000000000000002
250.0,Leading,0.0,0.5,0.25,0.0,0.0,0.0
250.0,Leading,0.5,1.0,0.75,6.547339e-05,0.0010660980810234535,0.0010660980810234535
250.0,Leading,1.0,1.5,1.25,0.00045831372999999997,0.007462686567164174,0.008528784648187628
250.0,Leading,1.5,2.0,1.75,0.00032736695,0.005330490405117267,0.013859275053304896
250.0,Leading,2.0,2.5,2.25,0.00045831372999999997,0.007462686567164174,0.02132196162046907
250.0,Leading,2.5,3.0,2.75,0.00078568068,0.012793176972281441,0.03411513859275051
250.0,Leading,3.0,3.5,3.25,0.00072020729,0.011727078891257988,0.0458422174840085
250.0,Leading,3.5,4.0,3.75,0.00098210085,0.015991471215351803,0.061833688699360304
250.0,Leading,4.0,4.5,4.25,0.00039284034,0.0063965884861407205,0.06823027718550102
250.0,Leading,4.5,5.0,4.75,0.0011130476300000001,0.018123667377398713,0.08635394456289974
250.0,Leading,5.0,5.5,5.25,0.0011785210200000002,0.019189765458422166,0.1055437100213219
250.0,Leading,5.5,6.0,5.75,0.0013749411900000005,0.022388059701492533,0.12793176972281445
250.0,Leading,6.0,6.5,6.25,0.00104757424,0.017057569296375256,0.1449893390191897
250.0,Leading,6.5,7.0,6.75,0.0011130476300000001,0.018123667377398713,0.1631130063965884
250.0,Leading,7.0,7.5,7.25,0.0011785210200000002,0.019189765458422166,0.18230277185501056
250.0,Leading,7.5,8.0,7.75,0.0013749411900000005,0.022388059701492533,0.20469083155650308
250.0,Leading,8.0,8.5,8.25,0.001767781530000001,0.028784648187633263,0.23347547974413635
250.0,Leading,8.5,9.0,8.75,0.001702308140000001,0.02771855010660981,0.26119402985074613
250.0,Leading,9.0,9.5,9.25,0.001964201700000001,0.031982942430703626,0.2931769722814498
250.0,Leading,9.5,10.0,9.75,0.0015058879700000007,0.024520255863539443,0.31769722814498924
250.0,Leading,10.0,10.5,10.25,0.003077249330000003,0.05010660980810236,0.3678038379530916
250.0,Leading,10.5,11.0,10.75,0.005499764760000006,0.0895522388059702,0.45735607675906176
250.0,Leading,11.0,11.5,11.25,0.0062854454400000075,0.10234541577825167,0.5597014925373134
250.0,Leading,11.5,12.0,11.75,0.003993876790000004,0.06503198294243073,0.6247334754797441
250.0,Leading,12.0,12.5,12.25,0.003273669500000003,0.053304904051172726,0.6780383795309168
250.0,Leading,12.5,13.0,12.75,0.0029463025500000026,0.04797441364605545,0.7260127931769723
250.0,Leading,13.0,13.5,13.25,0.0034046162800000033,0.05543710021321964,0.781449893390192
250.0,Leading,13.5,14.0,13.75,0.004059350180000004,0.06609808102345419,0.8475479744136462
250.0,Leading,14.0,14.5,14.25,0.001636834750000001,0.026652452025586353,0.8742004264392325
250.0,Leading,14.5,15.0,14.75,0.00026189356,0.004264392324093814,0.8784648187633263
250.0,Leading,15.0,15.5,15.25,0.00052378712,0.008528784648187628,0.8869936034115139
250.0,Leading,15.5,16.0,15.75,0.00045831372999999997,0.007462686567164174,0.8944562899786781
250.0,Leading,16.0,16.5,16.25,0.00026189356,0.004264392324093814,0.8987206823027719
250.0,Leading,16.5,17.0,16.75,0.00045831372999999997,0.007462686567164174,0.9061833688699361
250.0,Leading,17.0,17.5,17.25,0.00058926051,0.009594882729211081,0.9157782515991472
250.0,Leading,17.5,18.0,17.75,0.00052378712,0.008528784648187628,0.9243070362473348
250.0,Leading,18.0,18.5,18.25,0.00039284034,0.0063965884861407205,0.9307036247334756
250.0,Leading,18.5,19.0,18.75,0.00085115407,0.013859275053304894,0.9445628997867804
250.0,Leading,19.0,19.5,19.25,0.00098210085,0.015991471215351803,0.9605543710021323
250.0,Leading,19.5,20.0,19.75,0.0009166274599999999,0.014925373134328348,0.9754797441364607
250.0,Leading,20.0,20.5,20.25,0.00098210085,0.015991471215351803,0.9914712153518125
250.0,Leading,20.5,21.0,20.75,0.00045831372999999997,0.007462686567164174,0.9989339019189767
250.0,Leading,21.0,21.5,21.25,6.547339e-05,0.0010660980810234535,1.0000000000000002
250.0,Leading,21.5,22.0,21.75,0.0,0.0,1.0000000000000002
250.0,Leading,22.0,22.5,22.25,0.0,0.0,1.0000000000000002
250.0,Leading,22.5,23.0,22.75,0.0,0.0,1.0000000000000002
250.0,Leading,23.0,23.5,23.25,0.0,0.0,1.0000000000000002
250.0,Leading,23.5,24.0,23.75,0.0,0.0,1.0000000000000002
250.0,Leading,24.0,24.5,24.25,0.0,0.0,1.0000000000000002
250.0,Leading,24.5,25.0,24.75,0.0,0.0,1.0000000000000002
250.0,Leading,25.0,25.5,25.25,0.0,0.0,1.0000000000000002
250.0,Leading,25.5,26.0,25.75,0.0,0.0,1.0000000000000002
250.0,Leading,26.0,26.5,26.25,0.0,0.0,1.0000000000000002
250.0,Leading,26.5,27.0,26.75,0.0,0.0,1.0000000000000002
250.0,Leading,27.0,27.5,27.25,0.0,0.0,1.0000000000000002
250.0,Leading,27.5,28.0,27.75,0.0,0.0,1.0000000000000002
250.0,Leading,28.0,28.5,28.25,0.0,0.0,1.0000000000000002
250.0,Leading,28.5,29.0,28.75,0.0,0.0,1.0000000000000002
250.0,Leading,29.0,29.5,29.25,0.0,0.0,1.0000000000000002
250.0,Leading,29.5,30.0,29.75,0.0,0.0,1.0000000000000002
250.0,Leading,30.0,30.5,30.25,0.0,0.0,1.0000000000000002
250.0,Leading,30.5,31.0,30.75,0.0,0.0,1.0000000000000002
250.0,Leading,31.0,31.5,31.25,0.0,0.0,1.0000000000000002
250.0,Leading,31.5,32.0,31.75,0.0,0.0,1.0000000000000002
250.0,Leading,32.0,32.5,32.25,0.0,0.0,1.0000000000000002
250.0,Leading,32.5,33.0,32.75,0.0,0.0,1.0000000000000002
250.0,Leading,33.0,33.5,33.25,0.0,0.0,1.0000000000000002
250.0,Leading,33.5,34.0,33.75,0.0,0.0,1.0000000000000002
250.0,Leading,34.0,34.5,34.25,0.0,0.0,1.0000000000000002
250.0,Leading,34.5,35.0,34.75,0.0,0.0,1.0000000000000002
250.0,Leading,35.0,35.5,35.25,0.0,0.0,1.0000000000000002
250.0,Leading,35.5,36.0,35.75,0.0,0.0,1.0000000000000002
250.0,Leading,36.0,36.5,36.25,0.0,0.0,1.0000000000000002
250.0,Leading,36.5,37.0,36.75,0.0,0.0,1.0000000000000002
250.0,Leading,37.0,37.5,37.25,0.0,0.0,1.0000000000000002
250.0,Leading,37.5,38.0,37.75,0.0,0.0,1.0000000000000002
250.0,Leading,38.0,38.5,38.25,0.0,0.0,1.0000000000000002
250.0,Leading,38.5,39.0,38.75,0.0,0.0,1.0000000000000002
250.0,Leading,39.0,39.5,39.25,0.0,0.0,1.0000000000000002
250.0,Leading,39.5,40.0,39.75,0.0,0.0,1.0000000000000002
250.0,Leading,40.0,40.5,40.25,0.0,0.0,1.0000000000000002
250.0,Leading,40.5,41.0,40.75,0.0,0.0,1.0000000000000002
250.0,Leading,41.0,41.5,41.25,0.0,0.0,1.0000000000000002
250.0,Leading,41.5,42.0,41.75,0.0,0.0,1.0000000000000002
250.0,Leading,42.0,42.5,42.25,0.0,0.0,1.0000000000000002
250.0,Leading,42.5,43.0,42.75,0.0,0.0,1.0000000000000002
250.0,Leading,43.0,43.5,43.25,0.0,0.0,1.0000000000000002
250.0,Leading,43.5,44.0,43.75,0.0,0.0,1.0000000000000002
250.0,Leading,44.0,44.5,44.25,0.0,0.0,1.0000000000000002
250.0,Leading,44.5,45.0,44.75,0.0,0.0,1.0000000000000002
250.0,Leading,45.0,45.5,45.25,0.0,0.0,1.0000000000000002
250.0,Leading,45.5,46.0,45.75,0.0,0.0,1.0000000000000002
250.0,Leading,46.0,46.5,46.25,0.0,0.0,1.0000000000000002
250.0,Leading,46.5,47.0,46.75,0.0,0.0,1.0000000000000002
250.0,Leading,47.0,47.5,47.25,0.0,0.0,1.0000000000000002
250.0,Leading,47.5,48.0,47.75,0.0,0.0,1.0000000000000002
250.0,Leading,48.0,48.5,48.25,0.0,0.0,1.0000000000000002
250.0,Leading,48.5,49.0,48.75,0.0,0.0,1.0000000000000002
250.0,Leading,49.0,49.5,49.25,0.0,0.0,1.0000000000000002
250.0,Leading,49.5,50.0,49.75,0.0,0.0,1.0000000000000002
250.0,Leading,50.0,50.5,50.25,0.0,0.0,1.0000000000000002
250.0,Leading,50.5,51.0,50.75,0.0,0.0,1.0000000000000002
250.0,Leading,51.0,51.5,51.25,0.0,0.0,1.0000000000000002
250.0,Leading,51.5,52.0,51.75,0.0,0.0,1.0000000000000002
250.0,Leading,52.0,52.5,52.25,0.0,0.0,1.0000000000000002
250.0,Leading,52.5,53.0,52.75,0.0,0.0,1.0000000000000002
250.0,Leading,53.0,53.5,53.25,0.0,0.0,1.0000000000000002
250.0,Leading,53.5,54.0,53.75,0.0,0.0,1.0000000000000002
250.0,Leading,54.0,54.5,54.25,0.0,0.0,1.0000000000000002
250.0,Leading,54.5,55.0,54.75,0.0,0.0,1.0000000000000002
250.0,Leading,55.0,55.5,55.25,0.0,0.0,1.0000000000000002
250.0,Leading,55.5,56.0,55.75,0.0,0.0,1.0000000000000002
250.0,Leading,56.0,56.5,56.25,0.0,0.0,1.0000000000000002
250.0,Leading,56.5,57.0,56.75,0.0,0.0,1.0000000000000002
250.0,Leading,57.0,57.5,57.25,0.0,0.0,1.0000000000000002
250.0,Leading,57.5,58.0,57.75,0.0,0.0,1.0000000000000002
250.0,Leading,58.0,58.5,58.25,0.0,0.0,1.0000000000000002
250.0,Leading,58.5,59.0,58.75,0.0,0.0,1.0000000000000002
250.0,Leading,59.0,59.5,59.25,0.0,0.0,1.0000000000000002
250.0,Leading,59.5,60.0,59.75,0.0,0.0,1.0000000000000002
250.0,Leading,60.0,60.5,60.25,0.0,0.0,1.0000000000000002
250.0,Leading,60.5,61.0,60.75,0.0,0.0,1.0000000000000002
250.0,Leading,61.0,61.5,61.25,0.0,0.0,1.0000000000000002
250.0,Leading,61.5,62.0,61.75,0.0,0.0,1.0000000000000002
250.0,Leading,62.0,62.5,62.25,0.0,0.0,1.0000000000000002
250.0,Leading,62.5,63.0,62.75,0.0,0.0,1.0000000000000002
250.0,Leading,63.0,63.5,63.25,0.0,0.0,1.0000000000000002
250.0,Leading,63.5,64.0,63.75,0.0,0.0,1.0000000000000002
250.0,Leading,64.0,64.5,64.25,0.0,0.0,1.0000000000000002
250.0,Leading,64.5,65.0,64.75,0.0,0.0,1.0000000000000002
250.0,Leading,65.0,65.5,65.25,0.0,0.0,1.0000000000000002
250.0,Leading,65.5,66.0,65.75,0.0,0.0,1.0000000000000002
250.0,Leading,66.0,66.5,66.25,0.0,0.0,1.0000000000000002
250.0,Leading,66.5,67.0,66.75,0.0,0.0,1.0000000000000002
250.0,Leading,67.0,67.5,67.25,0.0,0.0,1.0000000000000002
250.0,Leading,67.5,68.0,67.75,0.0,0.0,1.0000000000000002
250.0,Leading,68.0,68.5,68.25,0.0,0.0,1.0000000000000002
250.0,Leading,68.5,69.0,68.75,0.0,0.0,1.0000000000000002
250.0,Leading,69.0,69.5,69.25,0.0,0.0,1.0000000000000002
250.0,Leading,69.5,70.0,69.75,0.0,0.0,1.0000000000000002
250.0,Leading,70.0,70.5,70.25,0.0,0.0,1.0000000000000002
250.0,Leading,70.5,71.0,70.75,0.0,0.0,1.0000000000000002
250.0,Leading,71.0,71.5,71.25,0.0,0.0,1.0000000000000002
250.0,Leading,71.5,72.0,71.75,0.0,0.0,1.0000000000000002
250.0,Leading,72.0,72.5,72.25,0.0,0.0,1.0000000000000002
250.0,Leading,72.5,73.0,72.75,0.0,0.0,1.0000000000000002
250.0,Leading,73.0,73.5,73.25,0.0,0.0,1.0000000000000002
250.0,Leading,73.5,74.0,73.75,0.0,0.0,1.0000000000000002
250.0,Leading,74.0,74.5,74.25,0.0,0.0,1.0000000000000002
250.0,Leading,74.5,75.0,74.75,0.0,0.0,1.0000000000000002
250.0,Leading,75.0,75.5,75.25,0.0,0.0,1.0000000000000002
250.0,Leading,75.5,76.0,75.75,0.0,0.0,1.0000000000000002
250.0,Leading,76.0,76.5,76.25,0.0,0.0,1.0000000000000002
250.0,Leading,76.5,77.0,76.75,0.0,0.0,1.0000000000000002
250.0,Leading,77.0,77.5,77.25,0.0,0.0,1.0000000000000002
250.0,Leading,77.5,78.0,77.75,0.0,0.0,1.0000000000000002
250.0,Leading,78.0,78.5,78.25,0.0,0.0,1.0000000000000002
250.0,Leading,78.5,79.0,78.75,0.0,0.0,1.0000000000000002
250.0,Leading,79.0,79.5,79.25,0.0,0.0,1.0000000000000002
250.0,Leading,79.5,80.0,79.75,0.0,0.0,1.0000000000000002
250.0,Leading,80.0,80.5,80.25,0.0,0.0,1.0000000000000002
250.0,Leading,80.5,81.0,80.75,0.0,0.0,1.0000000000000002
250.0,Leading,81.0,81.5,81.25,0.0,0.0,1.0000000000000002
250.0,Leading,81.5,82.0,81.75,0.0,0.0,1.0000000000000002
250.0,Leading,82.0,82.5,82.25,0.0,0.0,1.0000000000000002
250.0,Leading,82.5,83.0,82.75,0.0,0.0,1.0000000000000002
250.0,Leading,83.0,83.5,83.25,0.0,0.0,1.0000000000000002
250.0,Leading,83.5,84.0,83.75,0.0,0.0,1.0000000000000002
250.0,Leading,84.0,84.5,84.25,0.0,0.0,1.0000000000000002
250.0,Leading,84.5,85.0,84.75,0.0,0.0,1.0000000000000002
250.0,Leading,85.0,85.5,85.25,0.0,0.0,1.0000000000000002
250.0,Leading,85.5,86.0,85.75,0.0,0.0,1.0000000000000002
250.0,Leading,86.0,86.5,86.25,0.0,0.0,1.0000000000000002
250.0,Leading,86.5,87.0,86.75,0.0,0.0,1.0000000000000002
250.0,Leading,87.0,87.5,87.25,0.0,0.0,1.0000000000000002
250.0,Leading,87.5,88.0,87.75,0.0,0.0,1.0000000000000002
250.0,Leading,88.0,88.5,88.25,0.0,0.0,1.0000000000000002
250.0,Leading,88.5,89.0,88.75,0.0,0.0,1.0000000000000002
250.0,Leading,89.0,89.5,89.25,0.0,0.0,1.0000000000000002
250.0,Leading,89.5,90.0,89.75,0.0,0.0,1.0000000000000002
250.0,Sub-Mars,0.0,0.5,0.25,0.00058926051,0.007867132867132863,0.007867132867132863
250.0,Sub-Mars,0.5,1.0,0.75,0.00045831372999999997,0.006118881118881115,0.013986013986013977
250.0,Sub-Mars,1.0,1.5,1.25,0.0018987283100000013,0.02534965034965035,0.03933566433566433
250.0,Sub-Mars,1.5,2.0,1.75,0.0023570420400000017,0.03146853146853147,0.07080419580419581
250.0,Sub-Mars,2.0,2.5,2.25,0.0018987283100000013,0.02534965034965035,0.09615384615384616
250.0,Sub-Mars,2.5,3.0,2.75,0.001767781530000001,0.0236013986013986,0.11975524475524477
250.0,Sub-Mars,3.0,3.5,3.25,0.0026844089900000022,0.03583916083916085,0.15559440559440563
250.0,Sub-Mars,3.5,4.0,3.75,0.0026844089900000022,0.03583916083916085,0.19143356643356646
250.0,Sub-Mars,4.0,4.5,4.25,0.0023570420400000017,0.03146853146853147,0.22290209790209792
250.0,Sub-Mars,4.5,5.0,4.75,0.0028808291600000025,0.03846153846153847,0.2613636363636364
250.0,Sub-Mars,5.0,5.5,5.25,0.0035355630600000035,0.04720279720279722,0.30856643356643365
250.0,Sub-Mars,5.5,6.0,5.75,0.003339142890000003,0.0445804195804196,0.35314685314685323
250.0,Sub-Mars,6.0,6.5,6.25,0.004452190520000005,0.05944055944055947,0.4125874125874127
250.0,Sub-Mars,6.5,7.0,6.75,0.0035355630600000035,0.04720279720279722,0.45979020979020996
250.0,Sub-Mars,7.0,7.5,7.25,0.004714084080000005,0.06293706293706297,0.5227272727272729
250.0,Sub-Mars,7.5,8.0,7.75,0.0028153557700000024,0.0375874125874126,0.5603146853146855
250.0,Sub-Mars,8.0,8.5,8.25,0.001964201700000001,0.026223776223776224,0.5865384615384618
250.0,Sub-Mars,8.5,9.0,8.75,0.0020296750900000013,0.027097902097902096,0.6136363636363639
250.0,Sub-Mars,9.0,9.5,9.25,0.0026844089900000022,0.03583916083916085,0.6494755244755247
250.0,Sub-Mars,9.5,10.0,9.75,0.0029463025500000026,0.03933566433566434,0.6888111888111891
250.0,Sub-Mars,10.0,10.5,10.25,0.001636834750000001,0.021853146853146852,0.710664335664336
250.0,Sub-Mars,10.5,11.0,10.75,0.0018987283100000013,0.02534965034965035,0.7360139860139863
250.0,Sub-Mars,11.0,11.5,11.25,0.00085115407,0.011363636363636355,0.7473776223776226
250.0,Sub-Mars,11.5,12.0,11.75,0.0021606218700000015,0.028846153846153848,0.7762237762237765
250.0,Sub-Mars,12.0,12.5,12.25,0.00045831372999999997,0.006118881118881115,0.7823426573426576
250.0,Sub-Mars,12.5,13.0,12.75,0.001702308140000001,0.022727272727272724,0.8050699300699303
250.0,Sub-Mars,13.0,13.5,13.25,0.0020951484800000014,0.027972027972027972,0.8330419580419584
250.0,Sub-Mars,13.5,14.0,13.75,0.0013749411900000005,0.018356643356643353,0.8513986013986017
250.0,Sub-Mars,14.0,14.5,14.25,0.001636834750000001,0.021853146853146852,0.8732517482517486
250.0,Sub-Mars,14.5,15.0,14.75,0.0018332549200000012,0.024475524475524476,0.897727272727273
250.0,Sub-Mars,15.0,15.5,15.25,0.0011130476300000001,0.014860139860139853,0.9125874125874129
250.0,Sub-Mars,15.5,16.0,15.75,0.001702308140000001,0.022727272727272724,0.9353146853146856
250.0,Sub-Mars,16.0,16.5,16.25,0.00104757424,0.013986013986013977,0.9493006993006996
250.0,Sub-Mars,16.5,17.0,16.75,0.001767781530000001,0.0236013986013986,0.9729020979020983
250.0,Sub-Mars,17.0,17.5,17.25,0.001964201700000001,0.026223776223776224,0.9991258741258745
250.0,Sub-Mars,17.5,18.0,17.75,6.547339e-05,0.0008741258741258736,1.0000000000000004
250.0,Sub-Mars,18.0,18.5,18.25,0.0,0.0,1.0000000000000004
250.0,Sub-Mars,18.5,19.0,18.75,0.0,0.0,1.0000000000000004
250.0,Sub-Mars,19.0,19.5,19.25,0.0,0.0,1.0000000000000004
250.0,Sub-Mars,19.5,20.0,19.75,0.0,0.0,1.0000000000000004
250.0,Sub-Mars,20.0,20.5,20.25,0.0,0.0,1.0000000000000004
250.0,Sub-Mars,20.5,21.0,20.75,0.0,0.0,1.0000000000000004
250.0,Sub-Mars,21.0,21.5,21.25,0.0,0.0,1.0000000000000004
250.0,Sub-Mars,21.5,22.0,21.75,0.0,0.0,1.0000000000000004
250.0,Sub-Mars,22.0,22.5,22.25,0.0,0.0,1.0000000000000004
250.0,Sub-Mars,22.5,23.0,22.75,0.0,0.0,1.0000000000000004
250.0,Sub-Mars,23.0,23.5,23.25,0.0,0.0,1.0000000000000004
250.0,Sub-Mars,23.5,24.0,23.75,0.0,0.0,1.0000000000000004
250.0,Sub-Mars,24.0,24.5,24.25,0.0,0.0,1.0000000000000004
250.0,Sub-Mars,24.5,25.0,24.75,0.0,0.0,1.0000000000000004
250.0,Sub-Mars,25.0,25.5,25.25,0.0,0.0,1.0000000000000004
250.0,Sub-Mars,25.5,26.0,25.75,0.0,0.0,1.0000000000000004
250.0,Sub-Mars,26.0,26.5,26.25,0.0,0.0,1.0000000000000004
250.0,Sub-Mars,26.5,27.0,26.75,0.0,0.0,1.0000000000000004
250.0,Sub-Mars,27.0,27.5,27.25,0.0,0.0,1.0000000000000004
250.0,Sub-Mars,27.5,28.0,27.75,0.0,0.0,1.0000000000000004
250.0,Sub-Mars,28.0,28.5,28.25,0.0,0.0,1.0000000000000004
250.0,Sub-Mars,28.5,29.0,28.75,0.0,0.0,1.0000000000000004
250.0,Sub-Mars,29.0,29.5,29.25,0.0,0.0,1.0000000000000004
250.0,Sub-Mars,29.5,30.0,29.75,0.0,0.0,1.0000000000000004
250.0,Sub-Mars,30.0,30.5,30.25,0.0,0.0,1.0000000000000004
250.0,Sub-Mars,30.5,31.0,30.75,0.0,0.0,1.0000000000000004
250.0,Sub-Mars,31.0,31.5,31.25,0.0,0.0,1.0000000000000004
250.0,Sub-Mars,31.5,32.0,31.75,0.0,0.0,1.0000000000000004
250.0,Sub-Mars,32.0,32.5,32.25,0.0,0.0,1.0000000000000004
250.0,Sub-Mars,32.5,33.0,32.75,0.0,0.0,1.0000000000000004
250.0,Sub-Mars,33.0,33.5,33.25,0.0,0.0,1.0000000000000004
250.0,Sub-Mars,33.5,34.0,33.75,0.0,0.0,1.0000000000000004
250.0,Sub-Mars,34.0,34.5,34.25,0.0,0.0,1.0000000000000004
250.0,Sub-Mars,34.5,35.0,34.75,0.0,0.0,1.0000000000000004
250.0,Sub-Mars,35.0,35.5,35.25,0.0,0.0,1.0000000000000004
250.0,Sub-Mars,35.5,36.0,35.75,0.0,0.0,1.0000000000000004
250.0,Sub-Mars,36.0,36.5,36.25,0.0,0.0,1.0000000000000004
250.0,Sub-Mars,36.5,37.0,36.75,0.0,0.0,1.0000000000000004
250.0,Sub-Mars,37.0,37.5,37.25,0.0,0.0,1.0000000000000004
250.0,Sub-Mars,37.5,38.0,37.75,0.0,0.0,1.0000000000000004
250.0,Sub-Mars,38.0,38.5,38.25,0.0,0.0,1.0000000000000004
250.0,Sub-Mars,38.5,39.0,38.75,0.0,0.0,1.0000000000000004
250.0,Sub-Mars,39.0,39.5,39.25,0.0,0.0,1.0000000000000004
250.0,Sub-Mars,39.5,40.0,39.75,0.0,0.0,1.0000000000000004
250.0,Sub-Mars,40.0,40.5,40.25,0.0,0.0,1.0000000000000004
250.0,Sub-Mars,40.5,41.0,40.75,0.0,0.0,1.0000000000000004
250.0,Sub-Mars,41.0,41.5,41.25,0.0,0.0,1.0000000000000004
250.0,Sub-Mars,41.5,42.0,41.75,0.0,0.0,1.0000000000000004
250.0,Sub-Mars,42.0,42.5,42.25,0.0,0.0,1.0000000000000004
250.0,Sub-Mars,42.5,43.0,42.75,0.0,0.0,1.0000000000000004
250.0,Sub-Mars,43.0,43.5,43.25,0.0,0.0,1.0000000000000004
250.0,Sub-Mars,43.5,44.0,43.75,0.0,0.0,1.0000000000000004
250.0,Sub-Mars,44.0,44.5,44.25,0.0,0.0,1.0000000000000004
250.0,Sub-Mars,44.5,45.0,44.75,0.0,0.0,1.0000000000000004
250.0,Sub-Mars,45.0,45.5,45.25,0.0,0.0,1.0000000000000004
250.0,Sub-Mars,45.5,46.0,45.75,0.0,0.0,1.0000000000000004
250.0,Sub-Mars,46.0,46.5,46.25,0.0,0.0,1.0000000000000004
250.0,Sub-Mars,46.5,47.0,46.75,0.0,0.0,1.0000000000000004
250.0,Sub-Mars,47.0,47.5,47.25,0.0,0.0,1.0000000000000004
250.0,Sub-Mars,47.5,48.0,47.75,0.0,0.0,1.0000000000000004
250.0,Sub-Mars,48.0,48.5,48.25,0.0,0.0,1.0000000000000004
250.0,Sub-Mars,48.5,49.0,48.75,0.0,0.0,1.0000000000000004
250.0,Sub-Mars,49.0,49.5,49.25,0.0,0.0,1.0000000000000004
250.0,Sub-Mars,49.5,50.0,49.75,0.0,0.0,1.0000000000000004
250.0,Sub-Mars,50.0,50.5,50.25,0.0,0.0,1.0000000000000004
250.0,Sub-Mars,50.5,51.0,50.75,0.0,0.0,1.0000000000000004
250.0,Sub-Mars,51.0,51.5,51.25,0.0,0.0,1.0000000000000004
250.0,Sub-Mars,51.5,52.0,51.75,0.0,0.0,1.0000000000000004
250.0,Sub-Mars,52.0,52.5,52.25,0.0,0.0,1.0000000000000004
250.0,Sub-Mars,52.5,53.0,52.75,0.0,0.0,1.0000000000000004
250.0,Sub-Mars,53.0,53.5,53.25,0.0,0.0,1.0000000000000004
250.0,Sub-Mars,53.5,54.0,53.75,0.0,0.0,1.0000000000000004
250.0,Sub-Mars,54.0,54.5,54.25,0.0,0.0,1.0000000000000004
250.0,Sub-Mars,54.5,55.0,54.75,0.0,0.0,1.0000000000000004
250.0,Sub-Mars,55.0,55.5,55.25,0.0,0.0,1.0000000000000004
250.0,Sub-Mars,55.5,56.0,55.75,0.0,0.0,1.0000000000000004
250.0,Sub-Mars,56.0,56.5,56.25,0.0,0.0,1.0000000000000004
250.0,Sub-Mars,56.5,57.0,56.75,0.0,0.0,1.0000000000000004
250.0,Sub-Mars,57.0,57.5,57.25,0.0,0.0,1.0000000000000004
250.0,Sub-Mars,57.5,58.0,57.75,0.0,0.0,1.0000000000000004
250.0,Sub-Mars,58.0,58.5,58.25,0.0,0.0,1.0000000000000004
250.0,Sub-Mars,58.5,59.0,58.75,0.0,0.0,1.0000000000000004
250.0,Sub-Mars,59.0,59.5,59.25,0.0,0.0,1.0000000000000004
250.0,Sub-Mars,59.5,60.0,59.75,0.0,0.0,1.0000000000000004
250.0,Sub-Mars,60.0,60.5,60.25,0.0,0.0,1.0000000000000004
250.0,Sub-Mars,60.5,61.0,60.75,0.0,0.0,1.0000000000000004
250.0,Sub-Mars,61.0,61.5,61.25,0.0,0.0,1.0000000000000004
250.0,Sub-Mars,61.5,62.0,61.75,0.0,0.0,1.0000000000000004
250.0,Sub-Mars,62.0,62.5,62.25,0.0,0.0,1.0000000000000004
250.0,Sub-Mars,62.5,63.0,62.75,0.0,0.0,1.0000000000000004
250.0,Sub-Mars,63.0,63.5,63.25,0.0,0.0,1.0000000000000004
250.0,Sub-Mars,63.5,64.0,63.75,0.0,0.0,1.0000000000000004
250.0,Sub-Mars,64.0,64.5,64.25,0.0,0.0,1.0000000000000004
250.0,Sub-Mars,64.5,65.0,64.75,0.0,0.0,1.0000000000000004
250.0,Sub-Mars,65.0,65.5,65.25,0.0,0.0,1.0000000000000004
250.0,Sub-Mars,65.5,66.0,65.75,0.0,0.0,1.0000000000000004
250.0,Sub-Mars,66.0,66.5,66.25,0.0,0.0,1.0000000000000004
250.0,Sub-Mars,66.5,67.0,66.75,0.0,0.0,1.0000000000000004
250.0,Sub-Mars,67.0,67.5,67.25,0.0,0.0,1.0000000000000004
250.0,Sub-Mars,67.5,68.0,67.75,0.0,0.0,1.0000000000000004
250.0,Sub-Mars,68.0,68.5,68.25,0.0,0.0,1.0000000000000004
250.0,Sub-Mars,68.5,69.0,68.75,0.0,0.0,1.0000000000000004
250.0,Sub-Mars,69.0,69.5,69.25,0.0,0.0,1.0000000000000004
250.0,Sub-Mars,69.5,70.0,69.75,0.0,0.0,1.0000000000000004
250.0,Sub-Mars,70.0,70.5,70.25,0.0,0.0,1.0000000000000004
250.0,Sub-Mars,70.5,71.0,70.75,0.0,0.0,1.0000000000000004
250.0,Sub-Mars,71.0,71.5,71.25,0.0,0.0,1.0000000000000004
250.0,Sub-Mars,71.5,72.0,71.75,0.0,0.0,1.0000000000000004
250.0,Sub-Mars,72.0,72.5,72.25,0.0,0.0,1.0000000000000004
250.0,Sub-Mars,72.5,73.0,72.75,0.0,0.0,1.0000000000000004
250.0,Sub-Mars,73.0,73.5,73.25,0.0,0.0,1.0000000000000004
250.0,Sub-Mars,73.5,74.0,73.75,0.0,0.0,1.0000000000000004
250.0,Sub-Mars,74.0,74.5,74.25,0.0,0.0,1.0000000000000004
250.0,Sub-Mars,74.5,75.0,74.75,0.0,0.0,1.0000000000000004
250.0,Sub-Mars,75.0,75.5,75.25,0.0,0.0,1.0000000000000004
250.0,Sub-Mars,75.5,76.0,75.75,0.0,0.0,1.0000000000000004
250.0,Sub-Mars,76.0,76.5,76.25,0.0,0.0,1.0000000000000004
250.0,Sub-Mars,76.5,77.0,76.75,0.0,0.0,1.0000000000000004
250.0,Sub-Mars,77.0,77.5,77.25,0.0,0.0,1.0000000000000004
250.0,Sub-Mars,77.5,78.0,77.75,0.0,0.0,1.0000000000000004
250.0,Sub-Mars,78.0,78.5,78.25,0.0,0.0,1.0000000000000004
250.0,Sub-Mars,78.5,79.0,78.75,0.0,0.0,1.0000000000000004
250.0,Sub-Mars,79.0,79.5,79.25,0.0,0.0,1.0000000000000004
250.0,Sub-Mars,79.5,80.0,79.75,0.0,0.0,1.0000000000000004
250.0,Sub-Mars,80.0,80.5,80.25,0.0,0.0,1.0000000000000004
250.0,Sub-Mars,80.5,81.0,80.75,0.0,0.0,1.0000000000000004
250.0,Sub-Mars,81.0,81.5,81.25,0.0,0.0,1.0000000000000004
250.0,Sub-Mars,81.5,82.0,81.75,0.0,0.0,1.0000000000000004
250.0,Sub-Mars,82.0,82.5,82.25,0.0,0.0,1.0000000000000004
250.0,Sub-Mars,82.5,83.0,82.75,0.0,0.0,1.0000000000000004
250.0,Sub-Mars,83.0,83.5,83.25,0.0,0.0,1.0000000000000004
250.0,Sub-Mars,83.5,84.0,83.75,0.0,0.0,1.0000000000000004
250.0,Sub-Mars,84.0,84.5,84.25,0.0,0.0,1.0000000000000004
250.0,Sub-Mars,84.5,85.0,84.75,0.0,0.0,1.0000000000000004
250.0,Sub-Mars,85.0,85.5,85.25,0.0,0.0,1.0000000000000004
250.0,Sub-Mars,85.5,86.0,85.75,0.0,0.0,1.0000000000000004
250.0,Sub-Mars,86.0,86.5,86.25,0.0,0.0,1.0000000000000004
250.0,Sub-Mars,86.5,87.0,86.75,0.0,0.0,1.0000000000000004
250.0,Sub-Mars,87.0,87.5,87.25,0.0,0.0,1.0000000000000004
250.0,Sub-Mars,87.5,88.0,87.75,0.0,0.0,1.0000000000000004
250.0,Sub-Mars,88.0,88.5,88.25,0.0,0.0,1.0000000000000004
250.0,Sub-Mars,88.5,89.0,88.75,0.0,0.0,1.0000000000000004
250.0,Sub-Mars,89.0,89.5,89.25,0.0,0.0,1.0000000000000004
250.0,Sub-Mars,89.5,90.0,89.75,0.0,0.0,1.0000000000000004
250.0,Trailing,0.0,0.5,0.25,0.0,0.0,0.0
250.0,Trailing,0.5,1.0,0.75,0.0,0.0,0.0
250.0,Trailing,1.0,1.5,1.25,0.0,0.0,0.0
250.0,Trailing,1.5,2.0,1.75,0.0,0.0,0.0
250.0,Trailing,2.0,2.5,2.25,0.0,0.0,0.0
250.0,Trailing,2.5,3.0,2.75,0.0,0.0,0.0
250.0,Trailing,3.0,3.5,3.25,0.0,0.0,0.0
250.0,Trailing,3.5,4.0,3.75,6.547339e-05,0.0008726003490401388,0.0008726003490401388
250.0,Trailing,4.0,4.5,4.25,0.005041451030000006,0.06719022687609076,0.0680628272251309
250.0,Trailing,4.5,5.0,4.75,0.008053226970000008,0.10732984293193716,0.17539267015706805
250.0,Trailing,5.0,5.5,5.25,0.005041451030000006,0.06719022687609076,0.24258289703315883
250.0,Trailing,5.5,6.0,5.75,0.004452190520000005,0.059336823734729496,0.3019197207678883
250.0,Trailing,6.0,6.5,6.25,0.004452190520000005,0.059336823734729496,0.3612565445026178
250.0,Trailing,6.5,7.0,6.75,0.003928403400000004,0.05235602094240838,0.41361256544502617
250.0,Trailing,7.0,7.5,7.25,0.004386717130000005,0.05846422338568936,0.4720767888307155
250.0,Trailing,7.5,8.0,7.75,0.004452190520000005,0.059336823734729496,0.5314136125654451
250.0,Trailing,8.0,8.5,8.25,0.003077249330000003,0.04101221640488656,0.5724258289703317
250.0,Trailing,8.5,9.0,8.75,0.004124823570000004,0.0549738219895288,0.6273996509598605
250.0,Trailing,9.0,9.5,9.25,0.002618935600000002,0.03490401396160558,0.6623036649214661
250.0,Trailing,9.5,10.0,9.75,0.003273669500000003,0.043630017452006974,0.7059336823734731
250.0,Trailing,10.0,10.5,10.25,0.0034700896700000034,0.046247818499127395,0.7521815008726005
250.0,Trailing,10.5,11.0,10.75,0.003339142890000003,0.04450261780104712,0.7966841186736476
250.0,Trailing,11.0,11.5,11.25,0.003273669500000003,0.043630017452006974,0.8403141361256546
250.0,Trailing,11.5,12.0,11.75,0.0035355630600000035,0.04712041884816753,0.8874345549738222
250.0,Trailing,12.0,12.5,12.25,0.003077249330000003,0.04101221640488656,0.9284467713787088
250.0,Trailing,12.5,13.0,12.75,0.002487988820000002,0.033158813263525294,0.9616055846422341
250.0,Trailing,13.0,13.5,13.25,0.0018987283100000013,0.02530541012216404,0.9869109947643981
250.0,Trailing,13.5,14.0,13.75,0.00052378712,0.00698080279232111,0.9938917975567193
250.0,Trailing,14.0,14.5,14.25,0.00045831372999999997,0.006108202443280971,1.0000000000000002
250.0,Trailing,14.5,15.0,14.75,0.0,0.0,1.0000000000000002
250.0,Trailing,15.0,15.5,15.25,0.0,0.0,1.0000000000000002
250.0,Trailing,15.5,16.0,15.75,0.0,0.0,1.0000000000000002
250.0,Trailing,16.0,16.5,16.25,0.0,0.0,1.0000000000000002
250.0,Trailing,16.5,17.0,16.75,0.0,0.0,1.0000000000000002
250.0,Trailing,17.0,17.5,17.25,0.0,0.0,1.0000000000000002
250.0,Trailing,17.5,18.0,17.75,0.0,0.0,1.0000000000000002
250.0,Trailing,18.0,18.5,18.25,0.0,0.0,1.0000000000000002
250.0,Trailing,18.5,19.0,18.75,0.0,0.0,1.0000000000000002
250.0,Trailing,19.0,19.5,19.25,0.0,0.0,1.0000000000000002
250.0,Trailing,19.5,20.0,19.75,0.0,0.0,1.0000000000000002
250.0,Trailing,20.0,20.5,20.25,0.0,0.0,1.0000000000000002
250.0,Trailing,20.5,21.0,20.75,0.0,0.0,1.0000000000000002
250.0,Trailing,21.0,21.5,21.25,0.0,0.0,1.0000000000000002
250.0,Trailing,21.5,22.0,21.75,0.0,0.0,1.0000000000000002
250.0,Trailing,22.0,22.5,22.25,0.0,0.0,1.0000000000000002
250.0,Trailing,22.5,23.0,22.75,0.0,0.0,1.0000000000000002
250.0,Trailing,23.0,23.5,23.25,0.0,0.0,1.0000000000000002
250.0,Trailing,23.5,24.0,23.75,0.0,0.0,1.0000000000000002
250.0,Trailing,24.0,24.5,24.25,0.0,0.0,1.0000000000000002
250.0,Trailing,24.5,25.0,24.75,0.0,0.0,1.0000000000000002
250.0,Trailing,25.0,25.5,25.25,0.0,0.0,1.0000000000000002
250.0,Trailing,25.5,26.0,25.75,0.0,0.0,1.0000000000000002
250.0,Trailing,26.0,26.5,26.25,0.0,0.0,1.0000000000000002
250.0,Trailing,26.5,27.0,26.75,0.0,0.0,1.0000000000000002
250.0,Trailing,27.0,27.5,27.25,0.0,0.0,1.0000000000000002
250.0,Trailing,27.5,28.0,27.75,0.0,0.0,1.0000000000000002
250.0,Trailing,28.0,28.5,28.25,0.0,0.0,1.0000000000000002
250.0,Trailing,28.5,29.0,28.75,0.0,0.0,1.0000000000000002
250.0,Trailing,29.0,29.5,29.25,0.0,0.0,1.0000000000000002
250.0,Trailing,29.5,30.0,29.75,0.0,0.0,1.0000000000000002
250.0,Trailing,30.0,30.5,30.25,0.0,0.0,1.0000000000000002
250.0,Trailing,30.5,31.0,30.75,0.0,0.0,1.0000000000000002
250.0,Trailing,31.0,31.5,31.25,0.0,0.0,1.0000000000000002
250.0,Trailing,31.5,32.0,31.75,0.0,0.0,1.0000000000000002
250.0,Trailing,32.0,32.5,32.25,0.0,0.0,1.0000000000000002
250.0,Trailing,32.5,33.0,32.75,0.0,0.0,1.0000000000000002
250.0,Trailing,33.0,33.5,33.25,0.0,0.0,1.0000000000000002
250.0,Trailing,33.5,34.0,33.75,0.0,0.0,1.0000000000000002
250.0,Trailing,34.0,34.5,34.25,0.0,0.0,1.0000000000000002
250.0,Trailing,34.5,35.0,34.75,0.0,0.0,1.0000000000000002
250.0,Trailing,35.0,35.5,35.25,0.0,0.0,1.0000000000000002
250.0,Trailing,35.5,36.0,35.75,0.0,0.0,1.0000000000000002
250.0,Trailing,36.0,36.5,36.25,0.0,0.0,1.0000000000000002
250.0,Trailing,36.5,37.0,36.75,0.0,0.0,1.0000000000000002
250.0,Trailing,37.0,37.5,37.25,0.0,0.0,1.0000000000000002
250.0,Trailing,37.5,38.0,37.75,0.0,0.0,1.0000000000000002
250.0,Trailing,38.0,38.5,38.25,0.0,0.0,1.0000000000000002
250.0,Trailing,38.5,39.0,38.75,0.0,0.0,1.0000000000000002
250.0,Trailing,39.0,39.5,39.25,0.0,0.0,1.0000000000000002
250.0,Trailing,39.5,40.0,39.75,0.0,0.0,1.0000000000000002
250.0,Trailing,40.0,40.5,40.25,0.0,0.0,1.0000000000000002
250.0,Trailing,40.5,41.0,40.75,0.0,0.0,1.0000000000000002
250.0,Trailing,41.0,41.5,41.25,0.0,0.0,1.0000000000000002
250.0,Trailing,41.5,42.0,41.75,0.0,0.0,1.0000000000000002
250.0,Trailing,42.0,42.5,42.25,0.0,0.0,1.0000000000000002
250.0,Trailing,42.5,43.0,42.75,0.0,0.0,1.0000000000000002
250.0,Trailing,43.0,43.5,43.25,0.0,0.0,1.0000000000000002
250.0,Trailing,43.5,44.0,43.75,0.0,0.0,1.0000000000000002
250.0,Trailing,44.0,44.5,44.25,0.0,0.0,1.0000000000000002
250.0,Trailing,44.5,45.0,44.75,0.0,0.0,1.0000000000000002
250.0,Trailing,45.0,45.5,45.25,0.0,0.0,1.0000000000000002
250.0,Trailing,45.5,46.0,45.75,0.0,0.0,1.0000000000000002
250.0,Trailing,46.0,46.5,46.25,0.0,0.0,1.0000000000000002
250.0,Trailing,46.5,47.0,46.75,0.0,0.0,1.0000000000000002
250.0,Trailing,47.0,47.5,47.25,0.0,0.0,1.0000000000000002
250.0,Trailing,47.5,48.0,47.75,0.0,0.0,1.0000000000000002
250.0,Trailing,48.0,48.5,48.25,0.0,0.0,1.0000000000000002
250.0,Trailing,48.5,49.0,48.75,0.0,0.0,1.0000000000000002
250.0,Trailing,49.0,49.5,49.25,0.0,0.0,1.0000000000000002
250.0,Trailing,49.5,50.0,49.75,0.0,0.0,1.0000000000000002
250.0,Trailing,50.0,50.5,50.25,0.0,0.0,1.0000000000000002
250.0,Trailing,50.5,51.0,50.75,0.0,0.0,1.0000000000000002
250.0,Trailing,51.0,51.5,51.25,0.0,0.0,1.0000000000000002
250.0,Trailing,51.5,52.0,51.75,0.0,0.0,1.0000000000000002
250.0,Trailing,52.0,52.5,52.25,0.0,0.0,1.0000000000000002
250.0,Trailing,52.5,53.0,52.75,0.0,0.0,1.0000000000000002
250.0,Trailing,53.0,53.5,53.25,0.0,0.0,1.0000000000000002
250.0,Trailing,53.5,54.0,53.75,0.0,0.0,1.0000000000000002
250.0,Trailing,54.0,54.5,54.25,0.0,0.0,1.0000000000000002
250.0,Trailing,54.5,55.0,54.75,0.0,0.0,1.0000000000000002
250.0,Trailing,55.0,55.5,55.25,0.0,0.0,1.0000000000000002
250.0,Trailing,55.5,56.0,55.75,0.0,0.0,1.0000000000000002
250.0,Trailing,56.0,56.5,56.25,0.0,0.0,1.0000000000000002
250.0,Trailing,56.5,57.0,56.75,0.0,0.0,1.0000000000000002
250.0,Trailing,57.0,57.5,57.25,0.0,0.0,1.0000000000000002
250.0,Trailing,57.5,58.0,57.75,0.0,0.0,1.0000000000000002
250.0,Trailing,58.0,58.5,58.25,0.0,0.0,1.0000000000000002
250.0,Trailing,58.5,59.0,58.75,0.0,0.0,1.0000000000000002
250.0,Trailing,59.0,59.5,59.25,0.0,0.0,1.0000000000000002
250.0,Trailing,59.5,60.0,59.75,0.0,0.0,1.0000000000000002
250.0,Trailing,60.0,60.5,60.25,0.0,0.0,1.0000000000000002
250.0,Trailing,60.5,61.0,60.75,0.0,0.0,1.0000000000000002
250.0,Trailing,61.0,61.5,61.25,0.0,0.0,1.0000000000000002
250.0,Trailing,61.5,62.0,61.75,0.0,0.0,1.0000000000000002
250.0,Trailing,62.0,62.5,62.25,0.0,0.0,1.0000000000000002
250.0,Trailing,62.5,63.0,62.75,0.0,0.0,1.0000000000000002
250.0,Trailing,63.0,63.5,63.25,0.0,0.0,1.0000000000000002
250.0,Trailing,63.5,64.0,63.75,0.0,0.0,1.0000000000000002
250.0,Trailing,64.0,64.5,64.25,0.0,0.0,1.0000000000000002
250.0,Trailing,64.5,65.0,64.75,0.0,0.0,1.0000000000000002
250.0,Trailing,65.0,65.5,65.25,0.0,0.0,1.0000000000000002
250.0,Trailing,65.5,66.0,65.75,0.0,0.0,1.0000000000000002
250.0,Trailing,66.0,66.5,66.25,0.0,0.0,1.0000000000000002
250.0,Trailing,66.5,67.0,66.75,0.0,0.0,1.0000000000000002
250.0,Trailing,67.0,67.5,67.25,0.0,0.0,1.0000000000000002
250.0,Trailing,67.5,68.0,67.75,0.0,0.0,1.0000000000000002
250.0,Trailing,68.0,68.5,68.25,0.0,0.0,1.0000000000000002
250.0,Trailing,68.5,69.0,68.75,0.0,0.0,1.0000000000000002
250.0,Trailing,69.0,69.5,69.25,0.0,0.0,1.0000000000000002
250.0,Trailing,69.5,70.0,69.75,0.0,0.0,1.0000000000000002
250.0,Trailing,70.0,70.5,70.25,0.0,0.0,1.0000000000000002
250.0,Trailing,70.5,71.0,70.75,0.0,0.0,1.0000000000000002
250.0,Trailing,71.0,71.5,71.25,0.0,0.0,1.0000000000000002
250.0,Trailing,71.5,72.0,71.75,0.0,0.0,1.0000000000000002
250.0,Trailing,72.0,72.5,72.25,0.0,0.0,1.0000000000000002
250.0,Trailing,72.5,73.0,72.75,0.0,0.0,1.0000000000000002
250.0,Trailing,73.0,73.5,73.25,0.0,0.0,1.0000000000000002
250.0,Trailing,73.5,74.0,73.75,0.0,0.0,1.0000000000000002
250.0,Trailing,74.0,74.5,74.25,0.0,0.0,1.0000000000000002
250.0,Trailing,74.5,75.0,74.75,0.0,0.0,1.0000000000000002
250.0,Trailing,75.0,75.5,75.25,0.0,0.0,1.0000000000000002
250.0,Trailing,75.5,76.0,75.75,0.0,0.0,1.0000000000000002
250.0,Trailing,76.0,76.5,76.25,0.0,0.0,1.0000000000000002
250.0,Trailing,76.5,77.0,76.75,0.0,0.0,1.0000000000000002
250.0,Trailing,77.0,77.5,77.25,0.0,0.0,1.0000000000000002
250.0,Trailing,77.5,78.0,77.75,0.0,0.0,1.0000000000000002
250.0,Trailing,78.0,78.5,78.25,0.0,0.0,1.0000000000000002
250.0,Trailing,78.5,79.0,78.75,0.0,0.0,1.0000000000000002
250.0,Trailing,79.0,79.5,79.25,0.0,0.0,1.0000000000000002
250.0,Trailing,79.5,80.0,79.75,0.0,0.0,1.0000000000000002
250.0,Trailing,80.0,80.5,80.25,0.0,0.0,1.0000000000000002
250.0,Trailing,80.5,81.0,80.75,0.0,0.0,1.0000000000000002
250.0,Trailing,81.0,81.5,81.25,0.0,0.0,1.0000000000000002
250.0,Trailing,81.5,82.0,81.75,0.0,0.0,1.0000000000000002
250.0,Trailing,82.0,82.5,82.25,0.0,0.0,1.0000000000000002
250.0,Trailing,82.5,83.0,82.75,0.0,0.0,1.0000000000000002
250.0,Trailing,83.0,83.5,83.25,0.0,0.0,1.0000000000000002
250.0,Trailing,83.5,84.0,83.75,0.0,0.0,1.0000000000000002
250.0,Trailing,84.0,84.5,84.25,0.0,0.0,1.0000000000000002
250.0,Trailing,84.5,85.0,84.75,0.0,0.0,1.0000000000000002
250.0,Trailing,85.0,85.5,85.25,0.0,0.0,1.0000000000000002
250.0,Trailing,85.5,86.0,85.75,0.0,0.0,1.0000000000000002
250.0,Trailing,86.0,86.5,86.25,0.0,0.0,1.0000000000000002
250.0,Trailing,86.5,87.0,86.75,0.0,0.0,1.0000000000000002
250.0,Trailing,87.0,87.5,87.25,0.0,0.0,1.0000000000000002
250.0,Trailing,87.5,88.0,87.75,0.0,0.0,1.0000000000000002
250.0,Trailing,88.0,88.5,88.25,0.0,0.0,1.0000000000000002
250.0,Trailing,88.5,89.0,88.75,0.0,0.0,1.0000000000000002
250.0,Trailing,89.0,89.5,89.25,0.0,0.0,1.0000000000000002
250.0,Trailing,89.5,90.0,89.75,0.0,0.0,1.0000000000000002
250.0,Anti-Mars,0.0,0.5,0.25,0.0,0.0,0.0
250.0,Anti-Mars,0.5,1.0,0.75,0.0,0.0,0.0
250.0,Anti-Mars,1.0,1.5,1.25,0.0,0.0,0.0
250.0,Anti-Mars,1.5,2.0,1.75,0.0,0.0,0.0
250.0,Anti-Mars,2.0,2.5,2.25,0.0,0.0,0.0
250.0,Anti-Mars,2.5,3.0,2.75,0.0,0.0,0.0
250.0,Anti-Mars,3.0,3.5,3.25,0.0,0.0,0.0
250.0,Anti-Mars,3.5,4.0,3.75,0.0,0.0,0.0
250.0,Anti-Mars,4.0,4.5,4.25,0.0,0.0,0.0
250.0,Anti-Mars,4.5,5.0,4.75,6.547339e-05,0.0007710100231303024,0.0007710100231303024
250.0,Anti-Mars,5.0,5.5,5.25,0.0009166274599999999,0.010794140323824232,0.011565150346954534
250.0,Anti-Mars,5.5,6.0,5.75,0.0013094678,0.015420200462606046,0.02698535080956058
250.0,Anti-Mars,6.0,6.5,6.25,0.01198163036999998,0.1410948342328451,0.16808018504240568
250.0,Anti-Mars,6.5,7.0,6.75,0.011195949689999976,0.1318427139552814,0.2999228989976871
250.0,Anti-Mars,7.0,7.5,7.25,0.012898257829999952,0.151888974556669,0.4518118735543561
250.0,Anti-Mars,7.5,8.0,7.75,0.017677815299999945,0.20817270624518097,0.6599845797995371
250.0,Anti-Mars,8.0,8.5,8.25,0.011654263419999967,0.13723978411719343,0.7972243639167305
250.0,Anti-Mars,8.5,9.0,8.75,0.008838907650000002,0.10408635312259083,0.9013107170393213
250.0,Anti-Mars,9.0,9.5,9.25,0.003797456620000004,0.04471858134155758,0.9460292983808789
250.0,Anti-Mars,9.5,10.0,9.75,0.0022260952600000015,0.0262143407864303,0.9722436391673092
250.0,Anti-Mars,10.0,10.5,10.25,0.001964201700000001,0.023130300693909082,0.9953739398612182
250.0,Anti-Mars,10.5,11.0,10.75,0.00039284034,0.004626060138781814,1.0
250.0,Anti-Mars,11.0,11.5,11.25,0.0,0.0,1.0
250.0,Anti-Mars,11.5,12.0,11.75,0.0,0.0,1.0
250.0,Anti-Mars,12.0,12.5,12.25,0.0,0.0,1.0
250.0,Anti-Mars,12.5,13.0,12.75,0.0,0.0,1.0
250.0,Anti-Mars,13.0,13.5,13.25,0.0,0.0,1.0
250.0,Anti-Mars,13.5,14.0,13.75,0.0,0.0,1.0
250.0,Anti-Mars,14.0,14.5,14.25,0.0,0.0,1.0
250.0,Anti-Mars,14.5,15.0,14.75,0.0,0.0,1.0
250.0,Anti-Mars,15.0,15.5,15.25,0.0,0.0,1.0
250.0,Anti-Mars,15.5,16.0,15.75,0.0,0.0,1.0
250.0,Anti-Mars,16.0,16.5,16.25,0.0,0.0,1.0
250.0,Anti-Mars,16.5,17.0,16.75,0.0,0.0,1.0
250.0,Anti-Mars,17.0,17.5,17.25,0.0,0.0,1.0
250.0,Anti-Mars,17.5,18.0,17.75,0.0,0.0,1.0
250.0,Anti-Mars,18.0,18.5,18.25,0.0,0.0,1.0
250.0,Anti-Mars,18.5,19.0,18.75,0.0,0.0,1.0
250.0,Anti-Mars,19.0,19.5,19.25,0.0,0.0,1.0
250.0,Anti-Mars,19.5,20.0,19.75,0.0,0.0,1.0
250.0,Anti-Mars,20.0,20.5,20.25,0.0,0.0,1.0
250.0,Anti-Mars,20.5,21.0,20.75,0.0,0.0,1.0
250.0,Anti-Mars,21.0,21.5,21.25,0.0,0.0,1.0
250.0,Anti-Mars,21.5,22.0,21.75,0.0,0.0,1.0
250.0,Anti-Mars,22.0,22.5,22.25,0.0,0.0,1.0
250.0,Anti-Mars,22.5,23.0,22.75,0.0,0.0,1.0
250.0,Anti-Mars,23.0,23.5,23.25,0.0,0.0,1.0
250.0,Anti-Mars,23.5,24.0,23.75,0.0,0.0,1.0
250.0,Anti-Mars,24.0,24.5,24.25,0.0,0.0,1.0
250.0,Anti-Mars,24.5,25.0,24.75,0.0,0.0,1.0
250.0,Anti-Mars,25.0,25.5,25.25,0.0,0.0,1.0
250.0,Anti-Mars,25.5,26.0,25.75,0.0,0.0,1.0
250.0,Anti-Mars,26.0,26.5,26.25,0.0,0.0,1.0
250.0,Anti-Mars,26.5,27.0,26.75,0.0,0.0,1.0
250.0,Anti-Mars,27.0,27.5,27.25,0.0,0.0,1.0
250.0,Anti-Mars,27.5,28.0,27.75,0.0,0.0,1.0
250.0,Anti-Mars,28.0,28.5,28.25,0.0,0.0,1.0
250.0,Anti-Mars,28.5,29.0,28.75,0.0,0.0,1.0
250.0,Anti-Mars,29.0,29.5,29.25,0.0,0.0,1.0
250.0,Anti-Mars,29.5,30.0,29.75,0.0,0.0,1.0
250.0,Anti-Mars,30.0,30.5,30.25,0.0,0.0,1.0
250.0,Anti-Mars,30.5,31.0,30.75,0.0,0.0,1.0
250.0,Anti-Mars,31.0,31.5,31.25,0.0,0.0,1.0
250.0,Anti-Mars,31.5,32.0,31.75,0.0,0.0,1.0
250.0,Anti-Mars,32.0,32.5,32.25,0.0,0.0,1.0
250.0,Anti-Mars,32.5,33.0,32.75,0.0,0.0,1.0
250.0,Anti-Mars,33.0,33.5,33.25,0.0,0.0,1.0
250.0,Anti-Mars,33.5,34.0,33.75,0.0,0.0,1.0
250.0,Anti-Mars,34.0,34.5,34.25,0.0,0.0,1.0
250.0,Anti-Mars,34.5,35.0,34.75,0.0,0.0,1.0
250.0,Anti-Mars,35.0,35.5,35.25,0.0,0.0,1.0
250.0,Anti-Mars,35.5,36.0,35.75,0.0,0.0,1.0
250.0,Anti-Mars,36.0,36.5,36.25,0.0,0.0,1.0
250.0,Anti-Mars,36.5,37.0,36.75,0.0,0.0,1.0
250.0,Anti-Mars,37.0,37.5,37.25,0.0,0.0,1.0
250.0,Anti-Mars,37.5,38.0,37.75,0.0,0.0,1.0
250.0,Anti-Mars,38.0,38.5,38.25,0.0,0.0,1.0
250.0,Anti-Mars,38.5,39.0,38.75,0.0,0.0,1.0
250.0,Anti-Mars,39.0,39.5,39.25,0.0,0.0,1.0
250.0,Anti-Mars,39.5,40.0,39.75,0.0,0.0,1.0
250.0,Anti-Mars,40.0,40.5,40.25,0.0,0.0,1.0
250.0,Anti-Mars,40.5,41.0,40.75,0.0,0.0,1.0
250.0,Anti-Mars,41.0,41.5,41.25,0.0,0.0,1.0
250.0,Anti-Mars,41.5,42.0,41.75,0.0,0.0,1.0
250.0,Anti-Mars,42.0,42.5,42.25,0.0,0.0,1.0
250.0,Anti-Mars,42.5,43.0,42.75,0.0,0.0,1.0
250.0,Anti-Mars,43.0,43.5,43.25,0.0,0.0,1.0
250.0,Anti-Mars,43.5,44.0,43.75,0.0,0.0,1.0
250.0,Anti-Mars,44.0,44.5,44.25,0.0,0.0,1.0
250.0,Anti-Mars,44.5,45.0,44.75,0.0,0.0,1.0
250.0,Anti-Mars,45.0,45.5,45.25,0.0,0.0,1.0
250.0,Anti-Mars,45.5,46.0,45.75,0.0,0.0,1.0
250.0,Anti-Mars,46.0,46.5,46.25,0.0,0.0,1.0
250.0,Anti-Mars,46.5,47.0,46.75,0.0,0.0,1.0
250.0,Anti-Mars,47.0,47.5,47.25,0.0,0.0,1.0
250.0,Anti-Mars,47.5,48.0,47.75,0.0,0.0,1.0
250.0,Anti-Mars,48.0,48.5,48.25,0.0,0.0,1.0
250.0,Anti-Mars,48.5,49.0,48.75,0.0,0.0,1.0
250.0,Anti-Mars,49.0,49.5,49.25,0.0,0.0,1.0
250.0,Anti-Mars,49.5,50.0,49.75,0.0,0.0,1.0
250.0,Anti-Mars,50.0,50.5,50.25,0.0,0.0,1.0
250.0,Anti-Mars,50.5,51.0,50.75,0.0,0.0,1.0
250.0,Anti-Mars,51.0,51.5,51.25,0.0,0.0,1.0
250.0,Anti-Mars,51.5,52.0,51.75,0.0,0.0,1.0
250.0,Anti-Mars,52.0,52.5,52.25,0.0,0.0,1.0
250.0,Anti-Mars,52.5,53.0,52.75,0.0,0.0,1.0
250.0,Anti-Mars,53.0,53.5,53.25,0.0,0.0,1.0
250.0,Anti-Mars,53.5,54.0,53.75,0.0,0.0,1.0
250.0,Anti-Mars,54.0,54.5,54.25,0.0,0.0,1.0
250.0,Anti-Mars,54.5,55.0,54.75,0.0,0.0,1.0
250.0,Anti-Mars,55.0,55.5,55.25,0.0,0.0,1.0
250.0,Anti-Mars,55.5,56.0,55.75,0.0,0.0,1.0
250.0,Anti-Mars,56.0,56.5,56.25,0.0,0.0,1.0
250.0,Anti-Mars,56.5,57.0,56.75,0.0,0.0,1.0
250.0,Anti-Mars,57.0,57.5,57.25,0.0,0.0,1.0
250.0,Anti-Mars,57.5,58.0,57.75,0.0,0.0,1.0
250.0,Anti-Mars,58.0,58.5,58.25,0.0,0.0,1.0
250.0,Anti-Mars,58.5,59.0,58.75,0.0,0.0,1.0
250.0,Anti-Mars,59.0,59.5,59.25,0.0,0.0,1.0
250.0,Anti-Mars,59.5,60.0,59.75,0.0,0.0,1.0
250.0,Anti-Mars,60.0,60.5,60.25,0.0,0.0,1.0
250.0,Anti-Mars,60.5,61.0,60.75,0.0,0.0,1.0
250.0,Anti-Mars,61.0,61.5,61.25,0.0,0.0,1.0
250.0,Anti-Mars,61.5,62.0,61.75,0.0,0.0,1.0
250.0,Anti-Mars,62.0,62.5,62.25,0.0,0.0,1.0
250.0,Anti-Mars,62.5,63.0,62.75,0.0,0.0,1.0
250.0,Anti-Mars,63.0,63.5,63.25,0.0,0.0,1.0
250.0,Anti-Mars,63.5,64.0,63.75,0.0,0.0,1.0
250.0,Anti-Mars,64.0,64.5,64.25,0.0,0.0,1.0
250.0,Anti-Mars,64.5,65.0,64.75,0.0,0.0,1.0
250.0,Anti-Mars,65.0,65.5,65.25,0.0,0.0,1.0
250.0,Anti-Mars,65.5,66.0,65.75,0.0,0.0,1.0
250.0,Anti-Mars,66.0,66.5,66.25,0.0,0.0,1.0
250.0,Anti-Mars,66.5,67.0,66.75,0.0,0.0,1.0
250.0,Anti-Mars,67.0,67.5,67.25,0.0,0.0,1.0
250.0,Anti-Mars,67.5,68.0,67.75,0.0,0.0,1.0
250.0,Anti-Mars,68.0,68.5,68.25,0.0,0.0,1.0
250.0,Anti-Mars,68.5,69.0,68.75,0.0,0.0,1.0
250.0,Anti-Mars,69.0,69.5,69.25,0.0,0.0,1.0
250.0,Anti-Mars,69.5,70.0,69.75,0.0,0.0,1.0
250.0,Anti-Mars,70.0,70.5,70.25,0.0,0.0,1.0
250.0,Anti-Mars,70.5,71.0,70.75,0.0,0.0,1.0
250.0,Anti-Mars,71.0,71.5,71.25,0.0,0.0,1.0
250.0,Anti-Mars,71.5,72.0,71.75,0.0,0.0,1.0
250.0,Anti-Mars,72.0,72.5,72.25,0.0,0.0,1.0
250.0,Anti-Mars,72.5,73.0,72.75,0.0,0.0,1.0
250.0,Anti-Mars,73.0,73.5,73.25,0.0,0.0,1.0
250.0,Anti-Mars,73.5,74.0,73.75,0.0,0.0,1.0
250.0,Anti-Mars,74.0,74.5,74.25,0.0,0.0,1.0
250.0,Anti-Mars,74.5,75.0,74.75,0.0,0.0,1.0
250.0,Anti-Mars,75.0,75.5,75.25,0.0,0.0,1.0
250.0,Anti-Mars,75.5,76.0,75.75,0.0,0.0,1.0
250.0,Anti-Mars,76.0,76.5,76.25,0.0,0.0,1.0
250.0,Anti-Mars,76.5,77.0,76.75,0.0,0.0,1.0
250.0,Anti-Mars,77.0,77.5,77.25,0.0,0.0,1.0
250.0,Anti-Mars,77.5,78.0,77.75,0.0,0.0,1.0
250.0,Anti-Mars,78.0,78.5,78.25,0.0,0.0,1.0
250.0,Anti-Mars,78.5,79.0,78.75,0.0,0.0,1.0
250.0,Anti-Mars,79.0,79.5,79.25,0.0,0.0,1.0
250.0,Anti-Mars,79.5,80.0,79.75,0.0,0.0,1.0
250.0,Anti-Mars,80.0,80.5,80.25,0.0,0.0,1.0
250.0,Anti-Mars,80.5,81.0,80.75,0.0,0.0,1.0
250.0,Anti-Mars,81.0,81.5,81.25,0.0,0.0,1.0
250.0,Anti-Mars,81.5,82.0,81.75,0.0,0.0,1.0
250.0,Anti-Mars,82.0,82.5,82.25,0.0,0.0,1.0
250.0,Anti-Mars,82.5,83.0,82.75,0.0,0.0,1.0
250.0,Anti-Mars,83.0,83.5,83.25,0.0,0.0,1.0
250.0,Anti-Mars,83.5,84.0,83.75,0.0,0.0,1.0
250.0,Anti-Mars,84.0,84.5,84.25,0.0,0.0,1.0
250.0,Anti-Mars,84.5,85.0,84.75,0.0,0.0,1.0
250.0,Anti-Mars,85.0,85.5,85.25,0.0,0.0,1.0
250.0,Anti-Mars,85.5,86.0,85.75,0.0,0.0,1.0
250.0,Anti-Mars,86.0,86.5,86.25,0.0,0.0,1.0
250.0,Anti-Mars,86.5,87.0,86.75,0.0,0.0,1.0
250.0,Anti-Mars,87.0,87.5,87.25,0.0,0.0,1.0
250.0,Anti-Mars,87.5,88.0,87.75,0.0,0.0,1.0
250.0,Anti-Mars,88.0,88.5,88.25,0.0,0.0,1.0
250.0,Anti-Mars,88.5,89.0,88.75,0.0,0.0,1.0
250.0,Anti-Mars,89.0,89.5,89.25,0.0,0.0,1.0
250.0,Anti-Mars,89.5,90.0,89.75,0.0,0.0,1.0
500.0,Leading,0.0,0.5,0.25,0.0,0.0,0.0
500.0,Leading,0.5,1.0,0.75,0.0,0.0,0.0
500.0,Leading,1.0,1.5,1.25,0.0,0.0,0.0
500.0,Leading,1.5,2.0,1.75,6.540143e-05,0.0010660980810234535,0.0010660980810234535
500.0,Leading,2.0,2.5,2.25,0.00026160572,0.004264392324093814,0.005330490405117267
500.0,Leading,2.5,3.0,2.75,0.0015696343200000008,0.025586353944562896,0.030916844349680162
500.0,Leading,3.0,3.5,3.25,0.003008465780000003,0.04904051172707891,0.07995735607675908
500.0,Leading,3.5,4.0,3.75,0.003008465780000003,0.04904051172707891,0.12899786780383798
500.0,Leading,4.0,4.5,4.25,0.0025506557700000023,0.041577825159914726,0.17057569296375272
500.0,Leading,4.5,5.0,4.75,0.0027468600600000026,0.044776119402985086,0.2153518123667378
500.0,Leading,5.0,5.5,5.25,0.0021582471900000017,0.03518123667377399,0.2505330490405118
500.0,Leading,5.5,6.0,5.75,0.0026814586300000025,0.04371002132196163,0.29424307036247344
500.0,Leading,6.0,6.5,6.25,0.0021582471900000017,0.03518123667377399,0.3294243070362474
500.0,Leading,6.5,7.0,6.75,0.0032700715000000035,0.05330490405117273,0.38272921108742014
500.0,Leading,7.0,7.5,7.25,0.002419852910000002,0.03944562899786781,0.42217484008528794
500.0,Leading,7.5,8.0,7.75,0.0026160572000000024,0.04264392324093818,0.4648187633262261
500.0,Leading,8.0,8.5,8.25,0.0031392686400000033,0.05117270788912582,0.5159914712153519
500.0,Leading,8.5,9.0,8.75,0.0033354729300000036,0.054371002132196186,0.5703624733475481
500.0,Leading,9.0,9.5,9.25,0.004447297240000002,0.07249466950959486,0.6428571428571429
500.0,Leading,9.5,10.0,9.75,0.004381895810000002,0.07142857142857142,0.7142857142857143
500.0,Leading,10.0,10.5,10.25,0.004643501530000001,0.07569296375266521,0.7899786780383795
500.0,Leading,10.5,11.0,10.75,0.003008465780000003,0.04904051172707891,0.8390191897654584
500.0,Leading,11.0,11.5,11.25,0.0032700715000000035,0.05330490405117273,0.8923240938166311
500.0,Leading,11.5,12.0,11.75,0.006147734419999993,0.10021321961620451,0.9925373134328357
500.0,Leading,12.0,12.5,12.25,0.00045781000999999997,0.007462686567164174,0.9999999999999999
500.0,Leading,12.5,13.0,12.75,0.0,0.0,0.9999999999999999
500.0,Leading,13.0,13.5,13.25,0.0,0.0,0.9999999999999999
500.0,Leading,13.5,14.0,13.75,0.0,0.0,0.9999999999999999
500.0,Leading,14.0,14.5,14.25,0.0,0.0,0.9999999999999999
500.0,Leading,14.5,15.0,14.75,0.0,0.0,0.9999999999999999
500.0,Leading,15.0,15.5,15.25,0.0,0.0,0.9999999999999999
500.0,Leading,15.5,16.0,15.75,0.0,0.0,0.9999999999999999
500.0,Leading,16.0,16.5,16.25,0.0,0.0,0.9999999999999999
500.0,Leading,16.5,17.0,16.75,0.0,0.0,0.9999999999999999
500.0,Leading,17.0,17.5,17.25,0.0,0.0,0.9999999999999999
500.0,Leading,17.5,18.0,17.75,0.0,0.0,0.9999999999999999
500.0,Leading,18.0,18.5,18.25,0.0,0.0,0.9999999999999999
500.0,Leading,18.5,19.0,18.75,0.0,0.0,0.9999999999999999
500.0,Leading,19.0,19.5,19.25,0.0,0.0,0.9999999999999999
500.0,Leading,19.5,20.0,19.75,0.0,0.0,0.9999999999999999
500.0,Leading,20.0,20.5,20.25,0.0,0.0,0.9999999999999999
500.0,Leading,20.5,21.0,20.75,0.0,0.0,0.9999999999999999
500.0,Leading,21.0,21.5,21.25,0.0,0.0,0.9999999999999999
500.0,Leading,21.5,22.0,21.75,0.0,0.0,0.9999999999999999
500.0,Leading,22.0,22.5,22.25,0.0,0.0,0.9999999999999999
500.0,Leading,22.5,23.0,22.75,0.0,0.0,0.9999999999999999
500.0,Leading,23.0,23.5,23.25,0.0,0.0,0.9999999999999999
500.0,Leading,23.5,24.0,23.75,0.0,0.0,0.9999999999999999
500.0,Leading,24.0,24.5,24.25,0.0,0.0,0.9999999999999999
500.0,Leading,24.5,25.0,24.75,0.0,0.0,0.9999999999999999
500.0,Leading,25.0,25.5,25.25,0.0,0.0,0.9999999999999999
500.0,Leading,25.5,26.0,25.75,0.0,0.0,0.9999999999999999
500.0,Leading,26.0,26.5,26.25,0.0,0.0,0.9999999999999999
500.0,Leading,26.5,27.0,26.75,0.0,0.0,0.9999999999999999
500.0,Leading,27.0,27.5,27.25,0.0,0.0,0.9999999999999999
500.0,Leading,27.5,28.0,27.75,0.0,0.0,0.9999999999999999
500.0,Leading,28.0,28.5,28.25,0.0,0.0,0.9999999999999999
500.0,Leading,28.5,29.0,28.75,0.0,0.0,0.9999999999999999
500.0,Leading,29.0,29.5,29.25,0.0,0.0,0.9999999999999999
500.0,Leading,29.5,30.0,29.75,0.0,0.0,0.9999999999999999
500.0,Leading,30.0,30.5,30.25,0.0,0.0,0.9999999999999999
500.0,Leading,30.5,31.0,30.75,0.0,0.0,0.9999999999999999
500.0,Leading,31.0,31.5,31.25,0.0,0.0,0.9999999999999999
500.0,Leading,31.5,32.0,31.75,0.0,0.0,0.9999999999999999
500.0,Leading,32.0,32.5,32.25,0.0,0.0,0.9999999999999999
500.0,Leading,32.5,33.0,32.75,0.0,0.0,0.9999999999999999
500.0,Leading,33.0,33.5,33.25,0.0,0.0,0.9999999999999999
500.0,Leading,33.5,34.0,33.75,0.0,0.0,0.9999999999999999
500.0,Leading,34.0,34.5,34.25,0.0,0.0,0.9999999999999999
500.0,Leading,34.5,35.0,34.75,0.0,0.0,0.9999999999999999
500.0,Leading,35.0,35.5,35.25,0.0,0.0,0.9999999999999999
500.0,Leading,35.5,36.0,35.75,0.0,0.0,0.9999999999999999
500.0,Leading,36.0,36.5,36.25,0.0,0.0,0.9999999999999999
500.0,Leading,36.5,37.0,36.75,0.0,0.0,0.9999999999999999
500.0,Leading,37.0,37.5,37.25,0.0,0.0,0.9999999999999999
500.0,Leading,37.5,38.0,37.75,0.0,0.0,0.9999999999999999
500.0,Leading,38.0,38.5,38.25,0.0,0.0,0.9999999999999999
500.0,Leading,38.5,39.0,38.75,0.0,0.0,0.9999999999999999
500.0,Leading,39.0,39.5,39.25,0.0,0.0,0.9999999999999999
500.0,Leading,39.5,40.0,39.75,0.0,0.0,0.9999999999999999
500.0,Leading,40.0,40.5,40.25,0.0,0.0,0.9999999999999999
500.0,Leading,40.5,41.0,40.75,0.0,0.0,0.9999999999999999
500.0,Leading,41.0,41.5,41.25,0.0,0.0,0.9999999999999999
500.0,Leading,41.5,42.0,41.75,0.0,0.0,0.9999999999999999
500.0,Leading,42.0,42.5,42.25,0.0,0.0,0.9999999999999999
500.0,Leading,42.5,43.0,42.75,0.0,0.0,0.9999999999999999
500.0,Leading,43.0,43.5,43.25,0.0,0.0,0.9999999999999999
500.0,Leading,43.5,44.0,43.75,0.0,0.0,0.9999999999999999
500.0,Leading,44.0,44.5,44.25,0.0,0.0,0.9999999999999999
500.0,Leading,44.5,45.0,44.75,0.0,0.0,0.9999999999999999
500.0,Leading,45.0,45.5,45.25,0.0,0.0,0.9999999999999999
500.0,Leading,45.5,46.0,45.75,0.0,0.0,0.9999999999999999
500.0,Leading,46.0,46.5,46.25,0.0,0.0,0.9999999999999999
500.0,Leading,46.5,47.0,46.75,0.0,0.0,0.9999999999999999
500.0,Leading,47.0,47.5,47.25,0.0,0.0,0.9999999999999999
500.0,Leading,47.5,48.0,47.75,0.0,0.0,0.9999999999999999
500.0,Leading,48.0,48.5,48.25,0.0,0.0,0.9999999999999999
500.0,Leading,48.5,49.0,48.75,0.0,0.0,0.9999999999999999
500.0,Leading,49.0,49.5,49.25,0.0,0.0,0.9999999999999999
500.0,Leading,49.5,50.0,49.75,0.0,0.0,0.9999999999999999
500.0,Leading,50.0,50.5,50.25,0.0,0.0,0.9999999999999999
500.0,Leading,50.5,51.0,50.75,0.0,0.0,0.9999999999999999
500.0,Leading,51.0,51.5,51.25,0.0,0.0,0.9999999999999999
500.0,Leading,51.5,52.0,51.75,0.0,0.0,0.9999999999999999
500.0,Leading,52.0,52.5,52.25,0.0,0.0,0.9999999999999999
500.0,Leading,52.5,53.0,52.75,0.0,0.0,0.9999999999999999
500.0,Leading,53.0,53.5,53.25,0.0,0.0,0.9999999999999999
500.0,Leading,53.5,54.0,53.75,0.0,0.0,0.9999999999999999
500.0,Leading,54.0,54.5,54.25,0.0,0.0,0.9999999999999999
500.0,Leading,54.5,55.0,54.75,0.0,0.0,0.9999999999999999
500.0,Leading,55.0,55.5,55.25,0.0,0.0,0.9999999999999999
500.0,Leading,55.5,56.0,55.75,0.0,0.0,0.9999999999999999
500.0,Leading,56.0,56.5,56.25,0.0,0.0,0.9999999999999999
500.0,Leading,56.5,57.0,56.75,0.0,0.0,0.9999999999999999
500.0,Leading,57.0,57.5,57.25,0.0,0.0,0.9999999999999999
500.0,Leading,57.5,58.0,57.75,0.0,0.0,0.9999999999999999
500.0,Leading,58.0,58.5,58.25,0.0,0.0,0.9999999999999999
500.0,Leading,58.5,59.0,58.75,0.0,0.0,0.9999999999999999
500.0,Leading,59.0,59.5,59.25,0.0,0.0,0.9999999999999999
500.0,Leading,59.5,60.0,59.75,0.0,0.0,0.9999999999999999
500.0,Leading,60.0,60.5,60.25,0.0,0.0,0.9999999999999999
500.0,Leading,60.5,61.0,60.75,0.0,0.0,0.9999999999999999
500.0,Leading,61.0,61.5,61.25,0.0,0.0,0.9999999999999999
500.0,Leading,61.5,62.0,61.75,0.0,0.0,0.9999999999999999
500.0,Leading,62.0,62.5,62.25,0.0,0.0,0.9999999999999999
500.0,Leading,62.5,63.0,62.75,0.0,0.0,0.9999999999999999
500.0,Leading,63.0,63.5,63.25,0.0,0.0,0.9999999999999999
500.0,Leading,63.5,64.0,63.75,0.0,0.0,0.9999999999999999
500.0,Leading,64.0,64.5,64.25,0.0,0.0,0.9999999999999999
500.0,Leading,64.5,65.0,64.75,0.0,0.0,0.9999999999999999
500.0,Leading,65.0,65.5,65.25,0.0,0.0,0.9999999999999999
500.0,Leading,65.5,66.0,65.75,0.0,0.0,0.9999999999999999
500.0,Leading,66.0,66.5,66.25,0.0,0.0,0.9999999999999999
500.0,Leading,66.5,67.0,66.75,0.0,0.0,0.9999999999999999
500.0,Leading,67.0,67.5,67.25,0.0,0.0,0.9999999999999999
500.0,Leading,67.5,68.0,67.75,0.0,0.0,0.9999999999999999
500.0,Leading,68.0,68.5,68.25,0.0,0.0,0.9999999999999999
500.0,Leading,68.5,69.0,68.75,0.0,0.0,0.9999999999999999
500.0,Leading,69.0,69.5,69.25,0.0,0.0,0.9999999999999999
500.0,Leading,69.5,70.0,69.75,0.0,0.0,0.9999999999999999
500.0,Leading,70.0,70.5,70.25,0.0,0.0,0.9999999999999999
500.0,Leading,70.5,71.0,70.75,0.0,0.0,0.9999999999999999
500.0,Leading,71.0,71.5,71.25,0.0,0.0,0.9999999999999999
500.0,Leading,71.5,72.0,71.75,0.0,0.0,0.9999999999999999
500.0,Leading,72.0,72.5,72.25,0.0,0.0,0.9999999999999999
500.0,Leading,72.5,73.0,72.75,0.0,0.0,0.9999999999999999
500.0,Leading,73.0,73.5,73.25,0.0,0.0,0.9999999999999999
500.0,Leading,73.5,74.0,73.75,0.0,0.0,0.9999999999999999
500.0,Leading,74.0,74.5,74.25,0.0,0.0,0.9999999999999999
500.0,Leading,74.5,75.0,74.75,0.0,0.0,0.9999999999999999
500.0,Leading,75.0,75.5,75.25,0.0,0.0,0.9999999999999999
500.0,Leading,75.5,76.0,75.75,0.0,0.0,0.9999999999999999
500.0,Leading,76.0,76.5,76.25,0.0,0.0,0.9999999999999999
500.0,Leading,76.5,77.0,76.75,0.0,0.0,0.9999999999999999
500.0,Leading,77.0,77.5,77.25,0.0,0.0,0.9999999999999999
500.0,Leading,77.5,78.0,77.75,0.0,0.0,0.9999999999999999
500.0,Leading,78.0,78.5,78.25,0.0,0.0,0.9999999999999999
500.0,Leading,78.5,79.0,78.75,0.0,0.0,0.9999999999999999
500.0,Leading,79.0,79.5,79.25,0.0,0.0,0.9999999999999999
500.0,Leading,79.5,80.0,79.75,0.0,0.0,0.9999999999999999
500.0,Leading,80.0,80.5,80.25,0.0,0.0,0.9999999999999999
500.0,Leading,80.5,81.0,80.75,0.0,0.0,0.9999999999999999
500.0,Leading,81.0,81.5,81.25,0.0,0.0,0.9999999999999999
500.0,Leading,81.5,82.0,81.75,0.0,0.0,0.9999999999999999
500.0,Leading,82.0,82.5,82.25,0.0,0.0,0.9999999999999999
500.0,Leading,82.5,83.0,82.75,0.0,0.0,0.9999999999999999
500.0,Leading,83.0,83.5,83.25,0.0,0.0,0.9999999999999999
500.0,Leading,83.5,84.0,83.75,0.0,0.0,0.9999999999999999
500.0,Leading,84.0,84.5,84.25,0.0,0.0,0.9999999999999999
500.0,Leading,84.5,85.0,84.75,0.0,0.0,0.9999999999999999
500.0,Leading,85.0,85.5,85.25,0.0,0.0,0.9999999999999999
500.0,Leading,85.5,86.0,85.75,0.0,0.0,0.9999999999999999
500.0,Leading,86.0,86.5,86.25,0.0,0.0,0.9999999999999999
500.0,Leading,86.5,87.0,86.75,0.0,0.0,0.9999999999999999
500.0,Leading,87.0,87.5,87.25,0.0,0.0,0.9999999999999999
500.0,Leading,87.5,88.0,87.75,0.0,0.0,0.9999999999999999
500.0,Leading,88.0,88.5,88.25,0.0,0.0,0.9999999999999999
500.0,Leading,88.5,89.0,88.75,0.0,0.0,0.9999999999999999
500.0,Leading,89.0,89.5,89.25,0.0,0.0,0.9999999999999999
500.0,Leading,89.5,90.0,89.75,0.0,0.0,0.9999999999999999
500.0,Sub-Mars,0.0,0.5,0.25,0.0,0.0,0.0
500.0,Sub-Mars,0.5,1.0,0.75,6.540143e-05,0.0008741258741258737,0.0008741258741258737
500.0,Sub-Mars,1.0,1.5,1.25,0.003073867210000003,0.04108391608391611,0.04195804195804198
500.0,Sub-Mars,1.5,2.0,1.75,0.0033354729300000036,0.04458041958041961,0.08653846153846159
500.0,Sub-Mars,2.0,2.5,2.25,0.0039240858000000045,0.05244755244755248,0.13898601398601407
500.0,Sub-Mars,2.5,3.0,2.75,0.0039240858000000045,0.05244755244755248,0.19143356643356654
500.0,Sub-Mars,3.0,3.5,3.25,0.005624522979999996,0.07517482517482509,0.2666083916083916
500.0,Sub-Mars,3.5,4.0,3.75,0.005951530129999994,0.07954545454545443,0.34615384615384603
500.0,Sub-Mars,4.0,4.5,4.25,0.004251092950000003,0.05681818181818183,0.40297202797202786
500.0,Sub-Mars,4.5,5.0,4.75,0.003073867210000003,0.04108391608391611,0.44405594405594395
500.0,Sub-Mars,5.0,5.5,5.25,0.002354451480000002,0.03146853146853148,0.4755244755244754
500.0,Sub-Mars,5.5,6.0,5.75,0.0018966414700000013,0.025349650349650355,0.5008741258741257
500.0,Sub-Mars,6.0,6.5,6.25,0.0020274443300000015,0.027097902097902107,0.5279720279720278
500.0,Sub-Mars,6.5,7.0,6.75,0.0014388314600000006,0.01923076923076923,0.5472027972027971
500.0,Sub-Mars,7.0,7.5,7.25,0.0020928457600000016,0.027972027972027982,0.5751748251748251
500.0,Sub-Mars,7.5,8.0,7.75,0.0013734300300000005,0.018356643356643356,0.5935314685314684
500.0,Sub-Mars,8.0,8.5,8.25,0.002223648620000002,0.02972027972027973,0.6232517482517481
500.0,Sub-Mars,8.5,9.0,8.75,0.0013734300300000005,0.018356643356643356,0.6416083916083914
500.0,Sub-Mars,9.0,9.5,9.25,0.002289050050000002,0.030594405594405606,0.6722027972027971
500.0,Sub-Mars,9.5,10.0,9.75,0.0019620429000000014,0.02622377622377623,0.6984265734265733
500.0,Sub-Mars,10.0,10.5,10.25,0.002354451480000002,0.03146853146853148,0.7298951048951048
500.0,Sub-Mars,10.5,11.0,10.75,0.0028122614900000027,0.037587412587412605,0.7674825174825174
500.0,Sub-Mars,11.0,11.5,11.25,0.0016350357500000009,0.021853146853146856,0.7893356643356643
500.0,Sub-Mars,11.5,12.0,11.75,0.004447297240000002,0.05944055944055944,0.8487762237762237
500.0,Sub-Mars,12.0,12.5,12.25,0.003597078650000004,0.04807692307692311,0.8968531468531469
500.0,Sub-Mars,12.5,13.0,12.75,0.003073867210000003,0.04108391608391611,0.937937062937063
500.0,Sub-Mars,13.0,13.5,13.25,0.0034662757900000038,0.046328671328671356,0.9842657342657344
500.0,Sub-Mars,13.5,14.0,13.75,0.0011772257400000001,0.01573426573426573,1.0
500.0,Sub-Mars,14.0,14.5,14.25,0.0,0.0,1.0
500.0,Sub-Mars,14.5,15.0,14.75,0.0,0.0,1.0
500.0,Sub-Mars,15.0,15.5,15.25,0.0,0.0,1.0
500.0,Sub-Mars,15.5,16.0,15.75,0.0,0.0,1.0
500.0,Sub-Mars,16.0,16.5,16.25,0.0,0.0,1.0
500.0,Sub-Mars,16.5,17.0,16.75,0.0,0.0,1.0
500.0,Sub-Mars,17.0,17.5,17.25,0.0,0.0,1.0
500.0,Sub-Mars,17.5,18.0,17.75,0.0,0.0,1.0
500.0,Sub-Mars,18.0,18.5,18.25,0.0,0.0,1.0
500.0,Sub-Mars,18.5,19.0,18.75,0.0,0.0,1.0
500.0,Sub-Mars,19.0,19.5,19.25,0.0,0.0,1.0
500.0,Sub-Mars,19.5,20.0,19.75,0.0,0.0,1.0
500.0,Sub-Mars,20.0,20.5,20.25,0.0,0.0,1.0
500.0,Sub-Mars,20.5,21.0,20.75,0.0,0.0,1.0
500.0,Sub-Mars,21.0,21.5,21.25,0.0,0.0,1.0
500.0,Sub-Mars,21.5,22.0,21.75,0.0,0.0,1.0
500.0,Sub-Mars,22.0,22.5,22.25,0.0,0.0,1.0
500.0,Sub-Mars,22.5,23.0,22.75,0.0,0.0,1.0
500.0,Sub-Mars,23.0,23.5,23.25,0.0,0.0,1.0
500.0,Sub-Mars,23.5,24.0,23.75,0.0,0.0,1.0
500.0,Sub-Mars,24.0,24.5,24.25,0.0,0.0,1.0
500.0,Sub-Mars,24.5,25.0,24.75,0.0,0.0,1.0
500.0,Sub-Mars,25.0,25.5,25.25,0.0,0.0,1.0
500.0,Sub-Mars,25.5,26.0,25.75,0.0,0.0,1.0
500.0,Sub-Mars,26.0,26.5,26.25,0.0,0.0,1.0
500.0,Sub-Mars,26.5,27.0,26.75,0.0,0.0,1.0
500.0,Sub-Mars,27.0,27.5,27.25,0.0,0.0,1.0
500.0,Sub-Mars,27.5,28.0,27.75,0.0,0.0,1.0
500.0,Sub-Mars,28.0,28.5,28.25,0.0,0.0,1.0
500.0,Sub-Mars,28.5,29.0,28.75,0.0,0.0,1.0
500.0,Sub-Mars,29.0,29.5,29.25,0.0,0.0,1.0
500.0,Sub-Mars,29.5,30.0,29.75,0.0,0.0,1.0
500.0,Sub-Mars,30.0,30.5,30.25,0.0,0.0,1.0
500.0,Sub-Mars,30.5,31.0,30.75,0.0,0.0,1.0
500.0,Sub-Mars,31.0,31.5,31.25,0.0,0.0,1.0
500.0,Sub-Mars,31.5,32.0,31.75,0.0,0.0,1.0
500.0,Sub-Mars,32.0,32.5,32.25,0.0,0.0,1.0
500.0,Sub-Mars,32.5,33.0,32.75,0.0,0.0,1.0
500.0,Sub-Mars,33.0,33.5,33.25,0.0,0.0,1.0
500.0,Sub-Mars,33.5,34.0,33.75,0.0,0.0,1.0
500.0,Sub-Mars,34.0,34.5,34.25,0.0,0.0,1.0
500.0,Sub-Mars,34.5,35.0,34.75,0.0,0.0,1.0
500.0,Sub-Mars,35.0,35.5,35.25,0.0,0.0,1.0
500.0,Sub-Mars,35.5,36.0,35.75,0.0,0.0,1.0
500.0,Sub-Mars,36.0,36.5,36.25,0.0,0.0,1.0
500.0,Sub-Mars,36.5,37.0,36.75,0.0,0.0,1.0
500.0,Sub-Mars,37.0,37.5,37.25,0.0,0.0,1.0
500.0,Sub-Mars,37.5,38.0,37.75,0.0,0.0,1.0
500.0,Sub-Mars,38.0,38.5,38.25,0.0,0.0,1.0
500.0,Sub-Mars,38.5,39.0,38.75,0.0,0.0,1.0
500.0,Sub-Mars,39.0,39.5,39.25,0.0,0.0,1.0
500.0,Sub-Mars,39.5,40.0,39.75,0.0,0.0,1.0
500.0,Sub-Mars,40.0,40.5,40.25,0.0,0.0,1.0
500.0,Sub-Mars,40.5,41.0,40.75,0.0,0.0,1.0
500.0,Sub-Mars,41.0,41.5,41.25,0.0,0.0,1.0
500.0,Sub-Mars,41.5,42.0,41.75,0.0,0.0,1.0
500.0,Sub-Mars,42.0,42.5,42.25,0.0,0.0,1.0
500.0,Sub-Mars,42.5,43.0,42.75,0.0,0.0,1.0
500.0,Sub-Mars,43.0,43.5,43.25,0.0,0.0,1.0
500.0,Sub-Mars,43.5,44.0,43.75,0.0,0.0,1.0
500.0,Sub-Mars,44.0,44.5,44.25,0.0,0.0,1.0
500.0,Sub-Mars,44.5,45.0,44.75,0.0,0.0,1.0
500.0,Sub-Mars,45.0,45.5,45.25,0.0,0.0,1.0
500.0,Sub-Mars,45.5,46.0,45.75,0.0,0.0,1.0
500.0,Sub-Mars,46.0,46.5,46.25,0.0,0.0,1.0
500.0,Sub-Mars,46.5,47.0,46.75,0.0,0.0,1.0
500.0,Sub-Mars,47.0,47.5,47.25,0.0,0.0,1.0
500.0,Sub-Mars,47.5,48.0,47.75,0.0,0.0,1.0
500.0,Sub-Mars,48.0,48.5,48.25,0.0,0.0,1.0
500.0,Sub-Mars,48.5,49.0,48.75,0.0,0.0,1.0
500.0,Sub-Mars,49.0,49.5,49.25,0.0,0.0,1.0
500.0,Sub-Mars,49.5,50.0,49.75,0.0,0.0,1.0
500.0,Sub-Mars,50.0,50.5,50.25,0.0,0.0,1.0
500.0,Sub-Mars,50.5,51.0,50.75,0.0,0.0,1.0
500.0,Sub-Mars,51.0,51.5,51.25,0.0,0.0,1.0
500.0,Sub-Mars,51.5,52.0,51.75,0.0,0.0,1.0
500.0,Sub-Mars,52.0,52.5,52.25,0.0,0.0,1.0
500.0,Sub-Mars,52.5,53.0,52.75,0.0,0.0,1.0
500.0,Sub-Mars,53.0,53.5,53.25,0.0,0.0,1.0
500.0,Sub-Mars,53.5,54.0,53.75,0.0,0.0,1.0
500.0,Sub-Mars,54.0,54.5,54.25,0.0,0.0,1.0
500.0,Sub-Mars,54.5,55.0,54.75,0.0,0.0,1.0
500.0,Sub-Mars,55.0,55.5,55.25,0.0,0.0,1.0
500.0,Sub-Mars,55.5,56.0,55.75,0.0,0.0,1.0
500.0,Sub-Mars,56.0,56.5,56.25,0.0,0.0,1.0
500.0,Sub-Mars,56.5,57.0,56.75,0.0,0.0,1.0
500.0,Sub-Mars,57.0,57.5,57.25,0.0,0.0,1.0
500.0,Sub-Mars,57.5,58.0,57.75,0.0,0.0,1.0
500.0,Sub-Mars,58.0,58.5,58.25,0.0,0.0,1.0
500.0,Sub-Mars,58.5,59.0,58.75,0.0,0.0,1.0
500.0,Sub-Mars,59.0,59.5,59.25,0.0,0.0,1.0
500.0,Sub-Mars,59.5,60.0,59.75,0.0,0.0,1.0
500.0,Sub-Mars,60.0,60.5,60.25,0.0,0.0,1.0
500.0,Sub-Mars,60.5,61.0,60.75,0.0,0.0,1.0
500.0,Sub-Mars,61.0,61.5,61.25,0.0,0.0,1.0
500.0,Sub-Mars,61.5,62.0,61.75,0.0,0.0,1.0
500.0,Sub-Mars,62.0,62.5,62.25,0.0,0.0,1.0
500.0,Sub-Mars,62.5,63.0,62.75,0.0,0.0,1.0
500.0,Sub-Mars,63.0,63.5,63.25,0.0,0.0,1.0
500.0,Sub-Mars,63.5,64.0,63.75,0.0,0.0,1.0
500.0,Sub-Mars,64.0,64.5,64.25,0.0,0.0,1.0
500.0,Sub-Mars,64.5,65.0,64.75,0.0,0.0,1.0
500.0,Sub-Mars,65.0,65.5,65.25,0.0,0.0,1.0
500.0,Sub-Mars,65.5,66.0,65.75,0.0,0.0,1.0
500.0,Sub-Mars,66.0,66.5,66.25,0.0,0.0,1.0
500.0,Sub-Mars,66.5,67.0,66.75,0.0,0.0,1.0
500.0,Sub-Mars,67.0,67.5,67.25,0.0,0.0,1.0
500.0,Sub-Mars,67.5,68.0,67.75,0.0,0.0,1.0
500.0,Sub-Mars,68.0,68.5,68.25,0.0,0.0,1.0
500.0,Sub-Mars,68.5,69.0,68.75,0.0,0.0,1.0
500.0,Sub-Mars,69.0,69.5,69.25,0.0,0.0,1.0
500.0,Sub-Mars,69.5,70.0,69.75,0.0,0.0,1.0
500.0,Sub-Mars,70.0,70.5,70.25,0.0,0.0,1.0
500.0,Sub-Mars,70.5,71.0,70.75,0.0,0.0,1.0
500.0,Sub-Mars,71.0,71.5,71.25,0.0,0.0,1.0
500.0,Sub-Mars,71.5,72.0,71.75,0.0,0.0,1.0
500.0,Sub-Mars,72.0,72.5,72.25,0.0,0.0,1.0
500.0,Sub-Mars,72.5,73.0,72.75,0.0,0.0,1.0
500.0,Sub-Mars,73.0,73.5,73.25,0.0,0.0,1.0
500.0,Sub-Mars,73.5,74.0,73.75,0.0,0.0,1.0
500.0,Sub-Mars,74.0,74.5,74.25,0.0,0.0,1.0
500.0,Sub-Mars,74.5,75.0,74.75,0.0,0.0,1.0
500.0,Sub-Mars,75.0,75.5,75.25,0.0,0.0,1.0
500.0,Sub-Mars,75.5,76.0,75.75,0.0,0.0,1.0
500.0,Sub-Mars,76.0,76.5,76.25,0.0,0.0,1.0
500.0,Sub-Mars,76.5,77.0,76.75,0.0,0.0,1.0
500.0,Sub-Mars,77.0,77.5,77.25,0.0,0.0,1.0
500.0,Sub-Mars,77.5,78.0,77.75,0.0,0.0,1.0
500.0,Sub-Mars,78.0,78.5,78.25,0.0,0.0,1.0
500.0,Sub-Mars,78.5,79.0,78.75,0.0,0.0,1.0
500.0,Sub-Mars,79.0,79.5,79.25,0.0,0.0,1.0
500.0,Sub-Mars,79.5,80.0,79.75,0.0,0.0,1.0
500.0,Sub-Mars,80.0,80.5,80.25,0.0,0.0,1.0
500.0,Sub-Mars,80.5,81.0,80.75,0.0,0.0,1.0
500.0,Sub-Mars,81.0,81.5,81.25,0.0,0.0,1.0
500.0,Sub-Mars,81.5,82.0,81.75,0.0,0.0,1.0
500.0,Sub-Mars,82.0,82.5,82.25,0.0,0.0,1.0
500.0,Sub-Mars,82.5,83.0,82.75,0.0,0.0,1.0
500.0,Sub-Mars,83.0,83.5,83.25,0.0,0.0,1.0
500.0,Sub-Mars,83.5,84.0,83.75,0.0,0.0,1.0
500.0,Sub-Mars,84.0,84.5,84.25,0.0,0.0,1.0
500.0,Sub-Mars,84.5,85.0,84.75,0.0,0.0,1.0
500.0,Sub-Mars,85.0,85.5,85.25,0.0,0.0,1.0
500.0,Sub-Mars,85.5,86.0,85.75,0.0,0.0,1.0
500.0,Sub-Mars,86.0,86.5,86.25,0.0,0.0,1.0
500.0,Sub-Mars,86.5,87.0,86.75,0.0,0.0,1.0
500.0,Sub-Mars,87.0,87.5,87.25,0.0,0.0,1.0
500.0,Sub-Mars,87.5,88.0,87.75,0.0,0.0,1.0
500.0,Sub-Mars,88.0,88.5,88.25,0.0,0.0,1.0
500.0,Sub-Mars,88.5,89.0,88.75,0.0,0.0,1.0
500.0,Sub-Mars,89.0,89.5,89.25,0.0,0.0,1.0
500.0,Sub-Mars,89.5,90.0,89.75,0.0,0.0,1.0
500.0,Trailing,0.0,0.5,0.25,0.0,0.0,0.0
500.0,Trailing,0.5,1.0,0.75,0.0,0.0,0.0
500.0,Trailing,1.0,1.5,1.25,0.0,0.0,0.0
500.0,Trailing,1.5,2.0,1.75,0.0,0.0,0.0
500.0,Trailing,2.0,2.5,2.25,0.0,0.0,0.0
500.0,Trailing,2.5,3.0,2.75,0.0,0.0,0.0
500.0,Trailing,3.0,3.5,3.25,0.0,0.0,0.0
500.0,Trailing,3.5,4.0,3.75,0.0,0.0,0.0
500.0,Trailing,4.0,4.5,4.25,0.0,0.0,0.0
500.0,Trailing,4.5,5.0,4.75,0.00058861287,0.007853403141361258,0.007853403141361258
500.0,Trailing,5.0,5.5,5.25,0.004447297240000002,0.05933682373472954,0.0671902268760908
500.0,Trailing,5.5,6.0,5.75,0.005951530129999994,0.07940663176265265,0.14659685863874344
500.0,Trailing,6.0,6.5,6.25,0.005951530129999994,0.07940663176265265,0.2260034904013961
500.0,Trailing,6.5,7.0,6.75,0.005755325839999995,0.07678883071553225,0.30279232111692833
500.0,Trailing,7.0,7.5,7.25,0.005886128699999995,0.07853403141361252,0.38132635253054087
500.0,Trailing,7.5,8.0,7.75,0.005689924409999996,0.07591623036649212,0.457242582897033
500.0,Trailing,8.0,8.5,8.25,0.005428318689999997,0.07242582897033156,0.5296684118673646
500.0,Trailing,8.5,9.0,8.75,0.004970508679999999,0.06631762652705062,0.5959860383944152
500.0,Trailing,9.0,9.5,9.25,0.004643501530000001,0.061954624781849946,0.6579406631762652
500.0,Trailing,9.5,10.0,9.75,0.005297515829999998,0.0706806282722513,0.7286212914485165
500.0,Trailing,10.0,10.5,10.25,0.005101311539999999,0.06806282722513089,0.7966841186736474
500.0,Trailing,10.5,11.0,10.75,0.0034662757900000038,0.046247818499127465,0.8429319371727749
500.0,Trailing,11.0,11.5,11.25,0.002943064350000003,0.03926701570680633,0.8821989528795813
500.0,Trailing,11.5,12.0,11.75,0.002223648620000002,0.02966841186736478,0.9118673647469461
500.0,Trailing,12.0,12.5,12.25,0.0025506557700000023,0.03403141361256549,0.9458987783595115
500.0,Trailing,12.5,13.0,12.75,0.0015696343200000008,0.020942408376963366,0.9668411867364749
500.0,Trailing,13.0,13.5,13.25,0.0016350357500000009,0.021815008726003508,0.9886561954624784
500.0,Trailing,13.5,14.0,13.75,0.00058861287,0.007853403141361258,0.9965095986038397
500.0,Trailing,14.0,14.5,14.25,0.00026160572,0.0034904013961605594,1.0000000000000002
500.0,Trailing,14.5,15.0,14.75,0.0,0.0,1.0000000000000002
500.0,Trailing,15.0,15.5,15.25,0.0,0.0,1.0000000000000002
500.0,Trailing,15.5,16.0,15.75,0.0,0.0,1.0000000000000002
500.0,Trailing,16.0,16.5,16.25,0.0,0.0,1.0000000000000002
500.0,Trailing,16.5,17.0,16.75,0.0,0.0,1.0000000000000002
500.0,Trailing,17.0,17.5,17.25,0.0,0.0,1.0000000000000002
500.0,Trailing,17.5,18.0,17.75,0.0,0.0,1.0000000000000002
500.0,Trailing,18.0,18.5,18.25,0.0,0.0,1.0000000000000002
500.0,Trailing,18.5,19.0,18.75,0.0,0.0,1.0000000000000002
500.0,Trailing,19.0,19.5,19.25,0.0,0.0,1.0000000000000002
500.0,Trailing,19.5,20.0,19.75,0.0,0.0,1.0000000000000002
500.0,Trailing,20.0,20.5,20.25,0.0,0.0,1.0000000000000002
500.0,Trailing,20.5,21.0,20.75,0.0,0.0,1.0000000000000002
500.0,Trailing,21.0,21.5,21.25,0.0,0.0,1.0000000000000002
500.0,Trailing,21.5,22.0,21.75,0.0,0.0,1.0000000000000002
500.0,Trailing,22.0,22.5,22.25,0.0,0.0,1.0000000000000002
500.0,Trailing,22.5,23.0,22.75,0.0,0.0,1.0000000000000002
500.0,Trailing,23.0,23.5,23.25,0.0,0.0,1.0000000000000002
500.0,Trailing,23.5,24.0,23.75,0.0,0.0,1.0000000000000002
500.0,Trailing,24.0,24.5,24.25,0.0,0.0,1.0000000000000002
500.0,Trailing,24.5,25.0,24.75,0.0,0.0,1.0000000000000002
500.0,Trailing,25.0,25.5,25.25,0.0,0.0,1.0000000000000002
500.0,Trailing,25.5,26.0,25.75,0.0,0.0,1.0000000000000002
500.0,Trailing,26.0,26.5,26.25,0.0,0.0,1.0000000000000002
500.0,Trailing,26.5,27.0,26.75,0.0,0.0,1.0000000000000002
500.0,Trailing,27.0,27.5,27.25,0.0,0.0,1.0000000000000002
500.0,Trailing,27.5,28.0,27.75,0.0,0.0,1.0000000000000002
500.0,Trailing,28.0,28.5,28.25,0.0,0.0,1.0000000000000002
500.0,Trailing,28.5,29.0,28.75,0.0,0.0,1.0000000000000002
500.0,Trailing,29.0,29.5,29.25,0.0,0.0,1.0000000000000002
500.0,Trailing,29.5,30.0,29.75,0.0,0.0,1.0000000000000002
500.0,Trailing,30.0,30.5,30.25,0.0,0.0,1.0000000000000002
500.0,Trailing,30.5,31.0,30.75,0.0,0.0,1.0000000000000002
500.0,Trailing,31.0,31.5,31.25,0.0,0.0,1.0000000000000002
500.0,Trailing,31.5,32.0,31.75,0.0,0.0,1.0000000000000002
500.0,Trailing,32.0,32.5,32.25,0.0,0.0,1.0000000000000002
500.0,Trailing,32.5,33.0,32.75,0.0,0.0,1.0000000000000002
500.0,Trailing,33.0,33.5,33.25,0.0,0.0,1.0000000000000002
500.0,Trailing,33.5,34.0,33.75,0.0,0.0,1.0000000000000002
500.0,Trailing,34.0,34.5,34.25,0.0,0.0,1.0000000000000002
500.0,Trailing,34.5,35.0,34.75,0.0,0.0,1.0000000000000002
500.0,Trailing,35.0,35.5,35.25,0.0,0.0,1.0000000000000002
500.0,Trailing,35.5,36.0,35.75,0.0,0.0,1.0000000000000002
500.0,Trailing,36.0,36.5,36.25,0.0,0.0,1.0000000000000002
500.0,Trailing,36.5,37.0,36.75,0.0,0.0,1.0000000000000002
500.0,Trailing,37.0,37.5,37.25,0.0,0.0,1.0000000000000002
500.0,Trailing,37.5,38.0,37.75,0.0,0.0,1.0000000000000002
500.0,Trailing,38.0,38.5,38.25,0.0,0.0,1.0000000000000002
500.0,Trailing,38.5,39.0,38.75,0.0,0.0,1.0000000000000002
500.0,Trailing,39.0,39.5,39.25,0.0,0.0,1.0000000000000002
500.0,Trailing,39.5,40.0,39.75,0.0,0.0,1.0000000000000002
500.0,Trailing,40.0,40.5,40.25,0.0,0.0,1.0000000000000002
500.0,Trailing,40.5,41.0,40.75,0.0,0.0,1.0000000000000002
500.0,Trailing,41.0,41.5,41.25,0.0,0.0,1.0000000000000002
500.0,Trailing,41.5,42.0,41.75,0.0,0.0,1.0000000000000002
500.0,Trailing,42.0,42.5,42.25,0.0,0.0,1.0000000000000002
500.0,Trailing,42.5,43.0,42.75,0.0,0.0,1.0000000000000002
500.0,Trailing,43.0,43.5,43.25,0.0,0.0,1.0000000000000002
500.0,Trailing,43.5,44.0,43.75,0.0,0.0,1.0000000000000002
500.0,Trailing,44.0,44.5,44.25,0.0,0.0,1.0000000000000002
500.0,Trailing,44.5,45.0,44.75,0.0,0.0,1.0000000000000002
500.0,Trailing,45.0,45.5,45.25,0.0,0.0,1.0000000000000002
500.0,Trailing,45.5,46.0,45.75,0.0,0.0,1.0000000000000002
500.0,Trailing,46.0,46.5,46.25,0.0,0.0,1.0000000000000002
500.0,Trailing,46.5,47.0,46.75,0.0,0.0,1.0000000000000002
500.0,Trailing,47.0,47.5,47.25,0.0,0.0,1.0000000000000002
500.0,Trailing,47.5,48.0,47.75,0.0,0.0,1.0000000000000002
500.0,Trailing,48.0,48.5,48.25,0.0,0.0,1.0000000000000002
500.0,Trailing,48.5,49.0,48.75,0.0,0.0,1.0000000000000002
500.0,Trailing,49.0,49.5,49.25,0.0,0.0,1.0000000000000002
500.0,Trailing,49.5,50.0,49.75,0.0,0.0,1.0000000000000002
500.0,Trailing,50.0,50.5,50.25,0.0,0.0,1.0000000000000002
500.0,Trailing,50.5,51.0,50.75,0.0,0.0,1.0000000000000002
500.0,Trailing,51.0,51.5,51.25,0.0,0.0,1.0000000000000002
500.0,Trailing,51.5,52.0,51.75,0.0,0.0,1.0000000000000002
500.0,Trailing,52.0,52.5,52.25,0.0,0.0,1.0000000000000002
500.0,Trailing,52.5,53.0,52.75,0.0,0.0,1.0000000000000002
500.0,Trailing,53.0,53.5,53.25,0.0,0.0,1.0000000000000002
500.0,Trailing,53.5,54.0,53.75,0.0,0.0,1.0000000000000002
500.0,Trailing,54.0,54.5,54.25,0.0,0.0,1.0000000000000002
500.0,Trailing,54.5,55.0,54.75,0.0,0.0,1.0000000000000002
500.0,Trailing,55.0,55.5,55.25,0.0,0.0,1.0000000000000002
500.0,Trailing,55.5,56.0,55.75,0.0,0.0,1.0000000000000002
500.0,Trailing,56.0,56.5,56.25,0.0,0.0,1.0000000000000002
500.0,Trailing,56.5,57.0,56.75,0.0,0.0,1.0000000000000002
500.0,Trailing,57.0,57.5,57.25,0.0,0.0,1.0000000000000002
500.0,Trailing,57.5,58.0,57.75,0.0,0.0,1.0000000000000002
500.0,Trailing,58.0,58.5,58.25,0.0,0.0,1.0000000000000002
500.0,Trailing,58.5,59.0,58.75,0.0,0.0,1.0000000000000002
500.0,Trailing,59.0,59.5,59.25,0.0,0.0,1.0000000000000002
500.0,Trailing,59.5,60.0,59.75,0.0,0.0,1.0000000000000002
500.0,Trailing,60.0,60.5,60.25,0.0,0.0,1.0000000000000002
500.0,Trailing,60.5,61.0,60.75,0.0,0.0,1.0000000000000002
500.0,Trailing,61.0,61.5,61.25,0.0,0.0,1.0000000000000002
500.0,Trailing,61.5,62.0,61.75,0.0,0.0,1.0000000000000002
500.0,Trailing,62.0,62.5,62.25,0.0,0.0,1.0000000000000002
500.0,Trailing,62.5,63.0,62.75,0.0,0.0,1.0000000000000002
500.0,Trailing,63.0,63.5,63.25,0.0,0.0,1.0000000000000002
500.0,Trailing,63.5,64.0,63.75,0.0,0.0,1.0000000000000002
500.0,Trailing,64.0,64.5,64.25,0.0,0.0,1.0000000000000002
500.0,Trailing,64.5,65.0,64.75,0.0,0.0,1.0000000000000002
500.0,Trailing,65.0,65.5,65.25,0.0,0.0,1.0000000000000002
500.0,Trailing,65.5,66.0,65.75,0.0,0.0,1.0000000000000002
500.0,Trailing,66.0,66.5,66.25,0.0,0.0,1.0000000000000002
500.0,Trailing,66.5,67.0,66.75,0.0,0.0,1.0000000000000002
500.0,Trailing,67.0,67.5,67.25,0.0,0.0,1.0000000000000002
500.0,Trailing,67.5,68.0,67.75,0.0,0.0,1.0000000000000002
500.0,Trailing,68.0,68.5,68.25,0.0,0.0,1.0000000000000002
500.0,Trailing,68.5,69.0,68.75,0.0,0.0,1.0000000000000002
500.0,Trailing,69.0,69.5,69.25,0.0,0.0,1.0000000000000002
500.0,Trailing,69.5,70.0,69.75,0.0,0.0,1.0000000000000002
500.0,Trailing,70.0,70.5,70.25,0.0,0.0,1.0000000000000002
500.0,Trailing,70.5,71.0,70.75,0.0,0.0,1.0000000000000002
500.0,Trailing,71.0,71.5,71.25,0.0,0.0,1.0000000000000002
500.0,Trailing,71.5,72.0,71.75,0.0,0.0,1.0000000000000002
500.0,Trailing,72.0,72.5,72.25,0.0,0.0,1.0000000000000002
500.0,Trailing,72.5,73.0,72.75,0.0,0.0,1.0000000000000002
500.0,Trailing,73.0,73.5,73.25,0.0,0.0,1.0000000000000002
500.0,Trailing,73.5,74.0,73.75,0.0,0.0,1.0000000000000002
500.0,Trailing,74.0,74.5,74.25,0.0,0.0,1.0000000000000002
500.0,Trailing,74.5,75.0,74.75,0.0,0.0,1.0000000000000002
500.0,Trailing,75.0,75.5,75.25,0.0,0.0,1.0000000000000002
500.0,Trailing,75.5,76.0,75.75,0.0,0.0,1.0000000000000002
500.0,Trailing,76.0,76.5,76.25,0.0,0.0,1.0000000000000002
500.0,Trailing,76.5,77.0,76.75,0.0,0.0,1.0000000000000002
500.0,Trailing,77.0,77.5,77.25,0.0,0.0,1.0000000000000002
500.0,Trailing,77.5,78.0,77.75,0.0,0.0,1.0000000000000002
500.0,Trailing,78.0,78.5,78.25,0.0,0.0,1.0000000000000002
500.0,Trailing,78.5,79.0,78.75,0.0,0.0,1.0000000000000002
500.0,Trailing,79.0,79.5,79.25,0.0,0.0,1.0000000000000002
500.0,Trailing,79.5,80.0,79.75,0.0,0.0,1.0000000000000002
500.0,Trailing,80.0,80.5,80.25,0.0,0.0,1.0000000000000002
500.0,Trailing,80.5,81.0,80.75,0.0,0.0,1.0000000000000002
500.0,Trailing,81.0,81.5,81.25,0.0,0.0,1.0000000000000002
500.0,Trailing,81.5,82.0,81.75,0.0,0.0,1.0000000000000002
500.0,Trailing,82.0,82.5,82.25,0.0,0.0,1.0000000000000002
500.0,Trailing,82.5,83.0,82.75,0.0,0.0,1.0000000000000002
500.0,Trailing,83.0,83.5,83.25,0.0,0.0,1.0000000000000002
500.0,Trailing,83.5,84.0,83.75,0.0,0.0,1.0000000000000002
500.0,Trailing,84.0,84.5,84.25,0.0,0.0,1.0000000000000002
500.0,Trailing,84.5,85.0,84.75,0.0,0.0,1.0000000000000002
500.0,Trailing,85.0,85.5,85.25,0.0,0.0,1.0000000000000002
500.0,Trailing,85.5,86.0,85.75,0.0,0.0,1.0000000000000002
500.0,Trailing,86.0,86.5,86.25,0.0,0.0,1.0000000000000002
500.0,Trailing,86.5,87.0,86.75,0.0,0.0,1.0000000000000002
500.0,Trailing,87.0,87.5,87.25,0.0,0.0,1.0000000000000002
500.0,Trailing,87.5,88.0,87.75,0.0,0.0,1.0000000000000002
500.0,Trailing,88.0,88.5,88.25,0.0,0.0,1.0000000000000002
500.0,Trailing,88.5,89.0,88.75,0.0,0.0,1.0000000000000002
500.0,Trailing,89.0,89.5,89.25,0.0,0.0,1.0000000000000002
500.0,Trailing,89.5,90.0,89.75,0.0,0.0,1.0000000000000002
500.0,Anti-Mars,0.0,0.5,0.25,0.0,0.0,0.0
500.0,Anti-Mars,0.5,1.0,0.75,0.0,0.0,0.0
500.0,Anti-Mars,1.0,1.5,1.25,0.0,0.0,0.0
500.0,Anti-Mars,1.5,2.0,1.75,0.0,0.0,0.0
500.0,Anti-Mars,2.0,2.5,2.25,0.0,0.0,0.0
500.0,Anti-Mars,2.5,3.0,2.75,0.0,0.0,0.0
500.0,Anti-Mars,3.0,3.5,3.25,0.0,0.0,0.0
500.0,Anti-Mars,3.5,4.0,3.75,0.0,0.0,0.0
500.0,Anti-Mars,4.0,4.5,4.25,0.0,0.0,0.0
500.0,Anti-Mars,4.5,5.0,4.75,0.0,0.0,0.0
500.0,Anti-Mars,5.0,5.5,5.25,0.0008502185899999999,0.010023130300693895,0.010023130300693895
500.0,Anti-Mars,5.5,6.0,5.75,0.0030738672100000023,0.036237471087124114,0.04626060138781801
500.0,Anti-Mars,6.0,6.5,6.25,0.0054283186899999995,0.06399383191981486,0.11025443330763288
500.0,Anti-Mars,6.5,7.0,6.75,0.009614010209999996,0.113338473400154,0.22359290670778686
500.0,Anti-Mars,7.0,7.5,7.25,0.012295468840000018,0.14494988434849654,0.3685427910562834
500.0,Anti-Mars,7.5,8.0,7.75,0.015434737480000044,0.18195836545875124,0.5505011565150346
500.0,Anti-Mars,8.0,8.5,8.25,0.015696343200000046,0.18504240555127247,0.7355435620663071
500.0,Anti-Mars,8.5,9.0,8.75,0.013145687430000027,0.15497301464919055,0.8905165767154977
500.0,Anti-Mars,9.0,9.5,9.25,0.007586565879999986,0.0894371626831146,0.9799537393986123
500.0,Anti-Mars,9.5,10.0,9.75,0.001700437180000001,0.020046260601387804,1.0
500.0,Anti-Mars,10.0,10.5,10.25,0.0,0.0,1.0
500.0,Anti-Mars,10.5,11.0,10.75,0.0,0.0,1.0
500.0,Anti-Mars,11.0,11.5,11.25,0.0,0.0,1.0
500.0,Anti-Mars,11.5,12.0,11.75,0.0,0.0,1.0
500.0,Anti-Mars,12.0,12.5,12.25,0.0,0.0,1.0
500.0,Anti-Mars,12.5,13.0,12.75,0.0,0.0,1.0
500.0,Anti-Mars,13.0,13.5,13.25,0.0,0.0,1.0
500.0,Anti-Mars,13.5,14.0,13.75,0.0,0.0,1.0
500.0,Anti-Mars,14.0,14.5,14.25,0.0,0.0,1.0
500.0,Anti-Mars,14.5,15.0,14.75,0.0,0.0,1.0
500.0,Anti-Mars,15.0,15.5,15.25,0.0,0.0,1.0
500.0,Anti-Mars,15.5,16.0,15.75,0.0,0.0,1.0
500.0,Anti-Mars,16.0,16.5,16.25,0.0,0.0,1.0
500.0,Anti-Mars,16.5,17.0,16.75,0.0,0.0,1.0
500.0,Anti-Mars,17.0,17.5,17.25,0.0,0.0,1.0
500.0,Anti-Mars,17.5,18.0,17.75,0.0,0.0,1.0
500.0,Anti-Mars,18.0,18.5,18.25,0.0,0.0,1.0
500.0,Anti-Mars,18.5,19.0,18.75,0.0,0.0,1.0
500.0,Anti-Mars,19.0,19.5,19.25,0.0,0.0,1.0
500.0,Anti-Mars,19.5,20.0,19.75,0.0,0.0,1.0
500.0,Anti-Mars,20.0,20.5,20.25,0.0,0.0,1.0
500.0,Anti-Mars,20.5,21.0,20.75,0.0,0.0,1.0
500.0,Anti-Mars,21.0,21.5,21.25,0.0,0.0,1.0
500.0,Anti-Mars,21.5,22.0,21.75,0.0,0.0,1.0
500.0,Anti-Mars,22.0,22.5,22.25,0.0,0.0,1.0
500.0,Anti-Mars,22.5,23.0,22.75,0.0,0.0,1.0
500.0,Anti-Mars,23.0,23.5,23.25,0.0,0.0,1.0
500.0,Anti-Mars,23.5,24.0,23.75,0.0,0.0,1.0
500.0,Anti-Mars,24.0,24.5,24.25,0.0,0.0,1.0
500.0,Anti-Mars,24.5,25.0,24.75,0.0,0.0,1.0
500.0,Anti-Mars,25.0,25.5,25.25,0.0,0.0,1.0
500.0,Anti-Mars,25.5,26.0,25.75,0.0,0.0,1.0
500.0,Anti-Mars,26.0,26.5,26.25,0.0,0.0,1.0
500.0,Anti-Mars,26.5,27.0,26.75,0.0,0.0,1.0
500.0,Anti-Mars,27.0,27.5,27.25,0.0,0.0,1.0
500.0,Anti-Mars,27.5,28.0,27.75,0.0,0.0,1.0
500.0,Anti-Mars,28.0,28.5,28.25,0.0,0.0,1.0
500.0,Anti-Mars,28.5,29.0,28.75,0.0,0.0,1.0
500.0,Anti-Mars,29.0,29.5,29.25,0.0,0.0,1.0
500.0,Anti-Mars,29.5,30.0,29.75,0.0,0.0,1.0
500.0,Anti-Mars,30.0,30.5,30.25,0.0,0.0,1.0
500.0,Anti-Mars,30.5,31.0,30.75,0.0,0.0,1.0
500.0,Anti-Mars,31.0,31.5,31.25,0.0,0.0,1.0
500.0,Anti-Mars,31.5,32.0,31.75,0.0,0.0,1.0
500.0,Anti-Mars,32.0,32.5,32.25,0.0,0.0,1.0
500.0,Anti-Mars,32.5,33.0,32.75,0.0,0.0,1.0
500.0,Anti-Mars,33.0,33.5,33.25,0.0,0.0,1.0
500.0,Anti-Mars,33.5,34.0,33.75,0.0,0.0,1.0
500.0,Anti-Mars,34.0,34.5,34.25,0.0,0.0,1.0
500.0,Anti-Mars,34.5,35.0,34.75,0.0,0.0,1.0
500.0,Anti-Mars,35.0,35.5,35.25,0.0,0.0,1.0
500.0,Anti-Mars,35.5,36.0,35.75,0.0,0.0,1.0
500.0,Anti-Mars,36.0,36.5,36.25,0.0,0.0,1.0
500.0,Anti-Mars,36.5,37.0,36.75,0.0,0.0,1.0
500.0,Anti-Mars,37.0,37.5,37.25,0.0,0.0,1.0
500.0,Anti-Mars,37.5,38.0,37.75,0.0,0.0,1.0
500.0,Anti-Mars,38.0,38.5,38.25,0.0,0.0,1.0
500.0,Anti-Mars,38.5,39.0,38.75,0.0,0.0,1.0
500.0,Anti-Mars,39.0,39.5,39.25,0.0,0.0,1.0
500.0,Anti-Mars,39.5,40.0,39.75,0.0,0.0,1.0
500.0,Anti-Mars,40.0,40.5,40.25,0.0,0.0,1.0
500.0,Anti-Mars,40.5,41.0,40.75,0.0,0.0,1.0
500.0,Anti-Mars,41.0,41.5,41.25,0.0,0.0,1.0
500.0,Anti-Mars,41.5,42.0,41.75,0.0,0.0,1.0
500.0,Anti-Mars,42.0,42.5,42.25,0.0,0.0,1.0
500.0,Anti-Mars,42.5,43.0,42.75,0.0,0.0,1.0
500.0,Anti-Mars,43.0,43.5,43.25,0.0,0.0,1.0
500.0,Anti-Mars,43.5,44.0,43.75,0.0,0.0,1.0
500.0,Anti-Mars,44.0,44.5,44.25,0.0,0.0,1.0
500.0,Anti-Mars,44.5,45.0,44.75,0.0,0.0,1.0
500.0,Anti-Mars,45.0,45.5,45.25,0.0,0.0,1.0
500.0,Anti-Mars,45.5,46.0,45.75,0.0,0.0,1.0
500.0,Anti-Mars,46.0,46.5,46.25,0.0,0.0,1.0
500.0,Anti-Mars,46.5,47.0,46.75,0.0,0.0,1.0
500.0,Anti-Mars,47.0,47.5,47.25,0.0,0.0,1.0
500.0,Anti-Mars,47.5,48.0,47.75,0.0,0.0,1.0
500.0,Anti-Mars,48.0,48.5,48.25,0.0,0.0,1.0
500.0,Anti-Mars,48.5,49.0,48.75,0.0,0.0,1.0
500.0,Anti-Mars,49.0,49.5,49.25,0.0,0.0,1.0
500.0,Anti-Mars,49.5,50.0,49.75,0.0,0.0,1.0
500.0,Anti-Mars,50.0,50.5,50.25,0.0,0.0,1.0
500.0,Anti-Mars,50.5,51.0,50.75,0.0,0.0,1.0
500.0,Anti-Mars,51.0,51.5,51.25,0.0,0.0,1.0
500.0,Anti-Mars,51.5,52.0,51.75,0.0,0.0,1.0
500.0,Anti-Mars,52.0,52.5,52.25,0.0,0.0,1.0
500.0,Anti-Mars,52.5,53.0,52.75,0.0,0.0,1.0
500.0,Anti-Mars,53.0,53.5,53.25,0.0,0.0,1.0
500.0,Anti-Mars,53.5,54.0,53.75,0.0,0.0,1.0
500.0,Anti-Mars,54.0,54.5,54.25,0.0,0.0,1.0
500.0,Anti-Mars,54.5,55.0,54.75,0.0,0.0,1.0
500.0,Anti-Mars,55.0,55.5,55.25,0.0,0.0,1.0
500.0,Anti-Mars,55.5,56.0,55.75,0.0,0.0,1.0
500.0,Anti-Mars,56.0,56.5,56.25,0.0,0.0,1.0
500.0,Anti-Mars,56.5,57.0,56.75,0.0,0.0,1.0
500.0,Anti-Mars,57.0,57.5,57.25,0.0,0.0,1.0
500.0,Anti-Mars,57.5,58.0,57.75,0.0,0.0,1.0
500.0,Anti-Mars,58.0,58.5,58.25,0.0,0.0,1.0
500.0,Anti-Mars,58.5,59.0,58.75,0.0,0.0,1.0
500.0,Anti-Mars,59.0,59.5,59.25,0.0,0.0,1.0
500.0,Anti-Mars,59.5,60.0,59.75,0.0,0.0,1.0
500.0,Anti-Mars,60.0,60.5,60.25,0.0,0.0,1.0
500.0,Anti-Mars,60.5,61.0,60.75,0.0,0.0,1.0
500.0,Anti-Mars,61.0,61.5,61.25,0.0,0.0,1.0
500.0,Anti-Mars,61.5,62.0,61.75,0.0,0.0,1.0
500.0,Anti-Mars,62.0,62.5,62.25,0.0,0.0,1.0
500.0,Anti-Mars,62.5,63.0,62.75,0.0,0.0,1.0
500.0,Anti-Mars,63.0,63.5,63.25,0.0,0.0,1.0
500.0,Anti-Mars,63.5,64.0,63.75,0.0,0.0,1.0
500.0,Anti-Mars,64.0,64.5,64.25,0.0,0.0,1.0
500.0,Anti-Mars,64.5,65.0,64.75,0.0,0.0,1.0
500.0,Anti-Mars,65.0,65.5,65.25,0.0,0.0,1.0
500.0,Anti-Mars,65.5,66.0,65.75,0.0,0.0,1.0
500.0,Anti-Mars,66.0,66.5,66.25,0.0,0.0,1.0
500.0,Anti-Mars,66.5,67.0,66.75,0.0,0.0,1.0
500.0,Anti-Mars,67.0,67.5,67.25,0.0,0.0,1.0
500.0,Anti-Mars,67.5,68.0,67.75,0.0,0.0,1.0
500.0,Anti-Mars,68.0,68.5,68.25,0.0,0.0,1.0
500.0,Anti-Mars,68.5,69.0,68.75,0.0,0.0,1.0
500.0,Anti-Mars,69.0,69.5,69.25,0.0,0.0,1.0
500.0,Anti-Mars,69.5,70.0,69.75,0.0,0.0,1.0
500.0,Anti-Mars,70.0,70.5,70.25,0.0,0.0,1.0
500.0,Anti-Mars,70.5,71.0,70.75,0.0,0.0,1.0
500.0,Anti-Mars,71.0,71.5,71.25,0.0,0.0,1.0
500.0,Anti-Mars,71.5,72.0,71.75,0.0,0.0,1.0
500.0,Anti-Mars,72.0,72.5,72.25,0.0,0.0,1.0
500.0,Anti-Mars,72.5,73.0,72.75,0.0,0.0,1.0
500.0,Anti-Mars,73.0,73.5,73.25,0.0,0.0,1.0
500.0,Anti-Mars,73.5,74.0,73.75,0.0,0.0,1.0
500.0,Anti-Mars,74.0,74.5,74.25,0.0,0.0,1.0
500.0,Anti-Mars,74.5,75.0,74.75,0.0,0.0,1.0
500.0,Anti-Mars,75.0,75.5,75.25,0.0,0.0,1.0
500.0,Anti-Mars,75.5,76.0,75.75,0.0,0.0,1.0
500.0,Anti-Mars,76.0,76.5,76.25,0.0,0.0,1.0
500.0,Anti-Mars,76.5,77.0,76.75,0.0,0.0,1.0
500.0,Anti-Mars,77.0,77.5,77.25,0.0,0.0,1.0
500.0,Anti-Mars,77.5,78.0,77.75,0.0,0.0,1.0
500.0,Anti-Mars,78.0,78.5,78.25,0.0,0.0,1.0
500.0,Anti-Mars,78.5,79.0,78.75,0.0,0.0,1.0
500.0,Anti-Mars,79.0,79.5,79.25,0.0,0.0,1.0
500.0,Anti-Mars,79.5,80.0,79.75,0.0,0.0,1.0
500.0,Anti-Mars,80.0,80.5,80.25,0.0,0.0,1.0
500.0,Anti-Mars,80.5,81.0,80.75,0.0,0.0,1.0
500.0,Anti-Mars,81.0,81.5,81.25,0.0,0.0,1.0
500.0,Anti-Mars,81.5,82.0,81.75,0.0,0.0,1.0
500.0,Anti-Mars,82.0,82.5,82.25,0.0,0.0,1.0
500.0,Anti-Mars,82.5,83.0,82.75,0.0,0.0,1.0
500.0,Anti-Mars,83.0,83.5,83.25,0.0,0.0,1.0
500.0,Anti-Mars,83.5,84.0,83.75,0.0,0.0,1.0
500.0,Anti-Mars,84.0,84.5,84.25,0.0,0.0,1.0
500.0,Anti-Mars,84.5,85.0,84.75,0.0,0.0,1.0
500.0,Anti-Mars,85.0,85.5,85.25,0.0,0.0,1.0
500.0,Anti-Mars,85.5,86.0,85.75,0.0,0.0,1.0
500.0,Anti-Mars,86.0,86.5,86.25,0.0,0.0,1.0
500.0,Anti-Mars,86.5,87.0,86.75,0.0,0.0,1.0
500.0,Anti-Mars,87.0,87.5,87.25,0.0,0.0,1.0
500.0,Anti-Mars,87.5,88.0,87.75,0.0,0.0,1.0
500.0,Anti-Mars,88.0,88.5,88.25,0.0,0.0,1.0
500.0,Anti-Mars,88.5,89.0,88.75,0.0,0.0,1.0
500.0,Anti-Mars,89.0,89.5,89.25,0.0,0.0,1.0
500.0,Anti-Mars,89.5,90.0,89.75,0.0,0.0,1.0
1000.0,Leading,0.0,0.5,0.25,0.0,0.0,0.0
1000.0,Leading,0.5,1.0,0.75,0.0,0.0,0.0
1000.0,Leading,1.0,1.5,1.25,0.0,0.0,0.0
1000.0,Leading,1.5,2.0,1.75,0.0,0.0,0.0
1000.0,Leading,2.0,2.5,2.25,0.0,0.0,0.0
1000.0,Leading,2.5,3.0,2.75,0.00026121132,0.00426439232409382,0.00426439232409382
1000.0,Leading,3.0,3.5,3.25,0.0018937820700000011,0.030916844349680214,0.035181236673774034
1000.0,Leading,3.5,4.0,3.75,0.003461049989999998,0.056503198294243086,0.09168443496801712
1000.0,Leading,4.0,4.5,4.25,0.003918169799999998,0.06396588486140727,0.1556503198294244
1000.0,Leading,4.5,5.0,4.75,0.004897712249999996,0.07995735607675906,0.23560767590618348
1000.0,Leading,5.0,5.5,5.25,0.005420134889999995,0.08848614072494668,0.3240938166311301
1000.0,Leading,5.5,6.0,5.75,0.005681346209999994,0.09275053304904049,0.4168443496801706
1000.0,Leading,6.0,6.5,6.25,0.005811951869999994,0.0948827292110874,0.511727078891258
1000.0,Leading,6.5,7.0,6.75,0.006660888659999992,0.10874200426439229,0.6204690831556503
1000.0,Leading,7.0,7.5,7.25,0.006922099979999992,0.1130063965884861,0.7334754797441364
1000.0,Leading,7.5,8.0,7.75,0.006203768849999993,0.10127931769722812,0.8347547974413645
1000.0,Leading,8.0,8.5,8.25,0.004440592439999997,0.07249466950959489,0.9072494669509594
1000.0,Leading,8.5,9.0,8.75,0.003526352819999998,0.05756929637526654,0.964818763326226
1000.0,Leading,9.0,9.5,9.25,0.0021549933900000006,0.03518123667377403,1.0
1000.0,Leading,9.5,10.0,9.75,0.0,0.0,1.0
1000.0,Leading,10.0,10.5,10.25,0.0,0.0,1.0
1000.0,Leading,10.5,11.0,10.75,0.0,0.0,1.0
1000.0,Leading,11.0,11.5,11.25,0.0,0.0,1.0
1000.0,Leading,11.5,12.0,11.75,0.0,0.0,1.0
1000.0,Leading,12.0,12.5,12.25,0.0,0.0,1.0
1000.0,Leading,12.5,13.0,12.75,0.0,0.0,1.0
1000.0,Leading,13.0,13.5,13.25,0.0,0.0,1.0
1000.0,Leading,13.5,14.0,13.75,0.0,0.0,1.0
1000.0,Leading,14.0,14.5,14.25,0.0,0.0,1.0
1000.0,Leading,14.5,15.0,14.75,0.0,0.0,1.0
1000.0,Leading,15.0,15.5,15.25,0.0,0.0,1.0
1000.0,Leading,15.5,16.0,15.75,0.0,0.0,1.0
1000.0,Leading,16.0,16.5,16.25,0.0,0.0,1.0
1000.0,Leading,16.5,17.0,16.75,0.0,0.0,1.0
1000.0,Leading,17.0,17.5,17.25,0.0,0.0,1.0
1000.0,Leading,17.5,18.0,17.75,0.0,0.0,1.0
1000.0,Leading,18.0,18.5,18.25,0.0,0.0,1.0
1000.0,Leading,18.5,19.0,18.75,0.0,0.0,1.0
1000.0,Leading,19.0,19.5,19.25,0.0,0.0,1.0
1000.0,Leading,19.5,20.0,19.75,0.0,0.0,1.0
1000.0,Leading,20.0,20.5,20.25,0.0,0.0,1.0
1000.0,Leading,20.5,21.0,20.75,0.0,0.0,1.0
1000.0,Leading,21.0,21.5,21.25,0.0,0.0,1.0
1000.0,Leading,21.5,22.0,21.75,0.0,0.0,1.0
1000.0,Leading,22.0,22.5,22.25,0.0,0.0,1.0
1000.0,Leading,22.5,23.0,22.75,0.0,0.0,1.0
1000.0,Leading,23.0,23.5,23.25,0.0,0.0,1.0
1000.0,Leading,23.5,24.0,23.75,0.0,0.0,1.0
1000.0,Leading,24.0,24.5,24.25,0.0,0.0,1.0
1000.0,Leading,24.5,25.0,24.75,0.0,0.0,1.0
1000.0,Leading,25.0,25.5,25.25,0.0,0.0,1.0
1000.0,Leading,25.5,26.0,25.75,0.0,0.0,1.0
1000.0,Leading,26.0,26.5,26.25,0.0,0.0,1.0
1000.0,Leading,26.5,27.0,26.75,0.0,0.0,1.0
1000.0,Leading,27.0,27.5,27.25,0.0,0.0,1.0
1000.0,Leading,27.5,28.0,27.75,0.0,0.0,1.0
1000.0,Leading,28.0,28.5,28.25,0.0,0.0,1.0
1000.0,Leading,28.5,29.0,28.75,0.0,0.0,1.0
1000.0,Leading,29.0,29.5,29.25,0.0,0.0,1.0
1000.0,Leading,29.5,30.0,29.75,0.0,0.0,1.0
1000.0,Leading,30.0,30.5,30.25,0.0,0.0,1.0
1000.0,Leading,30.5,31.0,30.75,0.0,0.0,1.0
1000.0,Leading,31.0,31.5,31.25,0.0,0.0,1.0
1000.0,Leading,31.5,32.0,31.75,0.0,0.0,1.0
1000.0,Leading,32.0,32.5,32.25,0.0,0.0,1.0
1000.0,Leading,32.5,33.0,32.75,0.0,0.0,1.0
1000.0,Leading,33.0,33.5,33.25,0.0,0.0,1.0
1000.0,Leading,33.5,34.0,33.75,0.0,0.0,1.0
1000.0,Leading,34.0,34.5,34.25,0.0,0.0,1.0
1000.0,Leading,34.5,35.0,34.75,0.0,0.0,1.0
1000.0,Leading,35.0,35.5,35.25,0.0,0.0,1.0
1000.0,Leading,35.5,36.0,35.75,0.0,0.0,1.0
1000.0,Leading,36.0,36.5,36.25,0.0,0.0,1.0
1000.0,Leading,36.5,37.0,36.75,0.0,0.0,1.0
1000.0,Leading,37.0,37.5,37.25,0.0,0.0,1.0
1000.0,Leading,37.5,38.0,37.75,0.0,0.0,1.0
1000.0,Leading,38.0,38.5,38.25,0.0,0.0,1.0
1000.0,Leading,38.5,39.0,38.75,0.0,0.0,1.0
1000.0,Leading,39.0,39.5,39.25,0.0,0.0,1.0
1000.0,Leading,39.5,40.0,39.75,0.0,0.0,1.0
1000.0,Leading,40.0,40.5,40.25,0.0,0.0,1.0
1000.0,Leading,40.5,41.0,40.75,0.0,0.0,1.0
1000.0,Leading,41.0,41.5,41.25,0.0,0.0,1.0
1000.0,Leading,41.5,42.0,41.75,0.0,0.0,1.0
1000.0,Leading,42.0,42.5,42.25,0.0,0.0,1.0
1000.0,Leading,42.5,43.0,42.75,0.0,0.0,1.0
1000.0,Leading,43.0,43.5,43.25,0.0,0.0,1.0
1000.0,Leading,43.5,44.0,43.75,0.0,0.0,1.0
1000.0,Leading,44.0,44.5,44.25,0.0,0.0,1.0
1000.0,Leading,44.5,45.0,44.75,0.0,0.0,1.0
1000.0,Leading,45.0,45.5,45.25,0.0,0.0,1.0
1000.0,Leading,45.5,46.0,45.75,0.0,0.0,1.0
1000.0,Leading,46.0,46.5,46.25,0.0,0.0,1.0
1000.0,Leading,46.5,47.0,46.75,0.0,0.0,1.0
1000.0,Leading,47.0,47.5,47.25,0.0,0.0,1.0
1000.0,Leading,47.5,48.0,47.75,0.0,0.0,1.0
1000.0,Leading,48.0,48.5,48.25,0.0,0.0,1.0
1000.0,Leading,48.5,49.0,48.75,0.0,0.0,1.0
1000.0,Leading,49.0,49.5,49.25,0.0,0.0,1.0
1000.0,Leading,49.5,50.0,49.75,0.0,0.0,1.0
1000.0,Leading,50.0,50.5,50.25,0.0,0.0,1.0
1000.0,Leading,50.5,51.0,50.75,0.0,0.0,1.0
1000.0,Leading,51.0,51.5,51.25,0.0,0.0,1.0
1000.0,Leading,51.5,52.0,51.75,0.0,0.0,1.0
1000.0,Leading,52.0,52.5,52.25,0.0,0.0,1.0
1000.0,Leading,52.5,53.0,52.75,0.0,0.0,1.0
1000.0,Leading,53.0,53.5,53.25,0.0,0.0,1.0
1000.0,Leading,53.5,54.0,53.75,0.0,0.0,1.0
1000.0,Leading,54.0,54.5,54.25,0.0,0.0,1.0
1000.0,Leading,54.5,55.0,54.75,0.0,0.0,1.0
1000.0,Leading,55.0,55.5,55.25,0.0,0.0,1.0
1000.0,Leading,55.5,56.0,55.75,0.0,0.0,1.0
1000.0,Leading,56.0,56.5,56.25,0.0,0.0,1.0
1000.0,Leading,56.5,57.0,56.75,0.0,0.0,1.0
1000.0,Leading,57.0,57.5,57.25,0.0,0.0,1.0
1000.0,Leading,57.5,58.0,57.75,0.0,0.0,1.0
1000.0,Leading,58.0,58.5,58.25,0.0,0.0,1.0
1000.0,Leading,58.5,59.0,58.75,0.0,0.0,1.0
1000.0,Leading,59.0,59.5,59.25,0.0,0.0,1.0
1000.0,Leading,59.5,60.0,59.75,0.0,0.0,1.0
1000.0,Leading,60.0,60.5,60.25,0.0,0.0,1.0
1000.0,Leading,60.5,61.0,60.75,0.0,0.0,1.0
1000.0,Leading,61.0,61.5,61.25,0.0,0.0,1.0
1000.0,Leading,61.5,62.0,61.75,0.0,0.0,1.0
1000.0,Leading,62.0,62.5,62.25,0.0,0.0,1.0
1000.0,Leading,62.5,63.0,62.75,0.0,0.0,1.0
1000.0,Leading,63.0,63.5,63.25,0.0,0.0,1.0
1000.0,Leading,63.5,64.0,63.75,0.0,0.0,1.0
1000.0,Leading,64.0,64.5,64.25,0.0,0.0,1.0
1000.0,Leading,64.5,65.0,64.75,0.0,0.0,1.0
1000.0,Leading,65.0,65.5,65.25,0.0,0.0,1.0
1000.0,Leading,65.5,66.0,65.75,0.0,0.0,1.0
1000.0,Leading,66.0,66.5,66.25,0.0,0.0,1.0
1000.0,Leading,66.5,67.0,66.75,0.0,0.0,1.0
1000.0,Leading,67.0,67.5,67.25,0.0,0.0,1.0
1000.0,Leading,67.5,68.0,67.75,0.0,0.0,1.0
1000.0,Leading,68.0,68.5,68.25,0.0,0.0,1.0
1000.0,Leading,68.5,69.0,68.75,0.0,0.0,1.0
1000.0,Leading,69.0,69.5,69.25,0.0,0.0,1.0
1000.0,Leading,69.5,70.0,69.75,0.0,0.0,1.0
1000.0,Leading,70.0,70.5,70.25,0.0,0.0,1.0
1000.0,Leading,70.5,71.0,70.75,0.0,0.0,1.0
1000.0,Leading,71.0,71.5,71.25,0.0,0.0,1.0
1000.0,Leading,71.5,72.0,71.75,0.0,0.0,1.0
1000.0,Leading,72.0,72.5,72.25,0.0,0.0,1.0
1000.0,Leading,72.5,73.0,72.75,0.0,0.0,1.0
1000.0,Leading,73.0,73.5,73.25,0.0,0.0,1.0
1000.0,Leading,73.5,74.0,73.75,0.0,0.0,1.0
1000.0,Leading,74.0,74.5,74.25,0.0,0.0,1.0
1000.0,Leading,74.5,75.0,74.75,0.0,0.0,1.0
1000.0,Leading,75.0,75.5,75.25,0.0,0.0,1.0
1000.0,Leading,75.5,76.0,75.75,0.0,0.0,1.0
1000.0,Leading,76.0,76.5,76.25,0.0,0.0,1.0
1000.0,Leading,76.5,77.0,76.75,0.0,0.0,1.0
1000.0,Leading,77.0,77.5,77.25,0.0,0.0,1.0
1000.0,Leading,77.5,78.0,77.75,0.0,0.0,1.0
1000.0,Leading,78.0,78.5,78.25,0.0,0.0,1.0
1000.0,Leading,78.5,79.0,78.75,0.0,0.0,1.0
1000.0,Leading,79.0,79.5,79.25,0.0,0.0,1.0
1000.0,Leading,79.5,80.0,79.75,0.0,0.0,1.0
1000.0,Leading,80.0,80.5,80.25,0.0,0.0,1.0
1000.0,Leading,80.5,81.0,80.75,0.0,0.0,1.0
1000.0,Leading,81.0,81.5,81.25,0.0,0.0,1.0
1000.0,Leading,81.5,82.0,81.75,0.0,0.0,1.0
1000.0,Leading,82.0,82.5,82.25,0.0,0.0,1.0
1000.0,Leading,82.5,83.0,82.75,0.0,0.0,1.0
1000.0,Leading,83.0,83.5,83.25,0.0,0.0,1.0
1000.0,Leading,83.5,84.0,83.75,0.0,0.0,1.0
1000.0,Leading,84.0,84.5,84.25,0.0,0.0,1.0
1000.0,Leading,84.5,85.0,84.75,0.0,0.0,1.0
1000.0,Leading,85.0,85.5,85.25,0.0,0.0,1.0
1000.0,Leading,85.5,86.0,85.75,0.0,0.0,1.0
1000.0,Leading,86.0,86.5,86.25,0.0,0.0,1.0
1000.0,Leading,86.5,87.0,86.75,0.0,0.0,1.0
1000.0,Leading,87.0,87.5,87.25,0.0,0.0,1.0
1000.0,Leading,87.5,88.0,87.75,0.0,0.0,1.0
1000.0,Leading,88.0,88.5,88.25,0.0,0.0,1.0
1000.0,Leading,88.5,89.0,88.75,0.0,0.0,1.0
1000.0,Leading,89.0,89.5,89.25,0.0,0.0,1.0
1000.0,Leading,89.5,90.0,89.75,0.0,0.0,1.0
1000.0,Sub-Mars,0.0,0.5,0.25,0.0,0.0,0.0
1000.0,Sub-Mars,0.5,1.0,0.75,0.0015019650900000006,0.020104895104895125,0.020104895104895125
1000.0,Sub-Mars,1.0,1.5,1.25,0.005942557529999994,0.0795454545454545,0.09965034965034963
1000.0,Sub-Mars,1.5,2.0,1.75,0.005224226399999995,0.06993006993006991,0.16958041958041953
1000.0,Sub-Mars,2.0,2.5,2.25,0.004701803759999996,0.06293706293706292,0.23251748251748244
1000.0,Sub-Mars,2.5,3.0,2.75,0.004440592439999997,0.059440559440559426,0.29195804195804187
1000.0,Sub-Mars,3.0,3.5,3.25,0.004440592439999997,0.059440559440559426,0.3513986013986013
1000.0,Sub-Mars,3.5,4.0,3.75,0.0038528669699999974,0.05157342657342657,0.40297202797202786
1000.0,Sub-Mars,4.0,4.5,4.25,0.0033304443299999984,0.044580419580419584,0.44755244755244744
1000.0,Sub-Mars,4.5,5.0,4.75,0.0033304443299999984,0.044580419580419584,0.492132867132867
1000.0,Sub-Mars,5.0,5.5,5.25,0.003069233009999999,0.04108391608391609,0.5332167832167831
1000.0,Sub-Mars,5.5,6.0,5.75,0.003069233009999999,0.04108391608391609,0.5743006993006992
1000.0,Sub-Mars,6.0,6.5,6.25,0.0031345358399999987,0.04195804195804197,0.6162587412587411
1000.0,Sub-Mars,6.5,7.0,6.75,0.0032651414999999985,0.04370629370629371,0.6599650349650349
1000.0,Sub-Mars,7.0,7.5,7.25,0.003526352819999998,0.0472027972027972,0.7071678321678321
1000.0,Sub-Mars,7.5,8.0,7.75,0.003461049989999998,0.04632867132867133,0.7534965034965034
1000.0,Sub-Mars,8.0,8.5,8.25,0.004179381119999997,0.05594405594405594,0.8094405594405594
1000.0,Sub-Mars,8.5,9.0,8.75,0.004701803759999996,0.06293706293706292,0.8723776223776223
1000.0,Sub-Mars,9.0,9.5,9.25,0.004375289609999997,0.058566433566433554,0.9309440559440558
1000.0,Sub-Mars,9.5,10.0,9.75,0.003461049989999998,0.04632867132867133,0.9772727272727272
1000.0,Sub-Mars,10.0,10.5,10.25,0.0016978735800000009,0.022727272727272752,0.9999999999999999
1000.0,Sub-Mars,10.5,11.0,10.75,0.0,0.0,0.9999999999999999
1000.0,Sub-Mars,11.0,11.5,11.25,0.0,0.0,0.9999999999999999
1000.0,Sub-Mars,11.5,12.0,11.75,0.0,0.0,0.9999999999999999
1000.0,Sub-Mars,12.0,12.5,12.25,0.0,0.0,0.9999999999999999
1000.0,Sub-Mars,12.5,13.0,12.75,0.0,0.0,0.9999999999999999
1000.0,Sub-Mars,13.0,13.5,13.25,0.0,0.0,0.9999999999999999
1000.0,Sub-Mars,13.5,14.0,13.75,0.0,0.0,0.9999999999999999
1000.0,Sub-Mars,14.0,14.5,14.25,0.0,0.0,0.9999999999999999
1000.0,Sub-Mars,14.5,15.0,14.75,0.0,0.0,0.9999999999999999
1000.0,Sub-Mars,15.0,15.5,15.25,0.0,0.0,0.9999999999999999
1000.0,Sub-Mars,15.5,16.0,15.75,0.0,0.0,0.9999999999999999
1000.0,Sub-Mars,16.0,16.5,16.25,0.0,0.0,0.9999999999999999
1000.0,Sub-Mars,16.5,17.0,16.75,0.0,0.0,0.9999999999999999
1000.0,Sub-Mars,17.0,17.5,17.25,0.0,0.0,0.9999999999999999
1000.0,Sub-Mars,17.5,18.0,17.75,0.0,0.0,0.9999999999999999
1000.0,Sub-Mars,18.0,18.5,18.25,0.0,0.0,0.9999999999999999
1000.0,Sub-Mars,18.5,19.0,18.75,0.0,0.0,0.9999999999999999
1000.0,Sub-Mars,19.0,19.5,19.25,0.0,0.0,0.9999999999999999
1000.0,Sub-Mars,19.5,20.0,19.75,0.0,0.0,0.9999999999999999
1000.0,Sub-Mars,20.0,20.5,20.25,0.0,0.0,0.9999999999999999
1000.0,Sub-Mars,20.5,21.0,20.75,0.0,0.0,0.9999999999999999
1000.0,Sub-Mars,21.0,21.5,21.25,0.0,0.0,0.9999999999999999
1000.0,Sub-Mars,21.5,22.0,21.75,0.0,0.0,0.9999999999999999
1000.0,Sub-Mars,22.0,22.5,22.25,0.0,0.0,0.9999999999999999
1000.0,Sub-Mars,22.5,23.0,22.75,0.0,0.0,0.9999999999999999
1000.0,Sub-Mars,23.0,23.5,23.25,0.0,0.0,0.9999999999999999
1000.0,Sub-Mars,23.5,24.0,23.75,0.0,0.0,0.9999999999999999
1000.0,Sub-Mars,24.0,24.5,24.25,0.0,0.0,0.9999999999999999
1000.0,Sub-Mars,24.5,25.0,24.75,0.0,0.0,0.9999999999999999
1000.0,Sub-Mars,25.0,25.5,25.25,0.0,0.0,0.9999999999999999
1000.0,Sub-Mars,25.5,26.0,25.75,0.0,0.0,0.9999999999999999
1000.0,Sub-Mars,26.0,26.5,26.25,0.0,0.0,0.9999999999999999
1000.0,Sub-Mars,26.5,27.0,26.75,0.0,0.0,0.9999999999999999
1000.0,Sub-Mars,27.0,27.5,27.25,0.0,0.0,0.9999999999999999
1000.0,Sub-Mars,27.5,28.0,27.75,0.0,0.0,0.9999999999999999
1000.0,Sub-Mars,28.0,28.5,28.25,0.0,0.0,0.9999999999999999
1000.0,Sub-Mars,28.5,29.0,28.75,0.0,0.0,0.9999999999999999
1000.0,Sub-Mars,29.0,29.5,29.25,0.0,0.0,0.9999999999999999
1000.0,Sub-Mars,29.5,30.0,29.75,0.0,0.0,0.9999999999999999
1000.0,Sub-Mars,30.0,30.5,30.25,0.0,0.0,0.9999999999999999
1000.0,Sub-Mars,30.5,31.0,30.75,0.0,0.0,0.9999999999999999
1000.0,Sub-Mars,31.0,31.5,31.25,0.0,0.0,0.9999999999999999
1000.0,Sub-Mars,31.5,32.0,31.75,0.0,0.0,0.9999999999999999
1000.0,Sub-Mars,32.0,32.5,32.25,0.0,0.0,0.9999999999999999
1000.0,Sub-Mars,32.5,33.0,32.75,0.0,0.0,0.9999999999999999
1000.0,Sub-Mars,33.0,33.5,33.25,0.0,0.0,0.9999999999999999
1000.0,Sub-Mars,33.5,34.0,33.75,0.0,0.0,0.9999999999999999
1000.0,Sub-Mars,34.0,34.5,34.25,0.0,0.0,0.9999999999999999
1000.0,Sub-Mars,34.5,35.0,34.75,0.0,0.0,0.9999999999999999
1000.0,Sub-Mars,35.0,35.5,35.25,0.0,0.0,0.9999999999999999
1000.0,Sub-Mars,35.5,36.0,35.75,0.0,0.0,0.9999999999999999
1000.0,Sub-Mars,36.0,36.5,36.25,0.0,0.0,0.9999999999999999
1000.0,Sub-Mars,36.5,37.0,36.75,0.0,0.0,0.9999999999999999
1000.0,Sub-Mars,37.0,37.5,37.25,0.0,0.0,0.9999999999999999
1000.0,Sub-Mars,37.5,38.0,37.75,0.0,0.0,0.9999999999999999
1000.0,Sub-Mars,38.0,38.5,38.25,0.0,0.0,0.9999999999999999
1000.0,Sub-Mars,38.5,39.0,38.75,0.0,0.0,0.9999999999999999
1000.0,Sub-Mars,39.0,39.5,39.25,0.0,0.0,0.9999999999999999
1000.0,Sub-Mars,39.5,40.0,39.75,0.0,0.0,0.9999999999999999
1000.0,Sub-Mars,40.0,40.5,40.25,0.0,0.0,0.9999999999999999
1000.0,Sub-Mars,40.5,41.0,40.75,0.0,0.0,0.9999999999999999
1000.0,Sub-Mars,41.0,41.5,41.25,0.0,0.0,0.9999999999999999
1000.0,Sub-Mars,41.5,42.0,41.75,0.0,0.0,0.9999999999999999
1000.0,Sub-Mars,42.0,42.5,42.25,0.0,0.0,0.9999999999999999
1000.0,Sub-Mars,42.5,43.0,42.75,0.0,0.0,0.9999999999999999
1000.0,Sub-Mars,43.0,43.5,43.25,0.0,0.0,0.9999999999999999
1000.0,Sub-Mars,43.5,44.0,43.75,0.0,0.0,0.9999999999999999
1000.0,Sub-Mars,44.0,44.5,44.25,0.0,0.0,0.9999999999999999
1000.0,Sub-Mars,44.5,45.0,44.75,0.0,0.0,0.9999999999999999
1000.0,Sub-Mars,45.0,45.5,45.25,0.0,0.0,0.9999999999999999
1000.0,Sub-Mars,45.5,46.0,45.75,0.0,0.0,0.9999999999999999
1000.0,Sub-Mars,46.0,46.5,46.25,0.0,0.0,0.9999999999999999
1000.0,Sub-Mars,46.5,47.0,46.75,0.0,0.0,0.9999999999999999
1000.0,Sub-Mars,47.0,47.5,47.25,0.0,0.0,0.9999999999999999
1000.0,Sub-Mars,47.5,48.0,47.75,0.0,0.0,0.9999999999999999
1000.0,Sub-Mars,48.0,48.5,48.25,0.0,0.0,0.9999999999999999
1000.0,Sub-Mars,48.5,49.0,48.75,0.0,0.0,0.9999999999999999
1000.0,Sub-Mars,49.0,49.5,49.25,0.0,0.0,0.9999999999999999
1000.0,Sub-Mars,49.5,50.0,49.75,0.0,0.0,0.9999999999999999
1000.0,Sub-Mars,50.0,50.5,50.25,0.0,0.0,0.9999999999999999
1000.0,Sub-Mars,50.5,51.0,50.75,0.0,0.0,0.9999999999999999
1000.0,Sub-Mars,51.0,51.5,51.25,0.0,0.0,0.9999999999999999
1000.0,Sub-Mars,51.5,52.0,51.75,0.0,0.0,0.9999999999999999
1000.0,Sub-Mars,52.0,52.5,52.25,0.0,0.0,0.9999999999999999
1000.0,Sub-Mars,52.5,53.0,52.75,0.0,0.0,0.9999999999999999
1000.0,Sub-Mars,53.0,53.5,53.25,0.0,0.0,0.9999999999999999
1000.0,Sub-Mars,53.5,54.0,53.75,0.0,0.0,0.9999999999999999
1000.0,Sub-Mars,54.0,54.5,54.25,0.0,0.0,0.9999999999999999
1000.0,Sub-Mars,54.5,55.0,54.75,0.0,0.0,0.9999999999999999
1000.0,Sub-Mars,55.0,55.5,55.25,0.0,0.0,0.9999999999999999
1000.0,Sub-Mars,55.5,56.0,55.75,0.0,0.0,0.9999999999999999
1000.0,Sub-Mars,56.0,56.5,56.25,0.0,0.0,0.9999999999999999
1000.0,Sub-Mars,56.5,57.0,56.75,0.0,0.0,0.9999999999999999
1000.0,Sub-Mars,57.0,57.5,57.25,0.0,0.0,0.9999999999999999
1000.0,Sub-Mars,57.5,58.0,57.75,0.0,0.0,0.9999999999999999
1000.0,Sub-Mars,58.0,58.5,58.25,0.0,0.0,0.9999999999999999
1000.0,Sub-Mars,58.5,59.0,58.75,0.0,0.0,0.9999999999999999
1000.0,Sub-Mars,59.0,59.5,59.25,0.0,0.0,0.9999999999999999
1000.0,Sub-Mars,59.5,60.0,59.75,0.0,0.0,0.9999999999999999
1000.0,Sub-Mars,60.0,60.5,60.25,0.0,0.0,0.9999999999999999
1000.0,Sub-Mars,60.5,61.0,60.75,0.0,0.0,0.9999999999999999
1000.0,Sub-Mars,61.0,61.5,61.25,0.0,0.0,0.9999999999999999
1000.0,Sub-Mars,61.5,62.0,61.75,0.0,0.0,0.9999999999999999
1000.0,Sub-Mars,62.0,62.5,62.25,0.0,0.0,0.9999999999999999
1000.0,Sub-Mars,62.5,63.0,62.75,0.0,0.0,0.9999999999999999
1000.0,Sub-Mars,63.0,63.5,63.25,0.0,0.0,0.9999999999999999
1000.0,Sub-Mars,63.5,64.0,63.75,0.0,0.0,0.9999999999999999
1000.0,Sub-Mars,64.0,64.5,64.25,0.0,0.0,0.9999999999999999
1000.0,Sub-Mars,64.5,65.0,64.75,0.0,0.0,0.9999999999999999
1000.0,Sub-Mars,65.0,65.5,65.25,0.0,0.0,0.9999999999999999
1000.0,Sub-Mars,65.5,66.0,65.75,0.0,0.0,0.9999999999999999
1000.0,Sub-Mars,66.0,66.5,66.25,0.0,0.0,0.9999999999999999
1000.0,Sub-Mars,66.5,67.0,66.75,0.0,0.0,0.9999999999999999
1000.0,Sub-Mars,67.0,67.5,67.25,0.0,0.0,0.9999999999999999
1000.0,Sub-Mars,67.5,68.0,67.75,0.0,0.0,0.9999999999999999
1000.0,Sub-Mars,68.0,68.5,68.25,0.0,0.0,0.9999999999999999
1000.0,Sub-Mars,68.5,69.0,68.75,0.0,0.0,0.9999999999999999
1000.0,Sub-Mars,69.0,69.5,69.25,0.0,0.0,0.9999999999999999
1000.0,Sub-Mars,69.5,70.0,69.75,0.0,0.0,0.9999999999999999
1000.0,Sub-Mars,70.0,70.5,70.25,0.0,0.0,0.9999999999999999
1000.0,Sub-Mars,70.5,71.0,70.75,0.0,0.0,0.9999999999999999
1000.0,Sub-Mars,71.0,71.5,71.25,0.0,0.0,0.9999999999999999
1000.0,Sub-Mars,71.5,72.0,71.75,0.0,0.0,0.9999999999999999
1000.0,Sub-Mars,72.0,72.5,72.25,0.0,0.0,0.9999999999999999
1000.0,Sub-Mars,72.5,73.0,72.75,0.0,0.0,0.9999999999999999
1000.0,Sub-Mars,73.0,73.5,73.25,0.0,0.0,0.9999999999999999
1000.0,Sub-Mars,73.5,74.0,73.75,0.0,0.0,0.9999999999999999
1000.0,Sub-Mars,74.0,74.5,74.25,0.0,0.0,0.9999999999999999
1000.0,Sub-Mars,74.5,75.0,74.75,0.0,0.0,0.9999999999999999
1000.0,Sub-Mars,75.0,75.5,75.25,0.0,0.0,0.9999999999999999
1000.0,Sub-Mars,75.5,76.0,75.75,0.0,0.0,0.9999999999999999
1000.0,Sub-Mars,76.0,76.5,76.25,0.0,0.0,0.9999999999999999
1000.0,Sub-Mars,76.5,77.0,76.75,0.0,0.0,0.9999999999999999
1000.0,Sub-Mars,77.0,77.5,77.25,0.0,0.0,0.9999999999999999
1000.0,Sub-Mars,77.5,78.0,77.75,0.0,0.0,0.9999999999999999
1000.0,Sub-Mars,78.0,78.5,78.25,0.0,0.0,0.9999999999999999
1000.0,Sub-Mars,78.5,79.0,78.75,0.0,0.0,0.9999999999999999
1000.0,Sub-Mars,79.0,79.5,79.25,0.0,0.0,0.9999999999999999
1000.0,Sub-Mars,79.5,80.0,79.75,0.0,0.0,0.9999999999999999
1000.0,Sub-Mars,80.0,80.5,80.25,0.0,0.0,0.9999999999999999
1000.0,Sub-Mars,80.5,81.0,80.75,0.0,0.0,0.9999999999999999
1000.0,Sub-Mars,81.0,81.5,81.25,0.0,0.0,0.9999999999999999
1000.0,Sub-Mars,81.5,82.0,81.75,0.0,0.0,0.9999999999999999
1000.0,Sub-Mars,82.0,82.5,82.25,0.0,0.0,0.9999999999999999
1000.0,Sub-Mars,82.5,83.0,82.75,0.0,0.0,0.9999999999999999
1000.0,Sub-Mars,83.0,83.5,83.25,0.0,0.0,0.9999999999999999
1000.0,Sub-Mars,83.5,84.0,83.75,0.0,0.0,0.9999999999999999
1000.0,Sub-Mars,84.0,84.5,84.25,0.0,0.0,0.9999999999999999
1000.0,Sub-Mars,84.5,85.0,84.75,0.0,0.0,0.9999999999999999
1000.0,Sub-Mars,85.0,85.5,85.25,0.0,0.0,0.9999999999999999
1000.0,Sub-Mars,85.5,86.0,85.75,0.0,0.0,0.9999999999999999
1000.0,Sub-Mars,86.0,86.5,86.25,0.0,0.0,0.9999999999999999
1000.0,Sub-Mars,86.5,87.0,86.75,0.0,0.0,0.9999999999999999
1000.0,Sub-Mars,87.0,87.5,87.25,0.0,0.0,0.9999999999999999
1000.0,Sub-Mars,87.5,88.0,87.75,0.0,0.0,0.9999999999999999
1000.0,Sub-Mars,88.0,88.5,88.25,0.0,0.0,0.9999999999999999
1000.0,Sub-Mars,88.5,89.0,88.75,0.0,0.0,0.9999999999999999
1000.0,Sub-Mars,89.0,89.5,89.25,0.0,0.0,0.9999999999999999
1000.0,Sub-Mars,89.5,90.0,89.75,0.0,0.0,0.9999999999999999
1000.0,Trailing,0.0,0.5,0.25,0.0,0.0,0.0
1000.0,Trailing,0.5,1.0,0.75,0.0,0.0,0.0
1000.0,Trailing,1.0,1.5,1.25,0.0,0.0,0.0
1000.0,Trailing,1.5,2.0,1.75,0.0,0.0,0.0
1000.0,Trailing,2.0,2.5,2.25,0.0,0.0,0.0
1000.0,Trailing,2.5,3.0,2.75,0.0,0.0,0.0
1000.0,Trailing,3.0,3.5,3.25,0.0,0.0,0.0
1000.0,Trailing,3.5,4.0,3.75,0.0,0.0,0.0
1000.0,Trailing,4.0,4.5,4.25,0.0,0.0,0.0
1000.0,Trailing,4.5,5.0,4.75,0.0,0.0,0.0
1000.0,Trailing,5.0,5.5,5.25,0.0,0.0,0.0
1000.0,Trailing,5.5,6.0,5.75,0.0,0.0,0.0
1000.0,Trailing,6.0,6.5,6.25,0.0050283179099999955,0.06719022687609076,0.06719022687609076
1000.0,Trailing,6.5,7.0,6.75,0.007509825449999991,0.10034904013961604,0.16753926701570682
1000.0,Trailing,7.0,7.5,7.25,0.0071180084699999915,0.0951134380453752,0.262652705061082
1000.0,Trailing,7.5,8.0,7.75,0.006269071679999993,0.0837696335078534,0.3464223385689354
1000.0,Trailing,8.0,8.5,8.25,0.006269071679999993,0.0837696335078534,0.4301919720767888
1000.0,Trailing,8.5,9.0,8.75,0.005811951869999994,0.07766143106457242,0.5078534031413612
1000.0,Trailing,9.0,9.5,9.25,0.005681346209999994,0.07591623036649214,0.5837696335078533
1000.0,Trailing,9.5,10.0,9.75,0.004767106589999996,0.06369982547993021,0.6474694589877835
1000.0,Trailing,10.0,10.5,10.25,0.004767106589999996,0.06369982547993021,0.7111692844677138
1000.0,Trailing,10.5,11.0,10.75,0.004767106589999996,0.06369982547993021,0.774869109947644
1000.0,Trailing,11.0,11.5,11.25,0.004179381119999997,0.05584642233856896,0.830715532286213
1000.0,Trailing,11.5,12.0,11.75,0.004571198099999996,0.06108202443280979,0.8917975567190227
1000.0,Trailing,12.0,12.5,12.25,0.0037875641399999975,0.050610820244328114,0.9424083769633509
1000.0,Trailing,12.5,13.0,12.75,0.003526352819999998,0.04712041884816756,0.9895287958115184
1000.0,Trailing,13.0,13.5,13.25,0.0007836339599999999,0.010471204188481685,1.0
1000.0,Trailing,13.5,14.0,13.75,0.0,0.0,1.0
1000.0,Trailing,14.0,14.5,14.25,0.0,0.0,1.0
1000.0,Trailing,14.5,15.0,14.75,0.0,0.0,1.0
1000.0,Trailing,15.0,15.5,15.25,0.0,0.0,1.0
1000.0,Trailing,15.5,16.0,15.75,0.0,0.0,1.0
1000.0,Trailing,16.0,16.5,16.25,0.0,0.0,1.0
1000.0,Trailing,16.5,17.0,16.75,0.0,0.0,1.0
1000.0,Trailing,17.0,17.5,17.25,0.0,0.0,1.0
1000.0,Trailing,17.5,18.0,17.75,0.0,0.0,1.0
1000.0,Trailing,18.0,18.5,18.25,0.0,0.0,1.0
1000.0,Trailing,18.5,19.0,18.75,0.0,0.0,1.0
1000.0,Trailing,19.0,19.5,19.25,0.0,0.0,1.0
1000.0,Trailing,19.5,20.0,19.75,0.0,0.0,1.0
1000.0,Trailing,20.0,20.5,20.25,0.0,0.0,1.0
1000.0,Trailing,20.5,21.0,20.75,0.0,0.0,1.0
1000.0,Trailing,21.0,21.5,21.25,0.0,0.0,1.0
1000.0,Trailing,21.5,22.0,21.75,0.0,0.0,1.0
1000.0,Trailing,22.0,22.5,22.25,0.0,0.0,1.0
1000.0,Trailing,22.5,23.0,22.75,0.0,0.0,1.0
1000.0,Trailing,23.0,23.5,23.25,0.0,0.0,1.0
1000.0,Trailing,23.5,24.0,23.75,0.0,0.0,1.0
1000.0,Trailing,24.0,24.5,24.25,0.0,0.0,1.0
1000.0,Trailing,24.5,25.0,24.75,0.0,0.0,1.0
1000.0,Trailing,25.0,25.5,25.25,0.0,0.0,1.0
1000.0,Trailing,25.5,26.0,25.75,0.0,0.0,1.0
1000.0,Trailing,26.0,26.5,26.25,0.0,0.0,1.0
1000.0,Trailing,26.5,27.0,26.75,0.0,0.0,1.0
1000.0,Trailing,27.0,27.5,27.25,0.0,0.0,1.0
1000.0,Trailing,27.5,28.0,27.75,0.0,0.0,1.0
1000.0,Trailing,28.0,28.5,28.25,0.0,0.0,1.0
1000.0,Trailing,28.5,29.0,28.75,0.0,0.0,1.0
1000.0,Trailing,29.0,29.5,29.25,0.0,0.0,1.0
1000.0,Trailing,29.5,30.0,29.75,0.0,0.0,1.0
1000.0,Trailing,30.0,30.5,30.25,0.0,0.0,1.0
1000.0,Trailing,30.5,31.0,30.75,0.0,0.0,1.0
1000.0,Trailing,31.0,31.5,31.25,0.0,0.0,1.0
1000.0,Trailing,31.5,32.0,31.75,0.0,0.0,1.0
1000.0,Trailing,32.0,32.5,32.25,0.0,0.0,1.0
1000.0,Trailing,32.5,33.0,32.75,0.0,0.0,1.0
1000.0,Trailing,33.0,33.5,33.25,0.0,0.0,1.0
1000.0,Trailing,33.5,34.0,33.75,0.0,0.0,1.0
1000.0,Trailing,34.0,34.5,34.25,0.0,0.0,1.0
1000.0,Trailing,34.5,35.0,34.75,0.0,0.0,1.0
1000.0,Trailing,35.0,35.5,35.25,0.0,0.0,1.0
1000.0,Trailing,35.5,36.0,35.75,0.0,0.0,1.0
1000.0,Trailing,36.0,36.5,36.25,0.0,0.0,1.0
1000.0,Trailing,36.5,37.0,36.75,0.0,0.0,1.0
1000.0,Trailing,37.0,37.5,37.25,0.0,0.0,1.0
1000.0,Trailing,37.5,38.0,37.75,0.0,0.0,1.0
1000.0,Trailing,38.0,38.5,38.25,0.0,0.0,1.0
1000.0,Trailing,38.5,39.0,38.75,0.0,0.0,1.0
1000.0,Trailing,39.0,39.5,39.25,0.0,0.0,1.0
1000.0,Trailing,39.5,40.0,39.75,0.0,0.0,1.0
1000.0,Trailing,40.0,40.5,40.25,0.0,0.0,1.0
1000.0,Trailing,40.5,41.0,40.75,0.0,0.0,1.0
1000.0,Trailing,41.0,41.5,41.25,0.0,0.0,1.0
1000.0,Trailing,41.5,42.0,41.75,0.0,0.0,1.0
1000.0,Trailing,42.0,42.5,42.25,0.0,0.0,1.0
1000.0,Trailing,42.5,43.0,42.75,0.0,0.0,1.0
1000.0,Trailing,43.0,43.5,43.25,0.0,0.0,1.0
1000.0,Trailing,43.5,44.0,43.75,0.0,0.0,1.0
1000.0,Trailing,44.0,44.5,44.25,0.0,0.0,1.0
1000.0,Trailing,44.5,45.0,44.75,0.0,0.0,1.0
1000.0,Trailing,45.0,45.5,45.25,0.0,0.0,1.0
1000.0,Trailing,45.5,46.0,45.75,0.0,0.0,1.0
1000.0,Trailing,46.0,46.5,46.25,0.0,0.0,1.0
1000.0,Trailing,46.5,47.0,46.75,0.0,0.0,1.0
1000.0,Trailing,47.0,47.5,47.25,0.0,0.0,1.0
1000.0,Trailing,47.5,48.0,47.75,0.0,0.0,1.0
1000.0,Trailing,48.0,48.5,48.25,0.0,0.0,1.0
1000.0,Trailing,48.5,49.0,48.75,0.0,0.0,1.0
1000.0,Trailing,49.0,49.5,49.25,0.0,0.0,1.0
1000.0,Trailing,49.5,50.0,49.75,0.0,0.0,1.0
1000.0,Trailing,50.0,50.5,50.25,0.0,0.0,1.0
1000.0,Trailing,50.5,51.0,50.75,0.0,0.0,1.0
1000.0,Trailing,51.0,51.5,51.25,0.0,0.0,1.0
1000.0,Trailing,51.5,52.0,51.75,0.0,0.0,1.0
1000.0,Trailing,52.0,52.5,52.25,0.0,0.0,1.0
1000.0,Trailing,52.5,53.0,52.75,0.0,0.0,1.0
1000.0,Trailing,53.0,53.5,53.25,0.0,0.0,1.0
1000.0,Trailing,53.5,54.0,53.75,0.0,0.0,1.0
1000.0,Trailing,54.0,54.5,54.25,0.0,0.0,1.0
1000.0,Trailing,54.5,55.0,54.75,0.0,0.0,1.0
1000.0,Trailing,55.0,55.5,55.25,0.0,0.0,1.0
1000.0,Trailing,55.5,56.0,55.75,0.0,0.0,1.0
1000.0,Trailing,56.0,56.5,56.25,0.0,0.0,1.0
1000.0,Trailing,56.5,57.0,56.75,0.0,0.0,1.0
1000.0,Trailing,57.0,57.5,57.25,0.0,0.0,1.0
1000.0,Trailing,57.5,58.0,57.75,0.0,0.0,1.0
1000.0,Trailing,58.0,58.5,58.25,0.0,0.0,1.0
1000.0,Trailing,58.5,59.0,58.75,0.0,0.0,1.0
1000.0,Trailing,59.0,59.5,59.25,0.0,0.0,1.0
1000.0,Trailing,59.5,60.0,59.75,0.0,0.0,1.0
1000.0,Trailing,60.0,60.5,60.25,0.0,0.0,1.0
1000.0,Trailing,60.5,61.0,60.75,0.0,0.0,1.0
1000.0,Trailing,61.0,61.5,61.25,0.0,0.0,1.0
1000.0,Trailing,61.5,62.0,61.75,0.0,0.0,1.0
1000.0,Trailing,62.0,62.5,62.25,0.0,0.0,1.0
1000.0,Trailing,62.5,63.0,62.75,0.0,0.0,1.0
1000.0,Trailing,63.0,63.5,63.25,0.0,0.0,1.0
1000.0,Trailing,63.5,64.0,63.75,0.0,0.0,1.0
1000.0,Trailing,64.0,64.5,64.25,0.0,0.0,1.0
1000.0,Trailing,64.5,65.0,64.75,0.0,0.0,1.0
1000.0,Trailing,65.0,65.5,65.25,0.0,0.0,1.0
1000.0,Trailing,65.5,66.0,65.75,0.0,0.0,1.0
1000.0,Trailing,66.0,66.5,66.25,0.0,0.0,1.0
1000.0,Trailing,66.5,67.0,66.75,0.0,0.0,1.0
1000.0,Trailing,67.0,67.5,67.25,0.0,0.0,1.0
1000.0,Trailing,67.5,68.0,67.75,0.0,0.0,1.0
1000.0,Trailing,68.0,68.5,68.25,0.0,0.0,1.0
1000.0,Trailing,68.5,69.0,68.75,0.0,0.0,1.0
1000.0,Trailing,69.0,69.5,69.25,0.0,0.0,1.0
1000.0,Trailing,69.5,70.0,69.75,0.0,0.0,1.0
1000.0,Trailing,70.0,70.5,70.25,0.0,0.0,1.0
1000.0,Trailing,70.5,71.0,70.75,0.0,0.0,1.0
1000.0,Trailing,71.0,71.5,71.25,0.0,0.0,1.0
1000.0,Trailing,71.5,72.0,71.75,0.0,0.0,1.0
1000.0,Trailing,72.0,72.5,72.25,0.0,0.0,1.0
1000.0,Trailing,72.5,73.0,72.75,0.0,0.0,1.0
1000.0,Trailing,73.0,73.5,73.25,0.0,0.0,1.0
1000.0,Trailing,73.5,74.0,73.75,0.0,0.0,1.0
1000.0,Trailing,74.0,74.5,74.25,0.0,0.0,1.0
1000.0,Trailing,74.5,75.0,74.75,0.0,0.0,1.0
1000.0,Trailing,75.0,75.5,75.25,0.0,0.0,1.0
1000.0,Trailing,75.5,76.0,75.75,0.0,0.0,1.0
1000.0,Trailing,76.0,76.5,76.25,0.0,0.0,1.0
1000.0,Trailing,76.5,77.0,76.75,0.0,0.0,1.0
1000.0,Trailing,77.0,77.5,77.25,0.0,0.0,1.0
1000.0,Trailing,77.5,78.0,77.75,0.0,0.0,1.0
1000.0,Trailing,78.0,78.5,78.25,0.0,0.0,1.0
1000.0,Trailing,78.5,79.0,78.75,0.0,0.0,1.0
1000.0,Trailing,79.0,79.5,79.25,0.0,0.0,1.0
1000.0,Trailing,79.5,80.0,79.75,0.0,0.0,1.0
1000.0,Trailing,80.0,80.5,80.25,0.0,0.0,1.0
1000.0,Trailing,80.5,81.0,80.75,0.0,0.0,1.0
1000.0,Trailing,81.0,81.5,81.25,0.0,0.0,1.0
1000.0,Trailing,81.5,82.0,81.75,0.0,0.0,1.0
1000.0,Trailing,82.0,82.5,82.25,0.0,0.0,1.0
1000.0,Trailing,82.5,83.0,82.75,0.0,0.0,1.0
1000.0,Trailing,83.0,83.5,83.25,0.0,0.0,1.0
1000.0,Trailing,83.5,84.0,83.75,0.0,0.0,1.0
1000.0,Trailing,84.0,84.5,84.25,0.0,0.0,1.0
1000.0,Trailing,84.5,85.0,84.75,0.0,0.0,1.0
1000.0,Trailing,85.0,85.5,85.25,0.0,0.0,1.0
1000.0,Trailing,85.5,86.0,85.75,0.0,0.0,1.0
1000.0,Trailing,86.0,86.5,86.25,0.0,0.0,1.0
1000.0,Trailing,86.5,87.0,86.75,0.0,0.0,1.0
1000.0,Trailing,87.0,87.5,87.25,0.0,0.0,1.0
1000.0,Trailing,87.5,88.0,87.75,0.0,0.0,1.0
1000.0,Trailing,88.0,88.5,88.25,0.0,0.0,1.0
1000.0,Trailing,88.5,89.0,88.75,0.0,0.0,1.0
1000.0,Trailing,89.0,89.5,89.25,0.0,0.0,1.0
1000.0,Trailing,89.5,90.0,89.75,0.0,0.0,1.0
1000.0,Anti-Mars,0.0,0.5,0.25,0.0,0.0,0.0
1000.0,Anti-Mars,0.5,1.0,0.75,0.0,0.0,0.0
1000.0,Anti-Mars,1.0,1.5,1.25,0.0,0.0,0.0
1000.0,Anti-Mars,1.5,2.0,1.75,0.0,0.0,0.0
1000.0,Anti-Mars,2.0,2.5,2.25,0.0,0.0,0.0
1000.0,Anti-Mars,2.5,3.0,2.75,0.0,0.0,0.0
1000.0,Anti-Mars,3.0,3.5,3.25,0.0,0.0,0.0
1000.0,Anti-Mars,3.5,4.0,3.75,0.0,0.0,0.0
1000.0,Anti-Mars,4.0,4.5,4.25,0.0,0.0,0.0
1000.0,Anti-Mars,4.5,5.0,4.75,0.0,0.0,0.0
1000.0,Anti-Mars,5.0,5.5,5.25,0.0,0.0,0.0
1000.0,Anti-Mars,5.5,6.0,5.75,0.0,0.0,0.0
1000.0,Anti-Mars,6.0,6.5,6.25,0.0037875641399999996,0.04471858134155732,0.04471858134155732
1000.0,Anti-Mars,6.5,7.0,6.75,0.00790164242999999,0.09329221279876602,0.13801079414032336
1000.0,Anti-Mars,7.0,7.5,7.25,0.01188511506000003,0.1403238242097147,0.27833461835003803
1000.0,Anti-Mars,7.5,8.0,7.75,0.01586858769000007,0.1873554356206634,0.4656900539707014
1000.0,Anti-Mars,8.0,8.5,8.25,0.017827672590000048,0.2104857363145721,0.6761757902852735
1000.0,Anti-Mars,8.5,9.0,8.75,0.013452382980000054,0.15882806476484215,0.8350038550501157
1000.0,Anti-Mars,9.0,9.5,9.25,0.011689206570000034,0.13801079414032386,0.9730146491904395
1000.0,Anti-Mars,9.5,10.0,9.75,0.0022855990500000004,0.026985350809560455,0.9999999999999999
1000.0,Anti-Mars,10.0,10.5,10.25,0.0,0.0,0.9999999999999999
1000.0,Anti-Mars,10.5,11.0,10.75,0.0,0.0,0.9999999999999999
1000.0,Anti-Mars,11.0,11.5,11.25,0.0,0.0,0.9999999999999999
1000.0,Anti-Mars,11.5,12.0,11.75,0.0,0.0,0.9999999999999999
1000.0,Anti-Mars,12.0,12.5,12.25,0.0,0.0,0.9999999999999999
1000.0,Anti-Mars,12.5,13.0,12.75,0.0,0.0,0.9999999999999999
1000.0,Anti-Mars,13.0,13.5,13.25,0.0,0.0,0.9999999999999999
1000.0,Anti-Mars,13.5,14.0,13.75,0.0,0.0,0.9999999999999999
1000.0,Anti-Mars,14.0,14.5,14.25,0.0,0.0,0.9999999999999999
1000.0,Anti-Mars,14.5,15.0,14.75,0.0,0.0,0.9999999999999999
1000.0,Anti-Mars,15.0,15.5,15.25,0.0,0.0,0.9999999999999999
1000.0,Anti-Mars,15.5,16.0,15.75,0.0,0.0,0.9999999999999999
1000.0,Anti-Mars,16.0,16.5,16.25,0.0,0.0,0.9999999999999999
1000.0,Anti-Mars,16.5,17.0,16.75,0.0,0.0,0.9999999999999999
1000.0,Anti-Mars,17.0,17.5,17.25,0.0,0.0,0.9999999999999999
1000.0,Anti-Mars,17.5,18.0,17.75,0.0,0.0,0.9999999999999999
1000.0,Anti-Mars,18.0,18.5,18.25,0.0,0.0,0.9999999999999999
1000.0,Anti-Mars,18.5,19.0,18.75,0.0,0.0,0.9999999999999999
1000.0,Anti-Mars,19.0,19.5,19.25,0.0,0.0,0.9999999999999999
1000.0,Anti-Mars,19.5,20.0,19.75,0.0,0.0,0.9999999999999999
1000.0,Anti-Mars,20.0,20.5,20.25,0.0,0.0,0.9999999999999999
1000.0,Anti-Mars,20.5,21.0,20.75,0.0,0.0,0.9999999999999999
1000.0,Anti-Mars,21.0,21.5,21.25,0.0,0.0,0.9999999999999999
1000.0,Anti-Mars,21.5,22.0,21.75,0.0,0.0,0.9999999999999999
1000.0,Anti-Mars,22.0,22.5,22.25,0.0,0.0,0.9999999999999999
1000.0,Anti-Mars,22.5,23.0,22.75,0.0,0.0,0.9999999999999999
1000.0,Anti-Mars,23.0,23.5,23.25,0.0,0.0,0.9999999999999999
1000.0,Anti-Mars,23.5,24.0,23.75,0.0,0.0,0.9999999999999999
1000.0,Anti-Mars,24.0,24.5,24.25,0.0,0.0,0.9999999999999999
1000.0,Anti-Mars,24.5,25.0,24.75,0.0,0.0,0.9999999999999999
1000.0,Anti-Mars,25.0,25.5,25.25,0.0,0.0,0.9999999999999999
1000.0,Anti-Mars,25.5,26.0,25.75,0.0,0.0,0.9999999999999999
1000.0,Anti-Mars,26.0,26.5,26.25,0.0,0.0,0.9999999999999999
1000.0,Anti-Mars,26.5,27.0,26.75,0.0,0.0,0.9999999999999999
1000.0,Anti-Mars,27.0,27.5,27.25,0.0,0.0,0.9999999999999999
1000.0,Anti-Mars,27.5,28.0,27.75,0.0,0.0,0.9999999999999999
1000.0,Anti-Mars,28.0,28.5,28.25,0.0,0.0,0.9999999999999999
1000.0,Anti-Mars,28.5,29.0,28.75,0.0,0.0,0.9999999999999999
1000.0,Anti-Mars,29.0,29.5,29.25,0.0,0.0,0.9999999999999999
1000.0,Anti-Mars,29.5,30.0,29.75,0.0,0.0,0.9999999999999999
1000.0,Anti-Mars,30.0,30.5,30.25,0.0,0.0,0.9999999999999999
1000.0,Anti-Mars,30.5,31.0,30.75,0.0,0.0,0.9999999999999999
1000.0,Anti-Mars,31.0,31.5,31.25,0.0,0.0,0.9999999999999999
1000.0,Anti-Mars,31.5,32.0,31.75,0.0,0.0,0.9999999999999999
1000.0,Anti-Mars,32.0,32.5,32.25,0.0,0.0,0.9999999999999999
1000.0,Anti-Mars,32.5,33.0,32.75,0.0,0.0,0.9999999999999999
1000.0,Anti-Mars,33.0,33.5,33.25,0.0,0.0,0.9999999999999999
1000.0,Anti-Mars,33.5,34.0,33.75,0.0,0.0,0.9999999999999999
1000.0,Anti-Mars,34.0,34.5,34.25,0.0,0.0,0.9999999999999999
1000.0,Anti-Mars,34.5,35.0,34.75,0.0,0.0,0.9999999999999999
1000.0,Anti-Mars,35.0,35.5,35.25,0.0,0.0,0.9999999999999999
1000.0,Anti-Mars,35.5,36.0,35.75,0.0,0.0,0.9999999999999999
1000.0,Anti-Mars,36.0,36.5,36.25,0.0,0.0,0.9999999999999999
1000.0,Anti-Mars,36.5,37.0,36.75,0.0,0.0,0.9999999999999999
1000.0,Anti-Mars,37.0,37.5,37.25,0.0,0.0,0.9999999999999999
1000.0,Anti-Mars,37.5,38.0,37.75,0.0,0.0,0.9999999999999999
1000.0,Anti-Mars,38.0,38.5,38.25,0.0,0.0,0.9999999999999999
1000.0,Anti-Mars,38.5,39.0,38.75,0.0,0.0,0.9999999999999999
1000.0,Anti-Mars,39.0,39.5,39.25,0.0,0.0,0.9999999999999999
1000.0,Anti-Mars,39.5,40.0,39.75,0.0,0.0,0.9999999999999999
1000.0,Anti-Mars,40.0,40.5,40.25,0.0,0.0,0.9999999999999999
1000.0,Anti-Mars,40.5,41.0,40.75,0.0,0.0,0.9999999999999999
1000.0,Anti-Mars,41.0,41.5,41.25,0.0,0.0,0.9999999999999999
1000.0,Anti-Mars,41.5,42.0,41.75,0.0,0.0,0.9999999999999999
1000.0,Anti-Mars,42.0,42.5,42.25,0.0,0.0,0.9999999999999999
1000.0,Anti-Mars,42.5,43.0,42.75,0.0,0.0,0.9999999999999999
1000.0,Anti-Mars,43.0,43.5,43.25,0.0,0.0,0.9999999999999999
1000.0,Anti-Mars,43.5,44.0,43.75,0.0,0.0,0.9999999999999999
1000.0,Anti-Mars,44.0,44.5,44.25,0.0,0.0,0.9999999999999999
1000.0,Anti-Mars,44.5,45.0,44.75,0.0,0.0,0.9999999999999999
1000.0,Anti-Mars,45.0,45.5,45.25,0.0,0.0,0.9999999999999999
1000.0,Anti-Mars,45.5,46.0,45.75,0.0,0.0,0.9999999999999999
1000.0,Anti-Mars,46.0,46.5,46.25,0.0,0.0,0.9999999999999999
1000.0,Anti-Mars,46.5,47.0,46.75,0.0,0.0,0.9999999999999999
1000.0,Anti-Mars,47.0,47.5,47.25,0.0,0.0,0.9999999999999999
1000.0,Anti-Mars,47.5,48.0,47.75,0.0,0.0,0.9999999999999999
1000.0,Anti-Mars,48.0,48.5,48.25,0.0,0.0,0.9999999999999999
1000.0,Anti-Mars,48.5,49.0,48.75,0.0,0.0,0.9999999999999999
1000.0,Anti-Mars,49.0,49.5,49.25,0.0,0.0,0.9999999999999999
1000.0,Anti-Mars,49.5,50.0,49.75,0.0,0.0,0.9999999999999999
1000.0,Anti-Mars,50.0,50.5,50.25,0.0,0.0,0.9999999999999999
1000.0,Anti-Mars,50.5,51.0,50.75,0.0,0.0,0.9999999999999999
1000.0,Anti-Mars,51.0,51.5,51.25,0.0,0.0,0.9999999999999999
1000.0,Anti-Mars,51.5,52.0,51.75,0.0,0.0,0.9999999999999999
1000.0,Anti-Mars,52.0,52.5,52.25,0.0,0.0,0.9999999999999999
1000.0,Anti-Mars,52.5,53.0,52.75,0.0,0.0,0.9999999999999999
1000.0,Anti-Mars,53.0,53.5,53.25,0.0,0.0,0.9999999999999999
1000.0,Anti-Mars,53.5,54.0,53.75,0.0,0.0,0.9999999999999999
1000.0,Anti-Mars,54.0,54.5,54.25,0.0,0.0,0.9999999999999999
1000.0,Anti-Mars,54.5,55.0,54.75,0.0,0.0,0.9999999999999999
1000.0,Anti-Mars,55.0,55.5,55.25,0.0,0.0,0.9999999999999999
1000.0,Anti-Mars,55.5,56.0,55.75,0.0,0.0,0.9999999999999999
1000.0,Anti-Mars,56.0,56.5,56.25,0.0,0.0,0.9999999999999999
1000.0,Anti-Mars,56.5,57.0,56.75,0.0,0.0,0.9999999999999999
1000.0,Anti-Mars,57.0,57.5,57.25,0.0,0.0,0.9999999999999999
1000.0,Anti-Mars,57.5,58.0,57.75,0.0,0.0,0.9999999999999999
1000.0,Anti-Mars,58.0,58.5,58.25,0.0,0.0,0.9999999999999999
1000.0,Anti-Mars,58.5,59.0,58.75,0.0,0.0,0.9999999999999999
1000.0,Anti-Mars,59.0,59.5,59.25,0.0,0.0,0.9999999999999999
1000.0,Anti-Mars,59.5,60.0,59.75,0.0,0.0,0.9999999999999999
1000.0,Anti-Mars,60.0,60.5,60.25,0.0,0.0,0.9999999999999999
1000.0,Anti-Mars,60.5,61.0,60.75,0.0,0.0,0.9999999999999999
1000.0,Anti-Mars,61.0,61.5,61.25,0.0,0.0,0.9999999999999999
1000.0,Anti-Mars,61.5,62.0,61.75,0.0,0.0,0.9999999999999999
1000.0,Anti-Mars,62.0,62.5,62.25,0.0,0.0,0.9999999999999999
1000.0,Anti-Mars,62.5,63.0,62.75,0.0,0.0,0.9999999999999999
1000.0,Anti-Mars,63.0,63.5,63.25,0.0,0.0,0.9999999999999999
1000.0,Anti-Mars,63.5,64.0,63.75,0.0,0.0,0.9999999999999999
1000.0,Anti-Mars,64.0,64.5,64.25,0.0,0.0,0.9999999999999999
1000.0,Anti-Mars,64.5,65.0,64.75,0.0,0.0,0.9999999999999999
1000.0,Anti-Mars,65.0,65.5,65.25,0.0,0.0,0.9999999999999999
1000.0,Anti-Mars,65.5,66.0,65.75,0.0,0.0,0.9999999999999999
1000.0,Anti-Mars,66.0,66.5,66.25,0.0,0.0,0.9999999999999999
1000.0,Anti-Mars,66.5,67.0,66.75,0.0,0.0,0.9999999999999999
1000.0,Anti-Mars,67.0,67.5,67.25,0.0,0.0,0.9999999999999999
1000.0,Anti-Mars,67.5,68.0,67.75,0.0,0.0,0.9999999999999999
1000.0,Anti-Mars,68.0,68.5,68.25,0.0,0.0,0.9999999999999999
1000.0,Anti-Mars,68.5,69.0,68.75,0.0,0.0,0.9999999999999999
1000.0,Anti-Mars,69.0,69.5,69.25,0.0,0.0,0.9999999999999999
1000.0,Anti-Mars,69.5,70.0,69.75,0.0,0.0,0.9999999999999999
1000.0,Anti-Mars,70.0,70.5,70.25,0.0,0.0,0.9999999999999999
1000.0,Anti-Mars,70.5,71.0,70.75,0.0,0.0,0.9999999999999999
1000.0,Anti-Mars,71.0,71.5,71.25,0.0,0.0,0.9999999999999999
1000.0,Anti-Mars,71.5,72.0,71.75,0.0,0.0,0.9999999999999999
1000.0,Anti-Mars,72.0,72.5,72.25,0.0,0.0,0.9999999999999999
1000.0,Anti-Mars,72.5,73.0,72.75,0.0,0.0,0.9999999999999999
1000.0,Anti-Mars,73.0,73.5,73.25,0.0,0.0,0.9999999999999999
1000.0,Anti-Mars,73.5,74.0,73.75,0.0,0.0,0.9999999999999999
1000.0,Anti-Mars,74.0,74.5,74.25,0.0,0.0,0.9999999999999999
1000.0,Anti-Mars,74.5,75.0,74.75,0.0,0.0,0.9999999999999999
1000.0,Anti-Mars,75.0,75.5,75.25,0.0,0.0,0.9999999999999999
1000.0,Anti-Mars,75.5,76.0,75.75,0.0,0.0,0.9999999999999999
1000.0,Anti-Mars,76.0,76.5,76.25,0.0,0.0,0.9999999999999999
1000.0,Anti-Mars,76.5,77.0,76.75,0.0,0.0,0.9999999999999999
1000.0,Anti-Mars,77.0,77.5,77.25,0.0,0.0,0.9999999999999999
1000.0,Anti-Mars,77.5,78.0,77.75,0.0,0.0,0.9999999999999999
1000.0,Anti-Mars,78.0,78.5,78.25,0.0,0.0,0.9999999999999999
1000.0,Anti-Mars,78.5,79.0,78.75,0.0,0.0,0.9999999999999999
1000.0,Anti-Mars,79.0,79.5,79.25,0.0,0.0,0.9999999999999999
1000.0,Anti-Mars,79.5,80.0,79.75,0.0,0.0,0.9999999999999999
1000.0,Anti-Mars,80.0,80.5,80.25,0.0,0.0,0.9999999999999999
1000.0,Anti-Mars,80.5,81.0,80.75,0.0,0.0,0.9999999999999999
1000.0,Anti-Mars,81.0,81.5,81.25,0.0,0.0,0.9999999999999999
1000.0,Anti-Mars,81.5,82.0,81.75,0.0,0.0,0.9999999999999999
1000.0,Anti-Mars,82.0,82.5,82.25,0.0,0.0,0.9999999999999999
1000.0,Anti-Mars,82.5,83.0,82.75,0.0,0.0,0.9999999999999999
1000.0,Anti-Mars,83.0,83.5,83.25,0.0,0.0,0.9999999999999999
1000.0,Anti-Mars,83.5,84.0,83.75,0.0,0.0,0.9999999999999999
1000.0,Anti-Mars,84.0,84.5,84.25,0.0,0.0,0.9999999999999999
1000.0,Anti-Mars,84.5,85.0,84.75,0.0,0.0,0.9999999999999999
1000.0,Anti-Mars,85.0,85.5,85.25,0.0,0.0,0.9999999999999999
1000.0,Anti-Mars,85.5,86.0,85.75,0.0,0.0,0.9999999999999999
1000.0,Anti-Mars,86.0,86.5,86.25,0.0,0.0,0.9999999999999999
1000.0,Anti-Mars,86.5,87.0,86.75,0.0,0.0,0.9999999999999999
1000.0,Anti-Mars,87.0,87.5,87.25,0.0,0.0,0.9999999999999999
1000.0,Anti-Mars,87.5,88.0,87.75,0.0,0.0,0.9999999999999999
1000.0,Anti-Mars,88.0,88.5,88.25,0.0,0.0,0.9999999999999999
1000.0,Anti-Mars,88.5,89.0,88.75,0.0,0.0,0.9999999999999999
1000.0,Anti-Mars,89.0,89.5,89.25,0.0,0.0,0.9999999999999999
1000.0,Anti-Mars,89.5,90.0,89.75,0.0,0.0,0.9999999999999999
2000.0,Leading,0.0,0.5,0.25,0.0,0.0,0.0
2000.0,Leading,0.5,1.0,0.75,0.0,0.0,0.0
2000.0,Leading,1.0,1.5,1.25,0.0,0.0,0.0
2000.0,Leading,1.5,2.0,1.75,0.0,0.0,0.0
2000.0,Leading,2.0,2.5,2.25,0.0,0.0,0.0
2000.0,Leading,2.5,3.0,2.75,0.0,0.0,0.0
2000.0,Leading,3.0,3.5,3.25,0.0,0.0,0.0
2000.0,Leading,3.5,4.0,3.75,0.0,0.0,0.0
2000.0,Leading,4.0,4.5,4.25,0.0,0.0,0.0
2000.0,Leading,4.5,5.0,4.75,0.0,0.0,0.0
2000.0,Leading,5.0,5.5,5.25,0.0,0.0,0.0
2000.0,Leading,5.5,6.0,5.75,0.0,0.0,0.0
2000.0,Leading,6.0,6.5,6.25,0.0,0.0,0.0
2000.0,Leading,6.5,7.0,6.75,0.0,0.0,0.0
2000.0,Leading,7.0,7.5,7.25,0.019011016239999925,0.3113006396588486,0.3113006396588486
2000.0,Leading,7.5,8.0,7.75,0.026888868859999884,0.44029850746268634,0.7515991471215349
2000.0,Leading,8.0,8.5,8.25,0.013737412419999952,0.22494669509594892,0.9765458422174838
2000.0,Leading,8.5,9.0,8.75,0.0014323368400000005,0.02345415778251609,0.9999999999999999
2000.0,Leading,9.0,9.5,9.25,0.0,0.0,0.9999999999999999
2000.0,Leading,9.5,10.0,9.75,0.0,0.0,0.9999999999999999
2000.0,Leading,10.0,10.5,10.25,0.0,0.0,0.9999999999999999
2000.0,Leading,10.5,11.0,10.75,0.0,0.0,0.9999999999999999
2000.0,Leading,11.0,11.5,11.25,0.0,0.0,0.9999999999999999
2000.0,Leading,11.5,12.0,11.75,0.0,0.0,0.9999999999999999
2000.0,Leading,12.0,12.5,12.25,0.0,0.0,0.9999999999999999
2000.0,Leading,12.5,13.0,12.75,0.0,0.0,0.9999999999999999
2000.0,Leading,13.0,13.5,13.25,0.0,0.0,0.9999999999999999
2000.0,Leading,13.5,14.0,13.75,0.0,0.0,0.9999999999999999
2000.0,Leading,14.0,14.5,14.25,0.0,0.0,0.9999999999999999
2000.0,Leading,14.5,15.0,14.75,0.0,0.0,0.9999999999999999
2000.0,Leading,15.0,15.5,15.25,0.0,0.0,0.9999999999999999
2000.0,Leading,15.5,16.0,15.75,0.0,0.0,0.9999999999999999
2000.0,Leading,16.0,16.5,16.25,0.0,0.0,0.9999999999999999
2000.0,Leading,16.5,17.0,16.75,0.0,0.0,0.9999999999999999
2000.0,Leading,17.0,17.5,17.25,0.0,0.0,0.9999999999999999
2000.0,Leading,17.5,18.0,17.75,0.0,0.0,0.9999999999999999
2000.0,Leading,18.0,18.5,18.25,0.0,0.0,0.9999999999999999
2000.0,Leading,18.5,19.0,18.75,0.0,0.0,0.9999999999999999
2000.0,Leading,19.0,19.5,19.25,0.0,0.0,0.9999999999999999
2000.0,Leading,19.5,20.0,19.75,0.0,0.0,0.9999999999999999
2000.0,Leading,20.0,20.5,20.25,0.0,0.0,0.9999999999999999
2000.0,Leading,20.5,21.0,20.75,0.0,0.0,0.9999999999999999
2000.0,Leading,21.0,21.5,21.25,0.0,0.0,0.9999999999999999
2000.0,Leading,21.5,22.0,21.75,0.0,0.0,0.9999999999999999
2000.0,Leading,22.0,22.5,22.25,0.0,0.0,0.9999999999999999
2000.0,Leading,22.5,23.0,22.75,0.0,0.0,0.9999999999999999
2000.0,Leading,23.0,23.5,23.25,0.0,0.0,0.9999999999999999
2000.0,Leading,23.5,24.0,23.75,0.0,0.0,0.9999999999999999
2000.0,Leading,24.0,24.5,24.25,0.0,0.0,0.9999999999999999
2000.0,Leading,24.5,25.0,24.75,0.0,0.0,0.9999999999999999
2000.0,Leading,25.0,25.5,25.25,0.0,0.0,0.9999999999999999
2000.0,Leading,25.5,26.0,25.75,0.0,0.0,0.9999999999999999
2000.0,Leading,26.0,26.5,26.25,0.0,0.0,0.9999999999999999
2000.0,Leading,26.5,27.0,26.75,0.0,0.0,0.9999999999999999
2000.0,Leading,27.0,27.5,27.25,0.0,0.0,0.9999999999999999
2000.0,Leading,27.5,28.0,27.75,0.0,0.0,0.9999999999999999
2000.0,Leading,28.0,28.5,28.25,0.0,0.0,0.9999999999999999
2000.0,Leading,28.5,29.0,28.75,0.0,0.0,0.9999999999999999
2000.0,Leading,29.0,29.5,29.25,0.0,0.0,0.9999999999999999
2000.0,Leading,29.5,30.0,29.75,0.0,0.0,0.9999999999999999
2000.0,Leading,30.0,30.5,30.25,0.0,0.0,0.9999999999999999
2000.0,Leading,30.5,31.0,30.75,0.0,0.0,0.9999999999999999
2000.0,Leading,31.0,31.5,31.25,0.0,0.0,0.9999999999999999
2000.0,Leading,31.5,32.0,31.75,0.0,0.0,0.9999999999999999
2000.0,Leading,32.0,32.5,32.25,0.0,0.0,0.9999999999999999
2000.0,Leading,32.5,33.0,32.75,0.0,0.0,0.9999999999999999
2000.0,Leading,33.0,33.5,33.25,0.0,0.0,0.9999999999999999
2000.0,Leading,33.5,34.0,33.75,0.0,0.0,0.9999999999999999
2000.0,Leading,34.0,34.5,34.25,0.0,0.0,0.9999999999999999
2000.0,Leading,34.5,35.0,34.75,0.0,0.0,0.9999999999999999
2000.0,Leading,35.0,35.5,35.25,0.0,0.0,0.9999999999999999
2000.0,Leading,35.5,36.0,35.75,0.0,0.0,0.9999999999999999
2000.0,Leading,36.0,36.5,36.25,0.0,0.0,0.9999999999999999
2000.0,Leading,36.5,37.0,36.75,0.0,0.0,0.9999999999999999
2000.0,Leading,37.0,37.5,37.25,0.0,0.0,0.9999999999999999
2000.0,Leading,37.5,38.0,37.75,0.0,0.0,0.9999999999999999
2000.0,Leading,38.0,38.5,38.25,0.0,0.0,0.9999999999999999
2000.0,Leading,38.5,39.0,38.75,0.0,0.0,0.9999999999999999
2000.0,Leading,39.0,39.5,39.25,0.0,0.0,0.9999999999999999
2000.0,Leading,39.5,40.0,39.75,0.0,0.0,0.9999999999999999
2000.0,Leading,40.0,40.5,40.25,0.0,0.0,0.9999999999999999
2000.0,Leading,40.5,41.0,40.75,0.0,0.0,0.9999999999999999
2000.0,Leading,41.0,41.5,41.25,0.0,0.0,0.9999999999999999
2000.0,Leading,41.5,42.0,41.75,0.0,0.0,0.9999999999999999
2000.0,Leading,42.0,42.5,42.25,0.0,0.0,0.9999999999999999
2000.0,Leading,42.5,43.0,42.75,0.0,0.0,0.9999999999999999
2000.0,Leading,43.0,43.5,43.25,0.0,0.0,0.9999999999999999
2000.0,Leading,43.5,44.0,43.75,0.0,0.0,0.9999999999999999
2000.0,Leading,44.0,44.5,44.25,0.0,0.0,0.9999999999999999
2000.0,Leading,44.5,45.0,44.75,0.0,0.0,0.9999999999999999
2000.0,Leading,45.0,45.5,45.25,0.0,0.0,0.9999999999999999
2000.0,Leading,45.5,46.0,45.75,0.0,0.0,0.9999999999999999
2000.0,Leading,46.0,46.5,46.25,0.0,0.0,0.9999999999999999
2000.0,Leading,46.5,47.0,46.75,0.0,0.0,0.9999999999999999
2000.0,Leading,47.0,47.5,47.25,0.0,0.0,0.9999999999999999
2000.0,Leading,47.5,48.0,47.75,0.0,0.0,0.9999999999999999
2000.0,Leading,48.0,48.5,48.25,0.0,0.0,0.9999999999999999
2000.0,Leading,48.5,49.0,48.75,0.0,0.0,0.9999999999999999
2000.0,Leading,49.0,49.5,49.25,0.0,0.0,0.9999999999999999
2000.0,Leading,49.5,50.0,49.75,0.0,0.0,0.9999999999999999
2000.0,Leading,50.0,50.5,50.25,0.0,0.0,0.9999999999999999
2000.0,Leading,50.5,51.0,50.75,0.0,0.0,0.9999999999999999
2000.0,Leading,51.0,51.5,51.25,0.0,0.0,0.9999999999999999
2000.0,Leading,51.5,52.0,51.75,0.0,0.0,0.9999999999999999
2000.0,Leading,52.0,52.5,52.25,0.0,0.0,0.9999999999999999
2000.0,Leading,52.5,53.0,52.75,0.0,0.0,0.9999999999999999
2000.0,Leading,53.0,53.5,53.25,0.0,0.0,0.9999999999999999
2000.0,Leading,53.5,54.0,53.75,0.0,0.0,0.9999999999999999
2000.0,Leading,54.0,54.5,54.25,0.0,0.0,0.9999999999999999
2000.0,Leading,54.5,55.0,54.75,0.0,0.0,0.9999999999999999
2000.0,Leading,55.0,55.5,55.25,0.0,0.0,0.9999999999999999
2000.0,Leading,55.5,56.0,55.75,0.0,0.0,0.9999999999999999
2000.0,Leading,56.0,56.5,56.25,0.0,0.0,0.9999999999999999
2000.0,Leading,56.5,57.0,56.75,0.0,0.0,0.9999999999999999
2000.0,Leading,57.0,57.5,57.25,0.0,0.0,0.9999999999999999
2000.0,Leading,57.5,58.0,57.75,0.0,0.0,0.9999999999999999
2000.0,Leading,58.0,58.5,58.25,0.0,0.0,0.9999999999999999
2000.0,Leading,58.5,59.0,58.75,0.0,0.0,0.9999999999999999
2000.0,Leading,59.0,59.5,59.25,0.0,0.0,0.9999999999999999
2000.0,Leading,59.5,60.0,59.75,0.0,0.0,0.9999999999999999
2000.0,Leading,60.0,60.5,60.25,0.0,0.0,0.9999999999999999
2000.0,Leading,60.5,61.0,60.75,0.0,0.0,0.9999999999999999
2000.0,Leading,61.0,61.5,61.25,0.0,0.0,0.9999999999999999
2000.0,Leading,61.5,62.0,61.75,0.0,0.0,0.9999999999999999
2000.0,Leading,62.0,62.5,62.25,0.0,0.0,0.9999999999999999
2000.0,Leading,62.5,63.0,62.75,0.0,0.0,0.9999999999999999
2000.0,Leading,63.0,63.5,63.25,0.0,0.0,0.9999999999999999
2000.0,Leading,63.5,64.0,63.75,0.0,0.0,0.9999999999999999
2000.0,Leading,64.0,64.5,64.25,0.0,0.0,0.9999999999999999
2000.0,Leading,64.5,65.0,64.75,0.0,0.0,0.9999999999999999
2000.0,Leading,65.0,65.5,65.25,0.0,0.0,0.9999999999999999
2000.0,Leading,65.5,66.0,65.75,0.0,0.0,0.9999999999999999
2000.0,Leading,66.0,66.5,66.25,0.0,0.0,0.9999999999999999
2000.0,Leading,66.5,67.0,66.75,0.0,0.0,0.9999999999999999
2000.0,Leading,67.0,67.5,67.25,0.0,0.0,0.9999999999999999
2000.0,Leading,67.5,68.0,67.75,0.0,0.0,0.9999999999999999
2000.0,Leading,68.0,68.5,68.25,0.0,0.0,0.9999999999999999
2000.0,Leading,68.5,69.0,68.75,0.0,0.0,0.9999999999999999
2000.0,Leading,69.0,69.5,69.25,0.0,0.0,0.9999999999999999
2000.0,Leading,69.5,70.0,69.75,0.0,0.0,0.9999999999999999
2000.0,Leading,70.0,70.5,70.25,0.0,0.0,0.9999999999999999
2000.0,Leading,70.5,71.0,70.75,0.0,0.0,0.9999999999999999
2000.0,Leading,71.0,71.5,71.25,0.0,0.0,0.9999999999999999
2000.0,Leading,71.5,72.0,71.75,0.0,0.0,0.9999999999999999
2000.0,Leading,72.0,72.5,72.25,0.0,0.0,0.9999999999999999
2000.0,Leading,72.5,73.0,72.75,0.0,0.0,0.9999999999999999
2000.0,Leading,73.0,73.5,73.25,0.0,0.0,0.9999999999999999
2000.0,Leading,73.5,74.0,73.75,0.0,0.0,0.9999999999999999
2000.0,Leading,74.0,74.5,74.25,0.0,0.0,0.9999999999999999
2000.0,Leading,74.5,75.0,74.75,0.0,0.0,0.9999999999999999
2000.0,Leading,75.0,75.5,75.25,0.0,0.0,0.9999999999999999
2000.0,Leading,75.5,76.0,75.75,0.0,0.0,0.9999999999999999
2000.0,Leading,76.0,76.5,76.25,0.0,0.0,0.9999999999999999
2000.0,Leading,76.5,77.0,76.75,0.0,0.0,0.9999999999999999
2000.0,Leading,77.0,77.5,77.25,0.0,0.0,0.9999999999999999
2000.0,Leading,77.5,78.0,77.75,0.0,0.0,0.9999999999999999
2000.0,Leading,78.0,78.5,78.25,0.0,0.0,0.9999999999999999
2000.0,Leading,78.5,79.0,78.75,0.0,0.0,0.9999999999999999
2000.0,Leading,79.0,79.5,79.25,0.0,0.0,0.9999999999999999
2000.0,Leading,79.5,80.0,79.75,0.0,0.0,0.9999999999999999
2000.0,Leading,80.0,80.5,80.25,0.0,0.0,0.9999999999999999
2000.0,Leading,80.5,81.0,80.75,0.0,0.0,0.9999999999999999
2000.0,Leading,81.0,81.5,81.25,0.0,0.0,0.9999999999999999
2000.0,Leading,81.5,82.0,81.75,0.0,0.0,0.9999999999999999
2000.0,Leading,82.0,82.5,82.25,0.0,0.0,0.9999999999999999
2000.0,Leading,82.5,83.0,82.75,0.0,0.0,0.9999999999999999
2000.0,Leading,83.0,83.5,83.25,0.0,0.0,0.9999999999999999
2000.0,Leading,83.5,84.0,83.75,0.0,0.0,0.9999999999999999
2000.0,Leading,84.0,84.5,84.25,0.0,0.0,0.9999999999999999
2000.0,Leading,84.5,85.0,84.75,0.0,0.0,0.9999999999999999
2000.0,Leading,85.0,85.5,85.25,0.0,0.0,0.9999999999999999
2000.0,Leading,85.5,86.0,85.75,0.0,0.0,0.9999999999999999
2000.0,Leading,86.0,86.5,86.25,0.0,0.0,0.9999999999999999
2000.0,Leading,86.5,87.0,86.75,0.0,0.0,0.9999999999999999
2000.0,Leading,87.0,87.5,87.25,0.0,0.0,0.9999999999999999
2000.0,Leading,87.5,88.0,87.75,0.0,0.0,0.9999999999999999
2000.0,Leading,88.0,88.5,88.25,0.0,0.0,0.9999999999999999
2000.0,Leading,88.5,89.0,88.75,0.0,0.0,0.9999999999999999
2000.0,Leading,89.0,89.5,89.25,0.0,0.0,0.9999999999999999
2000.0,Leading,89.5,90.0,89.75,0.0,0.0,0.9999999999999999
2000.0,Sub-Mars,0.0,0.5,0.25,0.0,0.0,0.0
2000.0,Sub-Mars,0.5,1.0,0.75,0.0,0.0,0.0
2000.0,Sub-Mars,1.0,1.5,1.25,0.0,0.0,0.0
2000.0,Sub-Mars,1.5,2.0,1.75,0.004101691860000003,0.05506993006993023,0.05506993006993023
2000.0,Sub-Mars,2.0,2.5,2.25,0.00651062199999999,0.08741258741258748,0.14248251748251772
2000.0,Sub-Mars,2.5,3.0,2.75,0.0070314717599999875,0.09440559440559446,0.23688811188811218
2000.0,Sub-Mars,3.0,3.5,3.25,0.00846380859999998,0.11363636363636362,0.3505244755244758
2000.0,Sub-Mars,3.5,4.0,3.75,0.00852891481999998,0.11451048951048949,0.4650349650349653
2000.0,Sub-Mars,4.0,4.5,4.25,0.009440401899999975,0.1267482517482517,0.591783216783217
2000.0,Sub-Mars,4.5,5.0,4.75,0.009635720559999974,0.12937062937062932,0.7211538461538463
2000.0,Sub-Mars,5.0,5.5,5.25,0.011588907159999964,0.15559440559440546,0.8767482517482517
2000.0,Sub-Mars,5.5,6.0,5.75,0.009179977019999976,0.12325174825174821,0.9999999999999999
2000.0,Sub-Mars,6.0,6.5,6.25,0.0,0.0,0.9999999999999999
2000.0,Sub-Mars,6.5,7.0,6.75,0.0,0.0,0.9999999999999999
2000.0,Sub-Mars,7.0,7.5,7.25,0.0,0.0,0.9999999999999999
2000.0,Sub-Mars,7.5,8.0,7.75,0.0,0.0,0.9999999999999999
2000.0,Sub-Mars,8.0,8.5,8.25,0.0,0.0,0.9999999999999999
2000.0,Sub-Mars,8.5,9.0,8.75,0.0,0.0,0.9999999999999999
2000.0,Sub-Mars,9.0,9.5,9.25,0.0,0.0,0.9999999999999999
2000.0,Sub-Mars,9.5,10.0,9.75,0.0,0.0,0.9999999999999999
2000.0,Sub-Mars,10.0,10.5,10.25,0.0,0.0,0.9999999999999999
2000.0,Sub-Mars,10.5,11.0,10.75,0.0,0.0,0.9999999999999999
2000.0,Sub-Mars,11.0,11.5,11.25,0.0,0.0,0.9999999999999999
2000.0,Sub-Mars,11.5,12.0,11.75,0.0,0.0,0.9999999999999999
2000.0,Sub-Mars,12.0,12.5,12.25,0.0,0.0,0.9999999999999999
2000.0,Sub-Mars,12.5,13.0,12.75,0.0,0.0,0.9999999999999999
2000.0,Sub-Mars,13.0,13.5,13.25,0.0,0.0,0.9999999999999999
2000.0,Sub-Mars,13.5,14.0,13.75,0.0,0.0,0.9999999999999999
2000.0,Sub-Mars,14.0,14.5,14.25,0.0,0.0,0.9999999999999999
2000.0,Sub-Mars,14.5,15.0,14.75,0.0,0.0,0.9999999999999999
2000.0,Sub-Mars,15.0,15.5,15.25,0.0,0.0,0.9999999999999999
2000.0,Sub-Mars,15.5,16.0,15.75,0.0,0.0,0.9999999999999999
2000.0,Sub-Mars,16.0,16.5,16.25,0.0,0.0,0.9999999999999999
2000.0,Sub-Mars,16.5,17.0,16.75,0.0,0.0,0.9999999999999999
2000.0,Sub-Mars,17.0,17.5,17.25,0.0,0.0,0.9999999999999999
2000.0,Sub-Mars,17.5,18.0,17.75,0.0,0.0,0.9999999999999999
2000.0,Sub-Mars,18.0,18.5,18.25,0.0,0.0,0.9999999999999999
2000.0,Sub-Mars,18.5,19.0,18.75,0.0,0.0,0.9999999999999999
2000.0,Sub-Mars,19.0,19.5,19.25,0.0,0.0,0.9999999999999999
2000.0,Sub-Mars,19.5,20.0,19.75,0.0,0.0,0.9999999999999999
2000.0,Sub-Mars,20.0,20.5,20.25,0.0,0.0,0.9999999999999999
2000.0,Sub-Mars,20.5,21.0,20.75,0.0,0.0,0.9999999999999999
2000.0,Sub-Mars,21.0,21.5,21.25,0.0,0.0,0.9999999999999999
2000.0,Sub-Mars,21.5,22.0,21.75,0.0,0.0,0.9999999999999999
2000.0,Sub-Mars,22.0,22.5,22.25,0.0,0.0,0.9999999999999999
2000.0,Sub-Mars,22.5,23.0,22.75,0.0,0.0,0.9999999999999999
2000.0,Sub-Mars,23.0,23.5,23.25,0.0,0.0,0.9999999999999999
2000.0,Sub-Mars,23.5,24.0,23.75,0.0,0.0,0.9999999999999999
2000.0,Sub-Mars,24.0,24.5,24.25,0.0,0.0,0.9999999999999999
2000.0,Sub-Mars,24.5,25.0,24.75,0.0,0.0,0.9999999999999999
2000.0,Sub-Mars,25.0,25.5,25.25,0.0,0.0,0.9999999999999999
2000.0,Sub-Mars,25.5,26.0,25.75,0.0,0.0,0.9999999999999999
2000.0,Sub-Mars,26.0,26.5,26.25,0.0,0.0,0.9999999999999999
2000.0,Sub-Mars,26.5,27.0,26.75,0.0,0.0,0.9999999999999999
2000.0,Sub-Mars,27.0,27.5,27.25,0.0,0.0,0.9999999999999999
2000.0,Sub-Mars,27.5,28.0,27.75,0.0,0.0,0.9999999999999999
2000.0,Sub-Mars,28.0,28.5,28.25,0.0,0.0,0.9999999999999999
2000.0,Sub-Mars,28.5,29.0,28.75,0.0,0.0,0.9999999999999999
2000.0,Sub-Mars,29.0,29.5,29.25,0.0,0.0,0.9999999999999999
2000.0,Sub-Mars,29.5,30.0,29.75,0.0,0.0,0.9999999999999999
2000.0,Sub-Mars,30.0,30.5,30.25,0.0,0.0,0.9999999999999999
2000.0,Sub-Mars,30.5,31.0,30.75,0.0,0.0,0.9999999999999999
2000.0,Sub-Mars,31.0,31.5,31.25,0.0,0.0,0.9999999999999999
2000.0,Sub-Mars,31.5,32.0,31.75,0.0,0.0,0.9999999999999999
2000.0,Sub-Mars,32.0,32.5,32.25,0.0,0.0,0.9999999999999999
2000.0,Sub-Mars,32.5,33.0,32.75,0.0,0.0,0.9999999999999999
2000.0,Sub-Mars,33.0,33.5,33.25,0.0,0.0,0.9999999999999999
2000.0,Sub-Mars,33.5,34.0,33.75,0.0,0.0,0.9999999999999999
2000.0,Sub-Mars,34.0,34.5,34.25,0.0,0.0,0.9999999999999999
2000.0,Sub-Mars,34.5,35.0,34.75,0.0,0.0,0.9999999999999999
2000.0,Sub-Mars,35.0,35.5,35.25,0.0,0.0,0.9999999999999999
2000.0,Sub-Mars,35.5,36.0,35.75,0.0,0.0,0.9999999999999999
2000.0,Sub-Mars,36.0,36.5,36.25,0.0,0.0,0.9999999999999999
2000.0,Sub-Mars,36.5,37.0,36.75,0.0,0.0,0.9999999999999999
2000.0,Sub-Mars,37.0,37.5,37.25,0.0,0.0,0.9999999999999999
2000.0,Sub-Mars,37.5,38.0,37.75,0.0,0.0,0.9999999999999999
2000.0,Sub-Mars,38.0,38.5,38.25,0.0,0.0,0.9999999999999999
2000.0,Sub-Mars,38.5,39.0,38.75,0.0,0.0,0.9999999999999999
2000.0,Sub-Mars,39.0,39.5,39.25,0.0,0.0,0.9999999999999999
2000.0,Sub-Mars,39.5,40.0,39.75,0.0,0.0,0.9999999999999999
2000.0,Sub-Mars,40.0,40.5,40.25,0.0,0.0,0.9999999999999999
2000.0,Sub-Mars,40.5,41.0,40.75,0.0,0.0,0.9999999999999999
2000.0,Sub-Mars,41.0,41.5,41.25,0.0,0.0,0.9999999999999999
2000.0,Sub-Mars,41.5,42.0,41.75,0.0,0.0,0.9999999999999999
2000.0,Sub-Mars,42.0,42.5,42.25,0.0,0.0,0.9999999999999999
2000.0,Sub-Mars,42.5,43.0,42.75,0.0,0.0,0.9999999999999999
2000.0,Sub-Mars,43.0,43.5,43.25,0.0,0.0,0.9999999999999999
2000.0,Sub-Mars,43.5,44.0,43.75,0.0,0.0,0.9999999999999999
2000.0,Sub-Mars,44.0,44.5,44.25,0.0,0.0,0.9999999999999999
2000.0,Sub-Mars,44.5,45.0,44.75,0.0,0.0,0.9999999999999999
2000.0,Sub-Mars,45.0,45.5,45.25,0.0,0.0,0.9999999999999999
2000.0,Sub-Mars,45.5,46.0,45.75,0.0,0.0,0.9999999999999999
2000.0,Sub-Mars,46.0,46.5,46.25,0.0,0.0,0.9999999999999999
2000.0,Sub-Mars,46.5,47.0,46.75,0.0,0.0,0.9999999999999999
2000.0,Sub-Mars,47.0,47.5,47.25,0.0,0.0,0.9999999999999999
2000.0,Sub-Mars,47.5,48.0,47.75,0.0,0.0,0.9999999999999999
2000.0,Sub-Mars,48.0,48.5,48.25,0.0,0.0,0.9999999999999999
2000.0,Sub-Mars,48.5,49.0,48.75,0.0,0.0,0.9999999999999999
2000.0,Sub-Mars,49.0,49.5,49.25,0.0,0.0,0.9999999999999999
2000.0,Sub-Mars,49.5,50.0,49.75,0.0,0.0,0.9999999999999999
2000.0,Sub-Mars,50.0,50.5,50.25,0.0,0.0,0.9999999999999999
2000.0,Sub-Mars,50.5,51.0,50.75,0.0,0.0,0.9999999999999999
2000.0,Sub-Mars,51.0,51.5,51.25,0.0,0.0,0.9999999999999999
2000.0,Sub-Mars,51.5,52.0,51.75,0.0,0.0,0.9999999999999999
2000.0,Sub-Mars,52.0,52.5,52.25,0.0,0.0,0.9999999999999999
2000.0,Sub-Mars,52.5,53.0,52.75,0.0,0.0,0.9999999999999999
2000.0,Sub-Mars,53.0,53.5,53.25,0.0,0.0,0.9999999999999999
2000.0,Sub-Mars,53.5,54.0,53.75,0.0,0.0,0.9999999999999999
2000.0,Sub-Mars,54.0,54.5,54.25,0.0,0.0,0.9999999999999999
2000.0,Sub-Mars,54.5,55.0,54.75,0.0,0.0,0.9999999999999999
2000.0,Sub-Mars,55.0,55.5,55.25,0.0,0.0,0.9999999999999999
2000.0,Sub-Mars,55.5,56.0,55.75,0.0,0.0,0.9999999999999999
2000.0,Sub-Mars,56.0,56.5,56.25,0.0,0.0,0.9999999999999999
2000.0,Sub-Mars,56.5,57.0,56.75,0.0,0.0,0.9999999999999999
2000.0,Sub-Mars,57.0,57.5,57.25,0.0,0.0,0.9999999999999999
2000.0,Sub-Mars,57.5,58.0,57.75,0.0,0.0,0.9999999999999999
2000.0,Sub-Mars,58.0,58.5,58.25,0.0,0.0,0.9999999999999999
2000.0,Sub-Mars,58.5,59.0,58.75,0.0,0.0,0.9999999999999999
2000.0,Sub-Mars,59.0,59.5,59.25,0.0,0.0,0.9999999999999999
2000.0,Sub-Mars,59.5,60.0,59.75,0.0,0.0,0.9999999999999999
2000.0,Sub-Mars,60.0,60.5,60.25,0.0,0.0,0.9999999999999999
2000.0,Sub-Mars,60.5,61.0,60.75,0.0,0.0,0.9999999999999999
2000.0,Sub-Mars,61.0,61.5,61.25,0.0,0.0,0.9999999999999999
2000.0,Sub-Mars,61.5,62.0,61.75,0.0,0.0,0.9999999999999999
2000.0,Sub-Mars,62.0,62.5,62.25,0.0,0.0,0.9999999999999999
2000.0,Sub-Mars,62.5,63.0,62.75,0.0,0.0,0.9999999999999999
2000.0,Sub-Mars,63.0,63.5,63.25,0.0,0.0,0.9999999999999999
2000.0,Sub-Mars,63.5,64.0,63.75,0.0,0.0,0.9999999999999999
2000.0,Sub-Mars,64.0,64.5,64.25,0.0,0.0,0.9999999999999999
2000.0,Sub-Mars,64.5,65.0,64.75,0.0,0.0,0.9999999999999999
2000.0,Sub-Mars,65.0,65.5,65.25,0.0,0.0,0.9999999999999999
2000.0,Sub-Mars,65.5,66.0,65.75,0.0,0.0,0.9999999999999999
2000.0,Sub-Mars,66.0,66.5,66.25,0.0,0.0,0.9999999999999999
2000.0,Sub-Mars,66.5,67.0,66.75,0.0,0.0,0.9999999999999999
2000.0,Sub-Mars,67.0,67.5,67.25,0.0,0.0,0.9999999999999999
2000.0,Sub-Mars,67.5,68.0,67.75,0.0,0.0,0.9999999999999999
2000.0,Sub-Mars,68.0,68.5,68.25,0.0,0.0,0.9999999999999999
2000.0,Sub-Mars,68.5,69.0,68.75,0.0,0.0,0.9999999999999999
2000.0,Sub-Mars,69.0,69.5,69.25,0.0,0.0,0.9999999999999999
2000.0,Sub-Mars,69.5,70.0,69.75,0.0,0.0,0.9999999999999999
2000.0,Sub-Mars,70.0,70.5,70.25,0.0,0.0,0.9999999999999999
2000.0,Sub-Mars,70.5,71.0,70.75,0.0,0.0,0.9999999999999999
2000.0,Sub-Mars,71.0,71.5,71.25,0.0,0.0,0.9999999999999999
2000.0,Sub-Mars,71.5,72.0,71.75,0.0,0.0,0.9999999999999999
2000.0,Sub-Mars,72.0,72.5,72.25,0.0,0.0,0.9999999999999999
2000.0,Sub-Mars,72.5,73.0,72.75,0.0,0.0,0.9999999999999999
2000.0,Sub-Mars,73.0,73.5,73.25,0.0,0.0,0.9999999999999999
2000.0,Sub-Mars,73.5,74.0,73.75,0.0,0.0,0.9999999999999999
2000.0,Sub-Mars,74.0,74.5,74.25,0.0,0.0,0.9999999999999999
2000.0,Sub-Mars,74.5,75.0,74.75,0.0,0.0,0.9999999999999999
2000.0,Sub-Mars,75.0,75.5,75.25,0.0,0.0,0.9999999999999999
2000.0,Sub-Mars,75.5,76.0,75.75,0.0,0.0,0.9999999999999999
2000.0,Sub-Mars,76.0,76.5,76.25,0.0,0.0,0.9999999999999999
2000.0,Sub-Mars,76.5,77.0,76.75,0.0,0.0,0.9999999999999999
2000.0,Sub-Mars,77.0,77.5,77.25,0.0,0.0,0.9999999999999999
2000.0,Sub-Mars,77.5,78.0,77.75,0.0,0.0,0.9999999999999999
2000.0,Sub-Mars,78.0,78.5,78.25,0.0,0.0,0.9999999999999999
2000.0,Sub-Mars,78.5,79.0,78.75,0.0,0.0,0.9999999999999999
2000.0,Sub-Mars,79.0,79.5,79.25,0.0,0.0,0.9999999999999999
2000.0,Sub-Mars,79.5,80.0,79.75,0.0,0.0,0.9999999999999999
2000.0,Sub-Mars,80.0,80.5,80.25,0.0,0.0,0.9999999999999999
2000.0,Sub-Mars,80.5,81.0,80.75,0.0,0.0,0.9999999999999999
2000.0,Sub-Mars,81.0,81.5,81.25,0.0,0.0,0.9999999999999999
2000.0,Sub-Mars,81.5,82.0,81.75,0.0,0.0,0.9999999999999999
2000.0,Sub-Mars,82.0,82.5,82.25,0.0,0.0,0.9999999999999999
2000.0,Sub-Mars,82.5,83.0,82.75,0.0,0.0,0.9999999999999999
2000.0,Sub-Mars,83.0,83.5,83.25,0.0,0.0,0.9999999999999999
2000.0,Sub-Mars,83.5,84.0,83.75,0.0,0.0,0.9999999999999999
2000.0,Sub-Mars,84.0,84.5,84.25,0.0,0.0,0.9999999999999999
2000.0,Sub-Mars,84.5,85.0,84.75,0.0,0.0,0.9999999999999999
2000.0,Sub-Mars,85.0,85.5,85.25,0.0,0.0,0.9999999999999999
2000.0,Sub-Mars,85.5,86.0,85.75,0.0,0.0,0.9999999999999999
2000.0,Sub-Mars,86.0,86.5,86.25,0.0,0.0,0.9999999999999999
2000.0,Sub-Mars,86.5,87.0,86.75,0.0,0.0,0.9999999999999999
2000.0,Sub-Mars,87.0,87.5,87.25,0.0,0.0,0.9999999999999999
2000.0,Sub-Mars,87.5,88.0,87.75,0.0,0.0,0.9999999999999999
2000.0,Sub-Mars,88.0,88.5,88.25,0.0,0.0,0.9999999999999999
2000.0,Sub-Mars,88.5,89.0,88.75,0.0,0.0,0.9999999999999999
2000.0,Sub-Mars,89.0,89.5,89.25,0.0,0.0,0.9999999999999999
2000.0,Sub-Mars,89.5,90.0,89.75,0.0,0.0,0.9999999999999999
2000.0,Trailing,0.0,0.5,0.25,0.0,0.0,0.0
2000.0,Trailing,0.5,1.0,0.75,0.0,0.0,0.0
2000.0,Trailing,1.0,1.5,1.25,0.0,0.0,0.0
2000.0,Trailing,1.5,2.0,1.75,0.0,0.0,0.0
2000.0,Trailing,2.0,2.5,2.25,0.0,0.0,0.0
2000.0,Trailing,2.5,3.0,2.75,0.0,0.0,0.0
2000.0,Trailing,3.0,3.5,3.25,0.0,0.0,0.0
2000.0,Trailing,3.5,4.0,3.75,0.0,0.0,0.0
2000.0,Trailing,4.0,4.5,4.25,0.0,0.0,0.0
2000.0,Trailing,4.5,5.0,4.75,0.0,0.0,0.0
2000.0,Trailing,5.0,5.5,5.25,0.0,0.0,0.0
2000.0,Trailing,5.5,6.0,5.75,0.0066408344399999895,0.08900523560209433,0.08900523560209433
2000.0,Trailing,6.0,6.5,6.25,0.010026357879999972,0.13438045375218147,0.2233856893542758
2000.0,Trailing,6.5,7.0,6.75,0.009179977019999976,0.12303664921465969,0.3464223385689355
2000.0,Trailing,7.0,7.5,7.25,0.009440401899999975,0.12652705061082023,0.4729493891797557
2000.0,Trailing,7.5,8.0,7.75,0.009505508119999975,0.1273996509598604,0.6003490401396161
2000.0,Trailing,8.0,8.5,8.25,0.009700826779999974,0.13001745200698078,0.7303664921465969
2000.0,Trailing,8.5,9.0,8.75,0.010742526299999968,0.143979057591623,0.8743455497382199
2000.0,Trailing,9.0,9.5,9.25,0.00846380859999998,0.11343804537521818,0.987783595113438
2000.0,Trailing,9.5,10.0,9.75,0.0009114870799999999,0.012216404886561985,1.0
2000.0,Trailing,10.0,10.5,10.25,0.0,0.0,1.0
2000.0,Trailing,10.5,11.0,10.75,0.0,0.0,1.0
2000.0,Trailing,11.0,11.5,11.25,0.0,0.0,1.0
2000.0,Trailing,11.5,12.0,11.75,0.0,0.0,1.0
2000.0,Trailing,12.0,12.5,12.25,0.0,0.0,1.0
2000.0,Trailing,12.5,13.0,12.75,0.0,0.0,1.0
2000.0,Trailing,13.0,13.5,13.25,0.0,0.0,1.0
2000.0,Trailing,13.5,14.0,13.75,0.0,0.0,1.0
2000.0,Trailing,14.0,14.5,14.25,0.0,0.0,1.0
2000.0,Trailing,14.5,15.0,14.75,0.0,0.0,1.0
2000.0,Trailing,15.0,15.5,15.25,0.0,0.0,1.0
2000.0,Trailing,15.5,16.0,15.75,0.0,0.0,1.0
2000.0,Trailing,16.0,16.5,16.25,0.0,0.0,1.0
2000.0,Trailing,16.5,17.0,16.75,0.0,0.0,1.0
2000.0,Trailing,17.0,17.5,17.25,0.0,0.0,1.0
2000.0,Trailing,17.5,18.0,17.75,0.0,0.0,1.0
2000.0,Trailing,18.0,18.5,18.25,0.0,0.0,1.0
2000.0,Trailing,18.5,19.0,18.75,0.0,0.0,1.0
2000.0,Trailing,19.0,19.5,19.25,0.0,0.0,1.0
2000.0,Trailing,19.5,20.0,19.75,0.0,0.0,1.0
2000.0,Trailing,20.0,20.5,20.25,0.0,0.0,1.0
2000.0,Trailing,20.5,21.0,20.75,0.0,0.0,1.0
2000.0,Trailing,21.0,21.5,21.25,0.0,0.0,1.0
2000.0,Trailing,21.5,22.0,21.75,0.0,0.0,1.0
2000.0,Trailing,22.0,22.5,22.25,0.0,0.0,1.0
2000.0,Trailing,22.5,23.0,22.75,0.0,0.0,1.0
2000.0,Trailing,23.0,23.5,23.25,0.0,0.0,1.0
2000.0,Trailing,23.5,24.0,23.75,0.0,0.0,1.0
2000.0,Trailing,24.0,24.5,24.25,0.0,0.0,1.0
2000.0,Trailing,24.5,25.0,24.75,0.0,0.0,1.0
2000.0,Trailing,25.0,25.5,25.25,0.0,0.0,1.0
2000.0,Trailing,25.5,26.0,25.75,0.0,0.0,1.0
2000.0,Trailing,26.0,26.5,26.25,0.0,0.0,1.0
2000.0,Trailing,26.5,27.0,26.75,0.0,0.0,1.0
2000.0,Trailing,27.0,27.5,27.25,0.0,0.0,1.0
2000.0,Trailing,27.5,28.0,27.75,0.0,0.0,1.0
2000.0,Trailing,28.0,28.5,28.25,0.0,0.0,1.0
2000.0,Trailing,28.5,29.0,28.75,0.0,0.0,1.0
2000.0,Trailing,29.0,29.5,29.25,0.0,0.0,1.0
2000.0,Trailing,29.5,30.0,29.75,0.0,0.0,1.0
2000.0,Trailing,30.0,30.5,30.25,0.0,0.0,1.0
2000.0,Trailing,30.5,31.0,30.75,0.0,0.0,1.0
2000.0,Trailing,31.0,31.5,31.25,0.0,0.0,1.0
2000.0,Trailing,31.5,32.0,31.75,0.0,0.0,1.0
2000.0,Trailing,32.0,32.5,32.25,0.0,0.0,1.0
2000.0,Trailing,32.5,33.0,32.75,0.0,0.0,1.0
2000.0,Trailing,33.0,33.5,33.25,0.0,0.0,1.0
2000.0,Trailing,33.5,34.0,33.75,0.0,0.0,1.0
2000.0,Trailing,34.0,34.5,34.25,0.0,0.0,1.0
2000.0,Trailing,34.5,35.0,34.75,0.0,0.0,1.0
2000.0,Trailing,35.0,35.5,35.25,0.0,0.0,1.0
2000.0,Trailing,35.5,36.0,35.75,0.0,0.0,1.0
2000.0,Trailing,36.0,36.5,36.25,0.0,0.0,1.0
2000.0,Trailing,36.5,37.0,36.75,0.0,0.0,1.0
2000.0,Trailing,37.0,37.5,37.25,0.0,0.0,1.0
2000.0,Trailing,37.5,38.0,37.75,0.0,0.0,1.0
2000.0,Trailing,38.0,38.5,38.25,0.0,0.0,1.0
2000.0,Trailing,38.5,39.0,38.75,0.0,0.0,1.0
2000.0,Trailing,39.0,39.5,39.25,0.0,0.0,1.0
2000.0,Trailing,39.5,40.0,39.75,0.0,0.0,1.0
2000.0,Trailing,40.0,40.5,40.25,0.0,0.0,1.0
2000.0,Trailing,40.5,41.0,40.75,0.0,0.0,1.0
2000.0,Trailing,41.0,41.5,41.25,0.0,0.0,1.0
2000.0,Trailing,41.5,42.0,41.75,0.0,0.0,1.0
2000.0,Trailing,42.0,42.5,42.25,0.0,0.0,1.0
2000.0,Trailing,42.5,43.0,42.75,0.0,0.0,1.0
2000.0,Trailing,43.0,43.5,43.25,0.0,0.0,1.0
2000.0,Trailing,43.5,44.0,43.75,0.0,0.0,1.0
2000.0,Trailing,44.0,44.5,44.25,0.0,0.0,1.0
2000.0,Trailing,44.5,45.0,44.75,0.0,0.0,1.0
2000.0,Trailing,45.0,45.5,45.25,0.0,0.0,1.0
2000.0,Trailing,45.5,46.0,45.75,0.0,0.0,1.0
2000.0,Trailing,46.0,46.5,46.25,0.0,0.0,1.0
2000.0,Trailing,46.5,47.0,46.75,0.0,0.0,1.0
2000.0,Trailing,47.0,47.5,47.25,0.0,0.0,1.0
2000.0,Trailing,47.5,48.0,47.75,0.0,0.0,1.0
2000.0,Trailing,48.0,48.5,48.25,0.0,0.0,1.0
2000.0,Trailing,48.5,49.0,48.75,0.0,0.0,1.0
2000.0,Trailing,49.0,49.5,49.25,0.0,0.0,1.0
2000.0,Trailing,49.5,50.0,49.75,0.0,0.0,1.0
2000.0,Trailing,50.0,50.5,50.25,0.0,0.0,1.0
2000.0,Trailing,50.5,51.0,50.75,0.0,0.0,1.0
2000.0,Trailing,51.0,51.5,51.25,0.0,0.0,1.0
2000.0,Trailing,51.5,52.0,51.75,0.0,0.0,1.0
2000.0,Trailing,52.0,52.5,52.25,0.0,0.0,1.0
2000.0,Trailing,52.5,53.0,52.75,0.0,0.0,1.0
2000.0,Trailing,53.0,53.5,53.25,0.0,0.0,1.0
2000.0,Trailing,53.5,54.0,53.75,0.0,0.0,1.0
2000.0,Trailing,54.0,54.5,54.25,0.0,0.0,1.0
2000.0,Trailing,54.5,55.0,54.75,0.0,0.0,1.0
2000.0,Trailing,55.0,55.5,55.25,0.0,0.0,1.0
2000.0,Trailing,55.5,56.0,55.75,0.0,0.0,1.0
2000.0,Trailing,56.0,56.5,56.25,0.0,0.0,1.0
2000.0,Trailing,56.5,57.0,56.75,0.0,0.0,1.0
2000.0,Trailing,57.0,57.5,57.25,0.0,0.0,1.0
2000.0,Trailing,57.5,58.0,57.75,0.0,0.0,1.0
2000.0,Trailing,58.0,58.5,58.25,0.0,0.0,1.0
2000.0,Trailing,58.5,59.0,58.75,0.0,0.0,1.0
2000.0,Trailing,59.0,59.5,59.25,0.0,0.0,1.0
2000.0,Trailing,59.5,60.0,59.75,0.0,0.0,1.0
2000.0,Trailing,60.0,60.5,60.25,0.0,0.0,1.0
2000.0,Trailing,60.5,61.0,60.75,0.0,0.0,1.0
2000.0,Trailing,61.0,61.5,61.25,0.0,0.0,1.0
2000.0,Trailing,61.5,62.0,61.75,0.0,0.0,1.0
2000.0,Trailing,62.0,62.5,62.25,0.0,0.0,1.0
2000.0,Trailing,62.5,63.0,62.75,0.0,0.0,1.0
2000.0,Trailing,63.0,63.5,63.25,0.0,0.0,1.0
2000.0,Trailing,63.5,64.0,63.75,0.0,0.0,1.0
2000.0,Trailing,64.0,64.5,64.25,0.0,0.0,1.0
2000.0,Trailing,64.5,65.0,64.75,0.0,0.0,1.0
2000.0,Trailing,65.0,65.5,65.25,0.0,0.0,1.0
2000.0,Trailing,65.5,66.0,65.75,0.0,0.0,1.0
2000.0,Trailing,66.0,66.5,66.25,0.0,0.0,1.0
2000.0,Trailing,66.5,67.0,66.75,0.0,0.0,1.0
2000.0,Trailing,67.0,67.5,67.25,0.0,0.0,1.0
2000.0,Trailing,67.5,68.0,67.75,0.0,0.0,1.0
2000.0,Trailing,68.0,68.5,68.25,0.0,0.0,1.0
2000.0,Trailing,68.5,69.0,68.75,0.0,0.0,1.0
2000.0,Trailing,69.0,69.5,69.25,0.0,0.0,1.0
2000.0,Trailing,69.5,70.0,69.75,0.0,0.0,1.0
2000.0,Trailing,70.0,70.5,70.25,0.0,0.0,1.0
2000.0,Trailing,70.5,71.0,70.75,0.0,0.0,1.0
2000.0,Trailing,71.0,71.5,71.25,0.0,0.0,1.0
2000.0,Trailing,71.5,72.0,71.75,0.0,0.0,1.0
2000.0,Trailing,72.0,72.5,72.25,0.0,0.0,1.0
2000.0,Trailing,72.5,73.0,72.75,0.0,0.0,1.0
2000.0,Trailing,73.0,73.5,73.25,0.0,0.0,1.0
2000.0,Trailing,73.5,74.0,73.75,0.0,0.0,1.0
2000.0,Trailing,74.0,74.5,74.25,0.0,0.0,1.0
2000.0,Trailing,74.5,75.0,74.75,0.0,0.0,1.0
2000.0,Trailing,75.0,75.5,75.25,0.0,0.0,1.0
2000.0,Trailing,75.5,76.0,75.75,0.0,0.0,1.0
2000.0,Trailing,76.0,76.5,76.25,0.0,0.0,1.0
2000.0,Trailing,76.5,77.0,76.75,0.0,0.0,1.0
2000.0,Trailing,77.0,77.5,77.25,0.0,0.0,1.0
2000.0,Trailing,77.5,78.0,77.75,0.0,0.0,1.0
2000.0,Trailing,78.0,78.5,78.25,0.0,0.0,1.0
2000.0,Trailing,78.5,79.0,78.75,0.0,0.0,1.0
2000.0,Trailing,79.0,79.5,79.25,0.0,0.0,1.0
2000.0,Trailing,79.5,80.0,79.75,0.0,0.0,1.0
2000.0,Trailing,80.0,80.5,80.25,0.0,0.0,1.0
2000.0,Trailing,80.5,81.0,80.75,0.0,0.0,1.0
2000.0,Trailing,81.0,81.5,81.25,0.0,0.0,1.0
2000.0,Trailing,81.5,82.0,81.75,0.0,0.0,1.0
2000.0,Trailing,82.0,82.5,82.25,0.0,0.0,1.0
2000.0,Trailing,82.5,83.0,82.75,0.0,0.0,1.0
2000.0,Trailing,83.0,83.5,83.25,0.0,0.0,1.0
2000.0,Trailing,83.5,84.0,83.75,0.0,0.0,1.0
2000.0,Trailing,84.0,84.5,84.25,0.0,0.0,1.0
2000.0,Trailing,84.5,85.0,84.75,0.0,0.0,1.0
2000.0,Trailing,85.0,85.5,85.25,0.0,0.0,1.0
2000.0,Trailing,85.5,86.0,85.75,0.0,0.0,1.0
2000.0,Trailing,86.0,86.5,86.25,0.0,0.0,1.0
2000.0,Trailing,86.5,87.0,86.75,0.0,0.0,1.0
2000.0,Trailing,87.0,87.5,87.25,0.0,0.0,1.0
2000.0,Trailing,87.5,88.0,87.75,0.0,0.0,1.0
2000.0,Trailing,88.0,88.5,88.25,0.0,0.0,1.0
2000.0,Trailing,88.5,89.0,88.75,0.0,0.0,1.0
2000.0,Trailing,89.0,89.5,89.25,0.0,0.0,1.0
2000.0,Trailing,89.5,90.0,89.75,0.0,0.0,1.0
2000.0,Anti-Mars,0.0,0.5,0.25,0.0,0.0,0.0
2000.0,Anti-Mars,0.5,1.0,0.75,0.0,0.0,0.0
2000.0,Anti-Mars,1.0,1.5,1.25,0.0,0.0,0.0
2000.0,Anti-Mars,1.5,2.0,1.75,0.0,0.0,0.0
2000.0,Anti-Mars,2.0,2.5,2.25,0.0,0.0,0.0
2000.0,Anti-Mars,2.5,3.0,2.75,0.0,0.0,0.0
2000.0,Anti-Mars,3.0,3.5,3.25,0.0,0.0,0.0
2000.0,Anti-Mars,3.5,4.0,3.75,0.0,0.0,0.0
2000.0,Anti-Mars,4.0,4.5,4.25,0.0,0.0,0.0
2000.0,Anti-Mars,4.5,5.0,4.75,0.0,0.0,0.0
2000.0,Anti-Mars,5.0,5.5,5.25,0.0,0.0,0.0
2000.0,Anti-Mars,5.5,6.0,5.75,0.0,0.0,0.0
2000.0,Anti-Mars,6.0,6.5,6.25,0.0003255311,0.003855050115651516,0.003855050115651516
2000.0,Anti-Mars,6.5,7.0,6.75,0.009440401899999985,0.11179645335389381,0.11565150346954532
2000.0,Anti-Mars,7.0,7.5,7.25,0.01868548513999993,0.22127987663839624,0.33693138010794155
2000.0,Anti-Mars,7.5,8.0,7.75,0.019336547339999923,0.22898997686969919,0.5659213569776407
2000.0,Anti-Mars,8.0,8.5,8.25,0.018750591359999926,0.22205088666152648,0.7879722436391672
2000.0,Anti-Mars,8.5,9.0,8.75,0.015560386579999943,0.1842713955281418,0.972243639167309
2000.0,Anti-Mars,9.0,9.5,9.25,0.0023438239200000016,0.027756360832690938,1.0
2000.0,Anti-Mars,9.5,10.0,9.75,0.0,0.0,1.0
2000.0,Anti-Mars,10.0,10.5,10.25,0.0,0.0,1.0
2000.0,Anti-Mars,10.5,11.0,10.75,0.0,0.0,1.0
2000.0,Anti-Mars,11.0,11.5,11.25,0.0,0.0,1.0
2000.0,Anti-Mars,11.5,12.0,11.75,0.0,0.0,1.0
2000.0,Anti-Mars,12.0,12.5,12.25,0.0,0.0,1.0
2000.0,Anti-Mars,12.5,13.0,12.75,0.0,0.0,1.0
2000.0,Anti-Mars,13.0,13.5,13.25,0.0,0.0,1.0
2000.0,Anti-Mars,13.5,14.0,13.75,0.0,0.0,1.0
2000.0,Anti-Mars,14.0,14.5,14.25,0.0,0.0,1.0
2000.0,Anti-Mars,14.5,15.0,14.75,0.0,0.0,1.0
2000.0,Anti-Mars,15.0,15.5,15.25,0.0,0.0,1.0
2000.0,Anti-Mars,15.5,16.0,15.75,0.0,0.0,1.0
2000.0,Anti-Mars,16.0,16.5,16.25,0.0,0.0,1.0
2000.0,Anti-Mars,16.5,17.0,16.75,0.0,0.0,1.0
2000.0,Anti-Mars,17.0,17.5,17.25,0.0,0.0,1.0
2000.0,Anti-Mars,17.5,18.0,17.75,0.0,0.0,1.0
2000.0,Anti-Mars,18.0,18.5,18.25,0.0,0.0,1.0
2000.0,Anti-Mars,18.5,19.0,18.75,0.0,0.0,1.0
2000.0,Anti-Mars,19.0,19.5,19.25,0.0,0.0,1.0
2000.0,Anti-Mars,19.5,20.0,19.75,0.0,0.0,1.0
2000.0,Anti-Mars,20.0,20.5,20.25,0.0,0.0,1.0
2000.0,Anti-Mars,20.5,21.0,20.75,0.0,0.0,1.0
2000.0,Anti-Mars,21.0,21.5,21.25,0.0,0.0,1.0
2000.0,Anti-Mars,21.5,22.0,21.75,0.0,0.0,1.0
2000.0,Anti-Mars,22.0,22.5,22.25,0.0,0.0,1.0
2000.0,Anti-Mars,22.5,23.0,22.75,0.0,0.0,1.0
2000.0,Anti-Mars,23.0,23.5,23.25,0.0,0.0,1.0
2000.0,Anti-Mars,23.5,24.0,23.75,0.0,0.0,1.0
2000.0,Anti-Mars,24.0,24.5,24.25,0.0,0.0,1.0
2000.0,Anti-Mars,24.5,25.0,24.75,0.0,0.0,1.0
2000.0,Anti-Mars,25.0,25.5,25.25,0.0,0.0,1.0
2000.0,Anti-Mars,25.5,26.0,25.75,0.0,0.0,1.0
2000.0,Anti-Mars,26.0,26.5,26.25,0.0,0.0,1.0
2000.0,Anti-Mars,26.5,27.0,26.75,0.0,0.0,1.0
2000.0,Anti-Mars,27.0,27.5,27.25,0.0,0.0,1.0
2000.0,Anti-Mars,27.5,28.0,27.75,0.0,0.0,1.0
2000.0,Anti-Mars,28.0,28.5,28.25,0.0,0.0,1.0
2000.0,Anti-Mars,28.5,29.0,28.75,0.0,0.0,1.0
2000.0,Anti-Mars,29.0,29.5,29.25,0.0,0.0,1.0
2000.0,Anti-Mars,29.5,30.0,29.75,0.0,0.0,1.0
2000.0,Anti-Mars,30.0,30.5,30.25,0.0,0.0,1.0
2000.0,Anti-Mars,30.5,31.0,30.75,0.0,0.0,1.0
2000.0,Anti-Mars,31.0,31.5,31.25,0.0,0.0,1.0
2000.0,Anti-Mars,31.5,32.0,31.75,0.0,0.0,1.0
2000.0,Anti-Mars,32.0,32.5,32.25,0.0,0.0,1.0
2000.0,Anti-Mars,32.5,33.0,32.75,0.0,0.0,1.0
2000.0,Anti-Mars,33.0,33.5,33.25,0.0,0.0,1.0
2000.0,Anti-Mars,33.5,34.0,33.75,0.0,0.0,1.0
2000.0,Anti-Mars,34.0,34.5,34.25,0.0,0.0,1.0
2000.0,Anti-Mars,34.5,35.0,34.75,0.0,0.0,1.0
2000.0,Anti-Mars,35.0,35.5,35.25,0.0,0.0,1.0
2000.0,Anti-Mars,35.5,36.0,35.75,0.0,0.0,1.0
2000.0,Anti-Mars,36.0,36.5,36.25,0.0,0.0,1.0
2000.0,Anti-Mars,36.5,37.0,36.75,0.0,0.0,1.0
2000.0,Anti-Mars,37.0,37.5,37.25,0.0,0.0,1.0
2000.0,Anti-Mars,37.5,38.0,37.75,0.0,0.0,1.0
2000.0,Anti-Mars,38.0,38.5,38.25,0.0,0.0,1.0
2000.0,Anti-Mars,38.5,39.0,38.75,0.0,0.0,1.0
2000.0,Anti-Mars,39.0,39.5,39.25,0.0,0.0,1.0
2000.0,Anti-Mars,39.5,40.0,39.75,0.0,0.0,1.0
2000.0,Anti-Mars,40.0,40.5,40.25,0.0,0.0,1.0
2000.0,Anti-Mars,40.5,41.0,40.75,0.0,0.0,1.0
2000.0,Anti-Mars,41.0,41.5,41.25,0.0,0.0,1.0
2000.0,Anti-Mars,41.5,42.0,41.75,0.0,0.0,1.0
2000.0,Anti-Mars,42.0,42.5,42.25,0.0,0.0,1.0
2000.0,Anti-Mars,42.5,43.0,42.75,0.0,0.0,1.0
2000.0,Anti-Mars,43.0,43.5,43.25,0.0,0.0,1.0
2000.0,Anti-Mars,43.5,44.0,43.75,0.0,0.0,1.0
2000.0,Anti-Mars,44.0,44.5,44.25,0.0,0.0,1.0
2000.0,Anti-Mars,44.5,45.0,44.75,0.0,0.0,1.0
2000.0,Anti-Mars,45.0,45.5,45.25,0.0,0.0,1.0
2000.0,Anti-Mars,45.5,46.0,45.75,0.0,0.0,1.0
2000.0,Anti-Mars,46.0,46.5,46.25,0.0,0.0,1.0
2000.0,Anti-Mars,46.5,47.0,46.75,0.0,0.0,1.0
2000.0,Anti-Mars,47.0,47.5,47.25,0.0,0.0,1.0
2000.0,Anti-Mars,47.5,48.0,47.75,0.0,0.0,1.0
2000.0,Anti-Mars,48.0,48.5,48.25,0.0,0.0,1.0
2000.0,Anti-Mars,48.5,49.0,48.75,0.0,0.0,1.0
2000.0,Anti-Mars,49.0,49.5,49.25,0.0,0.0,1.0
2000.0,Anti-Mars,49.5,50.0,49.75,0.0,0.0,1.0
2000.0,Anti-Mars,50.0,50.5,50.25,0.0,0.0,1.0
2000.0,Anti-Mars,50.5,51.0,50.75,0.0,0.0,1.0
2000.0,Anti-Mars,51.0,51.5,51.25,0.0,0.0,1.0
2000.0,Anti-Mars,51.5,52.0,51.75,0.0,0.0,1.0
2000.0,Anti-Mars,52.0,52.5,52.25,0.0,0.0,1.0
2000.0,Anti-Mars,52.5,53.0,52.75,0.0,0.0,1.0
2000.0,Anti-Mars,53.0,53.5,53.25,0.0,0.0,1.0
2000.0,Anti-Mars,53.5,54.0,53.75,0.0,0.0,1.0
2000.0,Anti-Mars,54.0,54.5,54.25,0.0,0.0,1.0
2000.0,Anti-Mars,54.5,55.0,54.75,0.0,0.0,1.0
2000.0,Anti-Mars,55.0,55.5,55.25,0.0,0.0,1.0
2000.0,Anti-Mars,55.5,56.0,55.75,0.0,0.0,1.0
2000.0,Anti-Mars,56.0,56.5,56.25,0.0,0.0,1.0
2000.0,Anti-Mars,56.5,57.0,56.75,0.0,0.0,1.0
2000.0,Anti-Mars,57.0,57.5,57.25,0.0,0.0,1.0
2000.0,Anti-Mars,57.5,58.0,57.75,0.0,0.0,1.0
2000.0,Anti-Mars,58.0,58.5,58.25,0.0,0.0,1.0
2000.0,Anti-Mars,58.5,59.0,58.75,0.0,0.0,1.0
2000.0,Anti-Mars,59.0,59.5,59.25,0.0,0.0,1.0
2000.0,Anti-Mars,59.5,60.0,59.75,0.0,0.0,1.0
2000.0,Anti-Mars,60.0,60.5,60.25,0.0,0.0,1.0
2000.0,Anti-Mars,60.5,61.0,60.75,0.0,0.0,1.0
2000.0,Anti-Mars,61.0,61.5,61.25,0.0,0.0,1.0
2000.0,Anti-Mars,61.5,62.0,61.75,0.0,0.0,1.0
2000.0,Anti-Mars,62.0,62.5,62.25,0.0,0.0,1.0
2000.0,Anti-Mars,62.5,63.0,62.75,0.0,0.0,1.0
2000.0,Anti-Mars,63.0,63.5,63.25,0.0,0.0,1.0
2000.0,Anti-Mars,63.5,64.0,63.75,0.0,0.0,1.0
2000.0,Anti-Mars,64.0,64.5,64.25,0.0,0.0,1.0
2000.0,Anti-Mars,64.5,65.0,64.75,0.0,0.0,1.0
2000.0,Anti-Mars,65.0,65.5,65.25,0.0,0.0,1.0
2000.0,Anti-Mars,65.5,66.0,65.75,0.0,0.0,1.0
2000.0,Anti-Mars,66.0,66.5,66.25,0.0,0.0,1.0
2000.0,Anti-Mars,66.5,67.0,66.75,0.0,0.0,1.0
2000.0,Anti-Mars,67.0,67.5,67.25,0.0,0.0,1.0
2000.0,Anti-Mars,67.5,68.0,67.75,0.0,0.0,1.0
2000.0,Anti-Mars,68.0,68.5,68.25,0.0,0.0,1.0
2000.0,Anti-Mars,68.5,69.0,68.75,0.0,0.0,1.0
2000.0,Anti-Mars,69.0,69.5,69.25,0.0,0.0,1.0
2000.0,Anti-Mars,69.5,70.0,69.75,0.0,0.0,1.0
2000.0,Anti-Mars,70.0,70.5,70.25,0.0,0.0,1.0
2000.0,Anti-Mars,70.5,71.0,70.75,0.0,0.0,1.0
2000.0,Anti-Mars,71.0,71.5,71.25,0.0,0.0,1.0
2000.0,Anti-Mars,71.5,72.0,71.75,0.0,0.0,1.0
2000.0,Anti-Mars,72.0,72.5,72.25,0.0,0.0,1.0
2000.0,Anti-Mars,72.5,73.0,72.75,0.0,0.0,1.0
2000.0,Anti-Mars,73.0,73.5,73.25,0.0,0.0,1.0
2000.0,Anti-Mars,73.5,74.0,73.75,0.0,0.0,1.0
2000.0,Anti-Mars,74.0,74.5,74.25,0.0,0.0,1.0
2000.0,Anti-Mars,74.5,75.0,74.75,0.0,0.0,1.0
2000.0,Anti-Mars,75.0,75.5,75.25,0.0,0.0,1.0
2000.0,Anti-Mars,75.5,76.0,75.75,0.0,0.0,1.0
2000.0,Anti-Mars,76.0,76.5,76.25,0.0,0.0,1.0
2000.0,Anti-Mars,76.5,77.0,76.75,0.0,0.0,1.0
2000.0,Anti-Mars,77.0,77.5,77.25,0.0,0.0,1.0
2000.0,Anti-Mars,77.5,78.0,77.75,0.0,0.0,1.0
2000.0,Anti-Mars,78.0,78.5,78.25,0.0,0.0,1.0
2000.0,Anti-Mars,78.5,79.0,78.75,0.0,0.0,1.0
2000.0,Anti-Mars,79.0,79.5,79.25,0.0,0.0,1.0
2000.0,Anti-Mars,79.5,80.0,79.75,0.0,0.0,1.0
2000.0,Anti-Mars,80.0,80.5,80.25,0.0,0.0,1.0
2000.0,Anti-Mars,80.5,81.0,80.75,0.0,0.0,1.0
2000.0,Anti-Mars,81.0,81.5,81.25,0.0,0.0,1.0
2000.0,Anti-Mars,81.5,82.0,81.75,0.0,0.0,1.0
2000.0,Anti-Mars,82.0,82.5,82.25,0.0,0.0,1.0
2000.0,Anti-Mars,82.5,83.0,82.75,0.0,0.0,1.0
2000.0,Anti-Mars,83.0,83.5,83.25,0.0,0.0,1.0
2000.0,Anti-Mars,83.5,84.0,83.75,0.0,0.0,1.0
2000.0,Anti-Mars,84.0,84.5,84.25,0.0,0.0,1.0
2000.0,Anti-Mars,84.5,85.0,84.75,0.0,0.0,1.0
2000.0,Anti-Mars,85.0,85.5,85.25,0.0,0.0,1.0
2000.0,Anti-Mars,85.5,86.0,85.75,0.0,0.0,1.0
2000.0,Anti-Mars,86.0,86.5,86.25,0.0,0.0,1.0
2000.0,Anti-Mars,86.5,87.0,86.75,0.0,0.0,1.0
2000.0,Anti-Mars,87.0,87.5,87.25,0.0,0.0,1.0
2000.0,Anti-Mars,87.5,88.0,87.75,0.0,0.0,1.0
2000.0,Anti-Mars,88.0,88.5,88.25,0.0,0.0,1.0
2000.0,Anti-Mars,88.5,89.0,88.75,0.0,0.0,1.0
2000.0,Anti-Mars,89.0,89.5,89.25,0.0,0.0,1.0
2000.0,Anti-Mars,89.5,90.0,89.75,0.0,0.0,1.0
